

Microchip MPLAB XC8 Assembler V4.00 build 20260614213421 
                                                                                               Thu Aug 13 17:04:53 2026

Microchip MPLAB XC8 C Compiler v4.00 build 20260614213421 Og1 
     1                           	processor	18F46J50
     2                           	fnconf	rparam,??,?,0
     3                           	pagewidth 120
     4                           	psect	smallconst,global,reloc=2,class=SMALLCONST,space=0,delta=1,noexec
     5                           	psect	cinit,global,reloc=2,class=CODE,space=0,delta=1
     6                           	psect	bssCOMRAM,global,class=COMRAM,space=1,delta=1,lowdata,noexec
     7                           	psect	bssBANK0,global,class=BANK0,space=1,delta=1,lowdata,noexec
     8                           	psect	bssBANK1,global,class=BANK1,space=1,delta=1,lowdata,noexec
     9                           	psect	bssBANK2,global,class=BANK2,space=1,delta=1,lowdata,noexec
    10                           	psect	bssBANK3,global,class=BANK3,space=1,delta=1,lowdata,noexec
    11                           	psect	bssBANK4,global,class=BANK4,space=1,delta=1,lowdata,noexec
    12                           	psect	cstackBANK2,global,class=BANK2,space=1,delta=1,lowdata,noexec
    13                           	psect	cstackBANK1,global,class=BANK1,space=1,delta=1,lowdata,noexec
    14                           	psect	cstackBANK0,global,class=BANK0,space=1,delta=1,lowdata,noexec
    15                           	psect	cstackCOMRAM,global,class=COMRAM,space=1,delta=1,lowdata,noexec
    16                           	psect	text0,global,reloc=2,class=CODE,space=0,delta=1
    17                           	psect	text1,global,reloc=2,class=CODE,space=0,delta=1
    18                           	psect	text2,global,reloc=2,class=CODE,space=0,delta=1
    19                           	psect	text3,global,reloc=2,class=CODE,space=0,delta=1
    20                           	psect	text4,global,reloc=2,class=CODE,space=0,delta=1,group=2
    21                           	psect	text5,global,reloc=2,class=CODE,space=0,delta=1,group=3
    22                           	psect	text6,global,reloc=2,class=CODE,space=0,delta=1,group=1
    23                           	psect	text7,global,reloc=2,class=CODE,space=0,delta=1,group=1
    24                           	psect	text8,global,reloc=2,class=CODE,space=0,delta=1,group=1
    25                           	psect	text9,global,reloc=2,class=CODE,space=0,delta=1,group=1
    26                           	psect	text10,global,reloc=2,class=CODE,space=0,delta=1,group=1
    27                           	psect	text11,global,reloc=2,class=CODE,space=0,delta=1,group=1
    28                           	psect	text12,global,reloc=2,class=CODE,space=0,delta=1,group=3
    29                           	psect	text13,global,reloc=2,class=CODE,space=0,delta=1,group=3
    30                           	psect	text14,global,reloc=2,class=CODE,space=0,delta=1,group=3
    31                           	psect	text15,global,reloc=2,class=CODE,space=0,delta=1,group=3
    32                           	psect	text16,global,reloc=2,class=CODE,space=0,delta=1
    33                           	psect	text17,global,reloc=2,class=CODE,space=0,delta=1
    34                           	psect	text18,global,reloc=2,class=CODE,space=0,delta=1
    35                           	psect	text19,global,reloc=2,class=CODE,space=0,delta=1
    36                           	psect	text20,global,reloc=2,class=CODE,space=0,delta=1
    37                           	psect	text21,global,reloc=2,class=CODE,space=0,delta=1
    38                           	psect	text22,global,reloc=2,class=CODE,space=0,delta=1
    39                           	psect	text23,global,reloc=2,class=CODE,space=0,delta=1,group=2
    40                           	psect	text24,global,reloc=2,class=CODE,space=0,delta=1,group=2
    41                           	psect	text25,global,reloc=2,class=CODE,space=0,delta=1
    42                           	psect	text26,global,reloc=2,class=CODE,space=0,delta=1
    43                           	psect	text27,global,reloc=2,class=CODE,space=0,delta=1
    44                           	psect	text28,global,reloc=2,class=CODE,space=0,delta=1
    45                           	psect	text29,global,reloc=2,class=CODE,space=0,delta=1
    46                           	psect	text30,global,reloc=2,class=CODE,space=0,delta=1,group=3
    47                           	psect	text31,global,reloc=2,class=CODE,space=0,delta=1
    48                           	psect	text32,global,reloc=2,class=CODE,space=0,delta=1
    49                           	psect	text33,global,reloc=2,class=CODE,space=0,delta=1
    50                           	psect	text34,global,reloc=2,class=CODE,space=0,delta=1
    51                           	psect	text35,global,reloc=2,class=CODE,space=0,delta=1
    52                           	psect	text36,global,reloc=2,class=CODE,space=0,delta=1
    53                           	psect	text37,global,reloc=2,class=CODE,space=0,delta=1
    54                           	psect	text38,global,reloc=2,class=CODE,space=0,delta=1
    55                           	psect	text39,global,reloc=2,class=CODE,space=0,delta=1
    56                           	psect	text40,global,reloc=2,class=CODE,space=0,delta=1
    57                           	psect	intcodelo,global,reloc=2,class=CODE,space=0,delta=1
    58                           	psect	text42,global,reloc=2,class=CODE,space=0,delta=1
    59                           	psect	text43,global,reloc=2,class=CODE,space=0,delta=1
    60                           	psect	text44,global,reloc=2,class=CODE,space=0,delta=1
    61                           	psect	text45,global,reloc=2,class=CODE,space=0,delta=1
    62                           	psect	text46,global,reloc=2,class=CODE,space=0,delta=1
    63                           	psect	text47,global,reloc=2,class=CODE,space=0,delta=1
    64                           	psect	text48,global,reloc=2,class=CODE,space=0,delta=1
    65                           	psect	text49,global,reloc=2,class=CODE,space=0,delta=1
    66                           	psect	intcode,global,reloc=2,class=CODE,space=0,delta=1
    67                           	psect	intcode_body,global,reloc=2,class=CODE,space=0,delta=1
    68                           	psect	text51,global,reloc=2,class=CODE,space=0,delta=1
    69                           	psect	text52,global,reloc=2,class=CODE,space=0,delta=1
    70                           	psect	text53,global,reloc=2,class=CODE,space=0,delta=1
    71                           	psect	text54,global,reloc=2,class=CODE,space=0,delta=1
    72                           	psect	text55,global,reloc=2,class=CODE,space=0,delta=1
    73                           	psect	text56,global,reloc=2,class=CODE,space=0,delta=1
    74                           	psect	text57,global,reloc=2,class=CODE,space=0,delta=1
    75                           	psect	text58,global,reloc=2,class=CODE,space=0,delta=1
    76                           	psect	text59,global,reloc=2,class=CODE,space=0,delta=1
    77                           	psect	text60,global,reloc=2,class=CODE,space=0,delta=1
    78                           	psect	text61,global,reloc=2,class=CODE,space=0,delta=1
    79                           	psect	intsave_regs,global,class=BIGRAM,space=1,delta=1,noexec
    80                           	psect	rparam,global,class=COMRAM,space=1,delta=1,noexec
    81                           	psect	config,global,abs,ovrld,class=CONFIG,space=4,delta=1,noexec
    82                           	dabs	1,0x1,1
    83   000000                     
    84                           ; Generated 17/08/2023 GMT
    85                           ; 
    86                           ; Copyright © 2023, Microchip Technology Inc. and its subsidiaries ("Microchip")
    87                           ; All rights reserved.
    88                           ; 
    89                           ; This software is developed by Microchip Technology Inc. and its subsidiaries ("Microch
      +                          ip").
    90                           ; 
    91                           ; Redistribution and use in source and binary forms, with or without modification, are
    92                           ; permitted provided that the following conditions are met:
    93                           ; 
    94                           ;     1. Redistributions of source code must retain the above copyright notice, this lis
      +                          t of
    95                           ;        conditions and the following disclaimer.
    96                           ; 
    97                           ;     2. Redistributions in binary form must reproduce the above copyright notice, this 
      +                          list
    98                           ;        of conditions and the following disclaimer in the documentation and/or other
    99                           ;        materials provided with the distribution. Publication is not required when
   100                           ;        this file is used in an embedded application.
   101                           ; 
   102                           ;     3. Microchip's name may not be used to endorse or promote products derived from th
      +                          is
   103                           ;        software without specific prior written permission.
   104                           ; 
   105                           ; THIS SOFTWARE IS PROVIDED BY MICROCHIP "AS IS" AND ANY EXPRESS OR IMPLIED WARRANTIES,
   106                           ; INCLUDING, BUT NOT LIMITED TO, THE IMPLIED WARRANTIES OF MERCHANTABILITY AND FITNESS F
      +                          OR
   107                           ; PURPOSE ARE DISCLAIMED.  IN NO EVENT SHALL MICROCHIP BE LIABLE FOR ANY DIRECT, INDIREC
      +                          T,
   108                           ; INCIDENTAL, SPECIAL, EXEMPLARY, OR CONSEQUENTIAL DAMAGES (INCLUDING BUT NOT LIMITED TO
   109                           ; PROCUREMENT OF SUBSTITUTE GOODS OR SERVICES; LOSS OF USE, DATA OR PROFITS; OR BUSINESS
   110                           ; INTERRUPTION) HOWSOEVER CAUSED AND ON ANY THEORY OF LIABILITY, WHETHER IN CONTRACT, ST
      +                          RICT
   111                           ; LIABILITY, OR TORT (INCLUDING NEGLIGENCE OR OTHERWISE) ARISING IN ANY WAY OUT OF THE U
      +                          SE OF
   112                           ; THIS SOFTWARE, EVEN IF ADVISED OF THE POSSIBILITY OF SUCH DAMAGE.
   113                           ; 
   114                           ; 
   115                           ; Code-generator required, PIC18F46J50 Definitions
   116                           ; 
   117                           ; SFR Addresses
   118   000FE0                     bsr             equ	4064
   119   000FE9                     fsr0            equ	4073
   120   000FEA                     fsr0h           equ	4074
   121   000FE9                     fsr0l           equ	4073
   122   000FE1                     fsr1            equ	4065
   123   000FE2                     fsr1h           equ	4066
   124   000FE1                     fsr1l           equ	4065
   125   000FD9                     fsr2            equ	4057
   126   000FDA                     fsr2h           equ	4058
   127   000FD9                     fsr2l           equ	4057
   128   000FEF                     indf0           equ	4079
   129   000FE7                     indf1           equ	4071
   130   000FDF                     indf2           equ	4063
   131   000FF2                     intcon          equ	4082
   132   000000                     nvmcon          equ	0
   133   000FF9                     pcl             equ	4089
   134   000FFA                     pclath          equ	4090
   135   000FFB                     pclatu          equ	4091
   136   000FEB                     plusw0          equ	4075
   137   000FE3                     plusw1          equ	4067
   138   000FDB                     plusw2          equ	4059
   139   000FED                     postdec0        equ	4077
   140   000FE5                     postdec1        equ	4069
   141   000FDD                     postdec2        equ	4061
   142   000FEE                     postinc0        equ	4078
   143   000FE6                     postinc1        equ	4070
   144   000FDE                     postinc2        equ	4062
   145   000FEC                     preinc0         equ	4076
   146   000FE4                     preinc1         equ	4068
   147   000FDC                     preinc2         equ	4060
   148   000FF3                     prod            equ	4083
   149   000FF4                     prodh           equ	4084
   150   000FF3                     prodl           equ	4083
   151   000FD8                     status          equ	4056
   152   000FF5                     tablat          equ	4085
   153   000FF6                     tblptr          equ	4086
   154   000FF7                     tblptrh         equ	4087
   155   000FF6                     tblptrl         equ	4086
   156   000FF8                     tblptru         equ	4088
   157   000FFD                     tosl            equ	4093
   158   000FE8                     wreg            equ	4072
   159   000EC6                     RPOR0           equ	3782	;# 
   160   000EC7                     RPOR1           equ	3783	;# 
   161   000EC8                     RPOR2           equ	3784	;# 
   162   000EC9                     RPOR3           equ	3785	;# 
   163   000ECA                     RPOR4           equ	3786	;# 
   164   000ECB                     RPOR5           equ	3787	;# 
   165   000ECC                     RPOR6           equ	3788	;# 
   166   000ECD                     RPOR7           equ	3789	;# 
   167   000ECE                     RPOR8           equ	3790	;# 
   168   000ECF                     RPOR9           equ	3791	;# 
   169   000ED0                     RPOR10          equ	3792	;# 
   170   000ED1                     RPOR11          equ	3793	;# 
   171   000ED2                     RPOR12          equ	3794	;# 
   172   000ED3                     RPOR13          equ	3795	;# 
   173   000ED7                     RPOR17          equ	3799	;# 
   174   000ED8                     RPOR18          equ	3800	;# 
   175   000ED9                     RPOR19          equ	3801	;# 
   176   000EDA                     RPOR20          equ	3802	;# 
   177   000EDB                     RPOR21          equ	3803	;# 
   178   000EDC                     RPOR22          equ	3804	;# 
   179   000EDD                     RPOR23          equ	3805	;# 
   180   000EDE                     RPOR24          equ	3806	;# 
   181   000EE7                     RPINR1          equ	3815	;# 
   182   000EE8                     RPINR2          equ	3816	;# 
   183   000EE9                     RPINR3          equ	3817	;# 
   184   000EEA                     RPINR4          equ	3818	;# 
   185   000EEC                     RPINR6          equ	3820	;# 
   186   000EED                     RPINR7          equ	3821	;# 
   187   000EEE                     RPINR8          equ	3822	;# 
   188   000EF2                     RPINR12         equ	3826	;# 
   189   000EF3                     RPINR13         equ	3827	;# 
   190   000EF6                     RPINR16         equ	3830	;# 
   191   000EF7                     RPINR17         equ	3831	;# 
   192   000EFB                     RPINR21         equ	3835	;# 
   193   000EFC                     RPINR22         equ	3836	;# 
   194   000EFD                     RPINR23         equ	3837	;# 
   195   000EFE                     RPINR24         equ	3838	;# 
   196   000EFF                     PPSCON          equ	3839	;# 
   197   000F26                     UEP0            equ	3878	;# 
   198   000F27                     UEP1            equ	3879	;# 
   199   000F28                     UEP2            equ	3880	;# 
   200   000F29                     UEP3            equ	3881	;# 
   201   000F2A                     UEP4            equ	3882	;# 
   202   000F2B                     UEP5            equ	3883	;# 
   203   000F2C                     UEP6            equ	3884	;# 
   204   000F2D                     UEP7            equ	3885	;# 
   205   000F2E                     UEP8            equ	3886	;# 
   206   000F2F                     UEP9            equ	3887	;# 
   207   000F30                     UEP10           equ	3888	;# 
   208   000F31                     UEP11           equ	3889	;# 
   209   000F32                     UEP12           equ	3890	;# 
   210   000F33                     UEP13           equ	3891	;# 
   211   000F34                     UEP14           equ	3892	;# 
   212   000F35                     UEP15           equ	3893	;# 
   213   000F36                     UIE             equ	3894	;# 
   214   000F37                     UEIE            equ	3895	;# 
   215   000F38                     UADDR           equ	3896	;# 
   216   000F39                     UCFG            equ	3897	;# 
   217   000F3C                     PADCFG1         equ	3900	;# 
   218   000F3D                     REFOCON         equ	3901	;# 
   219   000F3E                     RTCCAL          equ	3902	;# 
   220   000F3F                     RTCCFG          equ	3903	;# 
   221   000F40                     ODCON3          equ	3904	;# 
   222   000F41                     ODCON2          equ	3905	;# 
   223   000F42                     ODCON1          equ	3906	;# 
   224   000F48                     ANCON0          equ	3912	;# 
   225   000F49                     ANCON1          equ	3913	;# 
   226   000F4A                     DSWAKEL         equ	3914	;# 
   227   000F4B                     DSWAKEH         equ	3915	;# 
   228   000F4C                     DSCONL          equ	3916	;# 
   229   000F4D                     DSCONH          equ	3917	;# 
   230   000F4E                     DSGPR0          equ	3918	;# 
   231   000F4F                     DSGPR1          equ	3919	;# 
   232   000F52                     TCLKCON         equ	3922	;# 
   233   000F53                     CVRCON          equ	3923	;# 
   234   000F54                     PMSTATL         equ	3924	;# 
   235   000F55                     PMSTATH         equ	3925	;# 
   236   000F56                     PMEL            equ	3926	;# 
   237   000F57                     PMEH            equ	3927	;# 
   238   000F58                     PMDIN2L         equ	3928	;# 
   239   000F59                     PMDIN2H         equ	3929	;# 
   240   000F5A                     PMDOUT2L        equ	3930	;# 
   241   000F5B                     PMDOUT2H        equ	3931	;# 
   242   000F5C                     PMMODEL         equ	3932	;# 
   243   000F5D                     PMMODEH         equ	3933	;# 
   244   000F5E                     PMCONL          equ	3934	;# 
   245   000F5F                     PMCONH          equ	3935	;# 
   246   000F60                     UFRM            equ	3936	;# 
   247   000F60                     UFRML           equ	3936	;# 
   248   000F61                     UFRMH           equ	3937	;# 
   249   000F62                     UIR             equ	3938	;# 
   250   000F63                     UEIR            equ	3939	;# 
   251   000F64                     USTAT           equ	3940	;# 
   252   000F65                     UCON            equ	3941	;# 
   253   000F66                     DMABCH          equ	3942	;# 
   254   000F67                     DMABCL          equ	3943	;# 
   255   000F68                     RXADDRH         equ	3944	;# 
   256   000F69                     RXADDRL         equ	3945	;# 
   257   000F6A                     TXADDRH         equ	3946	;# 
   258   000F6B                     TXADDRL         equ	3947	;# 
   259   000F6C                     PMDIN1L         equ	3948	;# 
   260   000F6D                     PMDIN1H         equ	3949	;# 
   261   000F6E                     PMADDRL         equ	3950	;# 
   262   000F6E                     PMDOUT1L        equ	3950	;# 
   263   000F6F                     PMADDRH         equ	3951	;# 
   264   000F6F                     PMDOUT1H        equ	3951	;# 
   265   000F70                     CMSTAT          equ	3952	;# 
   266   000F70                     CMSTATUS        equ	3952	;# 
   267   000F71                     SSP2CON2        equ	3953	;# 
   268   000F72                     SSP2CON1        equ	3954	;# 
   269   000F73                     SSP2STAT        equ	3955	;# 
   270   000F74                     SSP2ADD         equ	3956	;# 
   271   000F74                     SSP2MSK         equ	3956	;# 
   272   000F75                     SSP2BUF         equ	3957	;# 
   273   000F76                     T4CON           equ	3958	;# 
   274   000F77                     PR4             equ	3959	;# 
   275   000F78                     TMR4            equ	3960	;# 
   276   000F79                     T3CON           equ	3961	;# 
   277   000F7A                     TMR3            equ	3962	;# 
   278   000F7A                     TMR3L           equ	3962	;# 
   279   000F7B                     TMR3H           equ	3963	;# 
   280   000F7C                     BAUDCON2        equ	3964	;# 
   281   000F7D                     SPBRGH2         equ	3965	;# 
   282   000F7E                     BAUDCON1        equ	3966	;# 
   283   000F7E                     BAUDCON         equ	3966	;# 
   284   000F7E                     BAUDCTL         equ	3966	;# 
   285   000F7F                     SPBRGH1         equ	3967	;# 
   286   000F7F                     SPBRGH          equ	3967	;# 
   287   000F80                     PORTA           equ	3968	;# 
   288   000F81                     PORTB           equ	3969	;# 
   289   000F82                     PORTC           equ	3970	;# 
   290   000F83                     PORTD           equ	3971	;# 
   291   000F84                     PORTE           equ	3972	;# 
   292   000F85                     HLVDCON         equ	3973	;# 
   293   000F86                     DMACON2         equ	3974	;# 
   294   000F88                     DMACON1         equ	3976	;# 
   295   000F89                     LATA            equ	3977	;# 
   296   000F8A                     LATB            equ	3978	;# 
   297   000F8B                     LATC            equ	3979	;# 
   298   000F8C                     LATD            equ	3980	;# 
   299   000F8D                     LATE            equ	3981	;# 
   300   000F8E                     ALRMVALL        equ	3982	;# 
   301   000F8F                     ALRMVALH        equ	3983	;# 
   302   000F90                     ALRMRPT         equ	3984	;# 
   303   000F91                     ALRMCFG         equ	3985	;# 
   304   000F92                     TRISA           equ	3986	;# 
   305   000F93                     TRISB           equ	3987	;# 
   306   000F94                     TRISC           equ	3988	;# 
   307   000F95                     TRISD           equ	3989	;# 
   308   000F96                     TRISE           equ	3990	;# 
   309   000F97                     T3GCON          equ	3991	;# 
   310   000F98                     RTCVALL         equ	3992	;# 
   311   000F99                     RTCVALH         equ	3993	;# 
   312   000F9A                     T1GCON          equ	3994	;# 
   313   000F9B                     OSCTUNE         equ	3995	;# 
   314   000F9C                     RCSTA2          equ	3996	;# 
   315   000F9D                     PIE1            equ	3997	;# 
   316   000F9E                     PIR1            equ	3998	;# 
   317   000F9F                     IPR1            equ	3999	;# 
   318   000FA0                     PIE2            equ	4000	;# 
   319   000FA1                     PIR2            equ	4001	;# 
   320   000FA2                     IPR2            equ	4002	;# 
   321   000FA3                     PIE3            equ	4003	;# 
   322   000FA4                     PIR3            equ	4004	;# 
   323   000FA5                     IPR3            equ	4005	;# 
   324   000FA6                     EECON1          equ	4006	;# 
   325   000FA7                     EECON2          equ	4007	;# 
   326   000FA8                     TXSTA2          equ	4008	;# 
   327   000FA9                     TXREG2          equ	4009	;# 
   328   000FAA                     RCREG2          equ	4010	;# 
   329   000FAB                     SPBRG2          equ	4011	;# 
   330   000FAC                     RCSTA1          equ	4012	;# 
   331   000FAC                     RCSTA           equ	4012	;# 
   332   000FAD                     TXSTA1          equ	4013	;# 
   333   000FAD                     TXSTA           equ	4013	;# 
   334   000FAE                     TXREG1          equ	4014	;# 
   335   000FAE                     TXREG           equ	4014	;# 
   336   000FAF                     RCREG1          equ	4015	;# 
   337   000FAF                     RCREG           equ	4015	;# 
   338   000FB0                     SPBRG1          equ	4016	;# 
   339   000FB0                     SPBRG           equ	4016	;# 
   340   000FB1                     CTMUICON        equ	4017	;# 
   341   000FB2                     CTMUCONL        equ	4018	;# 
   342   000FB3                     CTMUCONH        equ	4019	;# 
   343   000FB4                     CCP2CON         equ	4020	;# 
   344   000FB4                     ECCP2CON        equ	4020	;# 
   345   000FB5                     CCPR2           equ	4021	;# 
   346   000FB5                     CCPR2L          equ	4021	;# 
   347   000FB6                     CCPR2H          equ	4022	;# 
   348   000FB7                     ECCP2DEL        equ	4023	;# 
   349   000FB7                     PWM2CON         equ	4023	;# 
   350   000FB8                     ECCP2AS         equ	4024	;# 
   351   000FB9                     PSTR2CON        equ	4025	;# 
   352   000FBA                     CCP1CON         equ	4026	;# 
   353   000FBA                     ECCP1CON        equ	4026	;# 
   354   000FBB                     CCPR1           equ	4027	;# 
   355   000FBB                     CCPR1L          equ	4027	;# 
   356   000FBC                     CCPR1H          equ	4028	;# 
   357   000FBD                     ECCP1DEL        equ	4029	;# 
   358   000FBD                     PWM1CON         equ	4029	;# 
   359   000FBE                     ECCP1AS         equ	4030	;# 
   360   000FBF                     PSTR1CON        equ	4031	;# 
   361   000FC0                     WDTCON          equ	4032	;# 
   362   000FC1                     ADCON1          equ	4033	;# 
   363   000FC2                     ADCON0          equ	4034	;# 
   364   000FC3                     ADRES           equ	4035	;# 
   365   000FC3                     ADRESL          equ	4035	;# 
   366   000FC4                     ADRESH          equ	4036	;# 
   367   000FC5                     SSP1CON2        equ	4037	;# 
   368   000FC5                     SSPCON2         equ	4037	;# 
   369   000FC6                     SSP1CON1        equ	4038	;# 
   370   000FC6                     SSPCON1         equ	4038	;# 
   371   000FC7                     SSP1STAT        equ	4039	;# 
   372   000FC7                     SSPSTAT         equ	4039	;# 
   373   000FC8                     SSP1ADD         equ	4040	;# 
   374   000FC8                     SSPADD          equ	4040	;# 
   375   000FC8                     SSP1MSK         equ	4040	;# 
   376   000FC9                     SSP1BUF         equ	4041	;# 
   377   000FC9                     SSPBUF          equ	4041	;# 
   378   000FCA                     T2CON           equ	4042	;# 
   379   000FCB                     PR2             equ	4043	;# 
   380   000FCB                     MEMCON          equ	4043	;# 
   381   000FCC                     TMR2            equ	4044	;# 
   382   000FCD                     T1CON           equ	4045	;# 
   383   000FCE                     TMR1            equ	4046	;# 
   384   000FCE                     TMR1L           equ	4046	;# 
   385   000FCF                     TMR1H           equ	4047	;# 
   386   000FD0                     RCON            equ	4048	;# 
   387   000FD1                     CM2CON          equ	4049	;# 
   388   000FD1                     CM2CON1         equ	4049	;# 
   389   000FD2                     CM1CON          equ	4050	;# 
   390   000FD2                     CM1CON1         equ	4050	;# 
   391   000FD3                     OSCCON          equ	4051	;# 
   392   000FD5                     T0CON           equ	4053	;# 
   393   000FD6                     TMR0            equ	4054	;# 
   394   000FD6                     TMR0L           equ	4054	;# 
   395   000FD7                     TMR0H           equ	4055	;# 
   396   000FD8                     STATUS          equ	4056	;# 
   397   000FD9                     FSR2            equ	4057	;# 
   398   000FD9                     FSR2L           equ	4057	;# 
   399   000FDA                     FSR2H           equ	4058	;# 
   400   000FDB                     PLUSW2          equ	4059	;# 
   401   000FDC                     PREINC2         equ	4060	;# 
   402   000FDD                     POSTDEC2        equ	4061	;# 
   403   000FDE                     POSTINC2        equ	4062	;# 
   404   000FDF                     INDF2           equ	4063	;# 
   405   000FE0                     BSR             equ	4064	;# 
   406   000FE1                     FSR1            equ	4065	;# 
   407   000FE1                     FSR1L           equ	4065	;# 
   408   000FE2                     FSR1H           equ	4066	;# 
   409   000FE3                     PLUSW1          equ	4067	;# 
   410   000FE4                     PREINC1         equ	4068	;# 
   411   000FE5                     POSTDEC1        equ	4069	;# 
   412   000FE6                     POSTINC1        equ	4070	;# 
   413   000FE7                     INDF1           equ	4071	;# 
   414   000FE8                     WREG            equ	4072	;# 
   415   000FE9                     FSR0            equ	4073	;# 
   416   000FE9                     FSR0L           equ	4073	;# 
   417   000FEA                     FSR0H           equ	4074	;# 
   418   000FEB                     PLUSW0          equ	4075	;# 
   419   000FEC                     PREINC0         equ	4076	;# 
   420   000FED                     POSTDEC0        equ	4077	;# 
   421   000FEE                     POSTINC0        equ	4078	;# 
   422   000FEF                     INDF0           equ	4079	;# 
   423   000FF0                     INTCON3         equ	4080	;# 
   424   000FF1                     INTCON2         equ	4081	;# 
   425   000FF2                     INTCON          equ	4082	;# 
   426   000FF3                     PROD            equ	4083	;# 
   427   000FF3                     PRODL           equ	4083	;# 
   428   000FF4                     PRODH           equ	4084	;# 
   429   000FF5                     TABLAT          equ	4085	;# 
   430   000FF6                     TBLPTR          equ	4086	;# 
   431   000FF6                     TBLPTRL         equ	4086	;# 
   432   000FF7                     TBLPTRH         equ	4087	;# 
   433   000FF8                     TBLPTRU         equ	4088	;# 
   434   000FF9                     PCLAT           equ	4089	;# 
   435   000FF9                     PC              equ	4089	;# 
   436   000FF9                     PCL             equ	4089	;# 
   437   000FFA                     PCLATH          equ	4090	;# 
   438   000FFB                     PCLATU          equ	4091	;# 
   439   000FFC                     STKPTR          equ	4092	;# 
   440   000FFD                     TOS             equ	4093	;# 
   441   000FFD                     TOSL            equ	4093	;# 
   442   000FFE                     TOSH            equ	4094	;# 
   443   000FFF                     TOSU            equ	4095	;# 
   444   000EC6                     RPOR0           equ	3782	;# 
   445   000EC7                     RPOR1           equ	3783	;# 
   446   000EC8                     RPOR2           equ	3784	;# 
   447   000EC9                     RPOR3           equ	3785	;# 
   448   000ECA                     RPOR4           equ	3786	;# 
   449   000ECB                     RPOR5           equ	3787	;# 
   450   000ECC                     RPOR6           equ	3788	;# 
   451   000ECD                     RPOR7           equ	3789	;# 
   452   000ECE                     RPOR8           equ	3790	;# 
   453   000ECF                     RPOR9           equ	3791	;# 
   454   000ED0                     RPOR10          equ	3792	;# 
   455   000ED1                     RPOR11          equ	3793	;# 
   456   000ED2                     RPOR12          equ	3794	;# 
   457   000ED3                     RPOR13          equ	3795	;# 
   458   000ED7                     RPOR17          equ	3799	;# 
   459   000ED8                     RPOR18          equ	3800	;# 
   460   000ED9                     RPOR19          equ	3801	;# 
   461   000EDA                     RPOR20          equ	3802	;# 
   462   000EDB                     RPOR21          equ	3803	;# 
   463   000EDC                     RPOR22          equ	3804	;# 
   464   000EDD                     RPOR23          equ	3805	;# 
   465   000EDE                     RPOR24          equ	3806	;# 
   466   000EE7                     RPINR1          equ	3815	;# 
   467   000EE8                     RPINR2          equ	3816	;# 
   468   000EE9                     RPINR3          equ	3817	;# 
   469   000EEA                     RPINR4          equ	3818	;# 
   470   000EEC                     RPINR6          equ	3820	;# 
   471   000EED                     RPINR7          equ	3821	;# 
   472   000EEE                     RPINR8          equ	3822	;# 
   473   000EF2                     RPINR12         equ	3826	;# 
   474   000EF3                     RPINR13         equ	3827	;# 
   475   000EF6                     RPINR16         equ	3830	;# 
   476   000EF7                     RPINR17         equ	3831	;# 
   477   000EFB                     RPINR21         equ	3835	;# 
   478   000EFC                     RPINR22         equ	3836	;# 
   479   000EFD                     RPINR23         equ	3837	;# 
   480   000EFE                     RPINR24         equ	3838	;# 
   481   000EFF                     PPSCON          equ	3839	;# 
   482   000F26                     UEP0            equ	3878	;# 
   483   000F27                     UEP1            equ	3879	;# 
   484   000F28                     UEP2            equ	3880	;# 
   485   000F29                     UEP3            equ	3881	;# 
   486   000F2A                     UEP4            equ	3882	;# 
   487   000F2B                     UEP5            equ	3883	;# 
   488   000F2C                     UEP6            equ	3884	;# 
   489   000F2D                     UEP7            equ	3885	;# 
   490   000F2E                     UEP8            equ	3886	;# 
   491   000F2F                     UEP9            equ	3887	;# 
   492   000F30                     UEP10           equ	3888	;# 
   493   000F31                     UEP11           equ	3889	;# 
   494   000F32                     UEP12           equ	3890	;# 
   495   000F33                     UEP13           equ	3891	;# 
   496   000F34                     UEP14           equ	3892	;# 
   497   000F35                     UEP15           equ	3893	;# 
   498   000F36                     UIE             equ	3894	;# 
   499   000F37                     UEIE            equ	3895	;# 
   500   000F38                     UADDR           equ	3896	;# 
   501   000F39                     UCFG            equ	3897	;# 
   502   000F3C                     PADCFG1         equ	3900	;# 
   503   000F3D                     REFOCON         equ	3901	;# 
   504   000F3E                     RTCCAL          equ	3902	;# 
   505   000F3F                     RTCCFG          equ	3903	;# 
   506   000F40                     ODCON3          equ	3904	;# 
   507   000F41                     ODCON2          equ	3905	;# 
   508   000F42                     ODCON1          equ	3906	;# 
   509   000F48                     ANCON0          equ	3912	;# 
   510   000F49                     ANCON1          equ	3913	;# 
   511   000F4A                     DSWAKEL         equ	3914	;# 
   512   000F4B                     DSWAKEH         equ	3915	;# 
   513   000F4C                     DSCONL          equ	3916	;# 
   514   000F4D                     DSCONH          equ	3917	;# 
   515   000F4E                     DSGPR0          equ	3918	;# 
   516   000F4F                     DSGPR1          equ	3919	;# 
   517   000F52                     TCLKCON         equ	3922	;# 
   518   000F53                     CVRCON          equ	3923	;# 
   519   000F54                     PMSTATL         equ	3924	;# 
   520   000F55                     PMSTATH         equ	3925	;# 
   521   000F56                     PMEL            equ	3926	;# 
   522   000F57                     PMEH            equ	3927	;# 
   523   000F58                     PMDIN2L         equ	3928	;# 
   524   000F59                     PMDIN2H         equ	3929	;# 
   525   000F5A                     PMDOUT2L        equ	3930	;# 
   526   000F5B                     PMDOUT2H        equ	3931	;# 
   527   000F5C                     PMMODEL         equ	3932	;# 
   528   000F5D                     PMMODEH         equ	3933	;# 
   529   000F5E                     PMCONL          equ	3934	;# 
   530   000F5F                     PMCONH          equ	3935	;# 
   531   000F60                     UFRM            equ	3936	;# 
   532   000F60                     UFRML           equ	3936	;# 
   533   000F61                     UFRMH           equ	3937	;# 
   534   000F62                     UIR             equ	3938	;# 
   535   000F63                     UEIR            equ	3939	;# 
   536   000F64                     USTAT           equ	3940	;# 
   537   000F65                     UCON            equ	3941	;# 
   538   000F66                     DMABCH          equ	3942	;# 
   539   000F67                     DMABCL          equ	3943	;# 
   540   000F68                     RXADDRH         equ	3944	;# 
   541   000F69                     RXADDRL         equ	3945	;# 
   542   000F6A                     TXADDRH         equ	3946	;# 
   543   000F6B                     TXADDRL         equ	3947	;# 
   544   000F6C                     PMDIN1L         equ	3948	;# 
   545   000F6D                     PMDIN1H         equ	3949	;# 
   546   000F6E                     PMADDRL         equ	3950	;# 
   547   000F6E                     PMDOUT1L        equ	3950	;# 
   548   000F6F                     PMADDRH         equ	3951	;# 
   549   000F6F                     PMDOUT1H        equ	3951	;# 
   550   000F70                     CMSTAT          equ	3952	;# 
   551   000F70                     CMSTATUS        equ	3952	;# 
   552   000F71                     SSP2CON2        equ	3953	;# 
   553   000F72                     SSP2CON1        equ	3954	;# 
   554   000F73                     SSP2STAT        equ	3955	;# 
   555   000F74                     SSP2ADD         equ	3956	;# 
   556   000F74                     SSP2MSK         equ	3956	;# 
   557   000F75                     SSP2BUF         equ	3957	;# 
   558   000F76                     T4CON           equ	3958	;# 
   559   000F77                     PR4             equ	3959	;# 
   560   000F78                     TMR4            equ	3960	;# 
   561   000F79                     T3CON           equ	3961	;# 
   562   000F7A                     TMR3            equ	3962	;# 
   563   000F7A                     TMR3L           equ	3962	;# 
   564   000F7B                     TMR3H           equ	3963	;# 
   565   000F7C                     BAUDCON2        equ	3964	;# 
   566   000F7D                     SPBRGH2         equ	3965	;# 
   567   000F7E                     BAUDCON1        equ	3966	;# 
   568   000F7E                     BAUDCON         equ	3966	;# 
   569   000F7E                     BAUDCTL         equ	3966	;# 
   570   000F7F                     SPBRGH1         equ	3967	;# 
   571   000F7F                     SPBRGH          equ	3967	;# 
   572   000F80                     PORTA           equ	3968	;# 
   573   000F81                     PORTB           equ	3969	;# 
   574   000F82                     PORTC           equ	3970	;# 
   575   000F83                     PORTD           equ	3971	;# 
   576   000F84                     PORTE           equ	3972	;# 
   577   000F85                     HLVDCON         equ	3973	;# 
   578   000F86                     DMACON2         equ	3974	;# 
   579   000F88                     DMACON1         equ	3976	;# 
   580   000F89                     LATA            equ	3977	;# 
   581   000F8A                     LATB            equ	3978	;# 
   582   000F8B                     LATC            equ	3979	;# 
   583   000F8C                     LATD            equ	3980	;# 
   584   000F8D                     LATE            equ	3981	;# 
   585   000F8E                     ALRMVALL        equ	3982	;# 
   586   000F8F                     ALRMVALH        equ	3983	;# 
   587   000F90                     ALRMRPT         equ	3984	;# 
   588   000F91                     ALRMCFG         equ	3985	;# 
   589   000F92                     TRISA           equ	3986	;# 
   590   000F93                     TRISB           equ	3987	;# 
   591   000F94                     TRISC           equ	3988	;# 
   592   000F95                     TRISD           equ	3989	;# 
   593   000F96                     TRISE           equ	3990	;# 
   594   000F97                     T3GCON          equ	3991	;# 
   595   000F98                     RTCVALL         equ	3992	;# 
   596   000F99                     RTCVALH         equ	3993	;# 
   597   000F9A                     T1GCON          equ	3994	;# 
   598   000F9B                     OSCTUNE         equ	3995	;# 
   599   000F9C                     RCSTA2          equ	3996	;# 
   600   000F9D                     PIE1            equ	3997	;# 
   601   000F9E                     PIR1            equ	3998	;# 
   602   000F9F                     IPR1            equ	3999	;# 
   603   000FA0                     PIE2            equ	4000	;# 
   604   000FA1                     PIR2            equ	4001	;# 
   605   000FA2                     IPR2            equ	4002	;# 
   606   000FA3                     PIE3            equ	4003	;# 
   607   000FA4                     PIR3            equ	4004	;# 
   608   000FA5                     IPR3            equ	4005	;# 
   609   000FA6                     EECON1          equ	4006	;# 
   610   000FA7                     EECON2          equ	4007	;# 
   611   000FA8                     TXSTA2          equ	4008	;# 
   612   000FA9                     TXREG2          equ	4009	;# 
   613   000FAA                     RCREG2          equ	4010	;# 
   614   000FAB                     SPBRG2          equ	4011	;# 
   615   000FAC                     RCSTA1          equ	4012	;# 
   616   000FAC                     RCSTA           equ	4012	;# 
   617   000FAD                     TXSTA1          equ	4013	;# 
   618   000FAD                     TXSTA           equ	4013	;# 
   619   000FAE                     TXREG1          equ	4014	;# 
   620   000FAE                     TXREG           equ	4014	;# 
   621   000FAF                     RCREG1          equ	4015	;# 
   622   000FAF                     RCREG           equ	4015	;# 
   623   000FB0                     SPBRG1          equ	4016	;# 
   624   000FB0                     SPBRG           equ	4016	;# 
   625   000FB1                     CTMUICON        equ	4017	;# 
   626   000FB2                     CTMUCONL        equ	4018	;# 
   627   000FB3                     CTMUCONH        equ	4019	;# 
   628   000FB4                     CCP2CON         equ	4020	;# 
   629   000FB4                     ECCP2CON        equ	4020	;# 
   630   000FB5                     CCPR2           equ	4021	;# 
   631   000FB5                     CCPR2L          equ	4021	;# 
   632   000FB6                     CCPR2H          equ	4022	;# 
   633   000FB7                     ECCP2DEL        equ	4023	;# 
   634   000FB7                     PWM2CON         equ	4023	;# 
   635   000FB8                     ECCP2AS         equ	4024	;# 
   636   000FB9                     PSTR2CON        equ	4025	;# 
   637   000FBA                     CCP1CON         equ	4026	;# 
   638   000FBA                     ECCP1CON        equ	4026	;# 
   639   000FBB                     CCPR1           equ	4027	;# 
   640   000FBB                     CCPR1L          equ	4027	;# 
   641   000FBC                     CCPR1H          equ	4028	;# 
   642   000FBD                     ECCP1DEL        equ	4029	;# 
   643   000FBD                     PWM1CON         equ	4029	;# 
   644   000FBE                     ECCP1AS         equ	4030	;# 
   645   000FBF                     PSTR1CON        equ	4031	;# 
   646   000FC0                     WDTCON          equ	4032	;# 
   647   000FC1                     ADCON1          equ	4033	;# 
   648   000FC2                     ADCON0          equ	4034	;# 
   649   000FC3                     ADRES           equ	4035	;# 
   650   000FC3                     ADRESL          equ	4035	;# 
   651   000FC4                     ADRESH          equ	4036	;# 
   652   000FC5                     SSP1CON2        equ	4037	;# 
   653   000FC5                     SSPCON2         equ	4037	;# 
   654   000FC6                     SSP1CON1        equ	4038	;# 
   655   000FC6                     SSPCON1         equ	4038	;# 
   656   000FC7                     SSP1STAT        equ	4039	;# 
   657   000FC7                     SSPSTAT         equ	4039	;# 
   658   000FC8                     SSP1ADD         equ	4040	;# 
   659   000FC8                     SSPADD          equ	4040	;# 
   660   000FC8                     SSP1MSK         equ	4040	;# 
   661   000FC9                     SSP1BUF         equ	4041	;# 
   662   000FC9                     SSPBUF          equ	4041	;# 
   663   000FCA                     T2CON           equ	4042	;# 
   664   000FCB                     PR2             equ	4043	;# 
   665   000FCB                     MEMCON          equ	4043	;# 
   666   000FCC                     TMR2            equ	4044	;# 
   667   000FCD                     T1CON           equ	4045	;# 
   668   000FCE                     TMR1            equ	4046	;# 
   669   000FCE                     TMR1L           equ	4046	;# 
   670   000FCF                     TMR1H           equ	4047	;# 
   671   000FD0                     RCON            equ	4048	;# 
   672   000FD1                     CM2CON          equ	4049	;# 
   673   000FD1                     CM2CON1         equ	4049	;# 
   674   000FD2                     CM1CON          equ	4050	;# 
   675   000FD2                     CM1CON1         equ	4050	;# 
   676   000FD3                     OSCCON          equ	4051	;# 
   677   000FD5                     T0CON           equ	4053	;# 
   678   000FD6                     TMR0            equ	4054	;# 
   679   000FD6                     TMR0L           equ	4054	;# 
   680   000FD7                     TMR0H           equ	4055	;# 
   681   000FD8                     STATUS          equ	4056	;# 
   682   000FD9                     FSR2            equ	4057	;# 
   683   000FD9                     FSR2L           equ	4057	;# 
   684   000FDA                     FSR2H           equ	4058	;# 
   685   000FDB                     PLUSW2          equ	4059	;# 
   686   000FDC                     PREINC2         equ	4060	;# 
   687   000FDD                     POSTDEC2        equ	4061	;# 
   688   000FDE                     POSTINC2        equ	4062	;# 
   689   000FDF                     INDF2           equ	4063	;# 
   690   000FE0                     BSR             equ	4064	;# 
   691   000FE1                     FSR1            equ	4065	;# 
   692   000FE1                     FSR1L           equ	4065	;# 
   693   000FE2                     FSR1H           equ	4066	;# 
   694   000FE3                     PLUSW1          equ	4067	;# 
   695   000FE4                     PREINC1         equ	4068	;# 
   696   000FE5                     POSTDEC1        equ	4069	;# 
   697   000FE6                     POSTINC1        equ	4070	;# 
   698   000FE7                     INDF1           equ	4071	;# 
   699   000FE8                     WREG            equ	4072	;# 
   700   000FE9                     FSR0            equ	4073	;# 
   701   000FE9                     FSR0L           equ	4073	;# 
   702   000FEA                     FSR0H           equ	4074	;# 
   703   000FEB                     PLUSW0          equ	4075	;# 
   704   000FEC                     PREINC0         equ	4076	;# 
   705   000FED                     POSTDEC0        equ	4077	;# 
   706   000FEE                     POSTINC0        equ	4078	;# 
   707   000FEF                     INDF0           equ	4079	;# 
   708   000FF0                     INTCON3         equ	4080	;# 
   709   000FF1                     INTCON2         equ	4081	;# 
   710   000FF2                     INTCON          equ	4082	;# 
   711   000FF3                     PROD            equ	4083	;# 
   712   000FF3                     PRODL           equ	4083	;# 
   713   000FF4                     PRODH           equ	4084	;# 
   714   000FF5                     TABLAT          equ	4085	;# 
   715   000FF6                     TBLPTR          equ	4086	;# 
   716   000FF6                     TBLPTRL         equ	4086	;# 
   717   000FF7                     TBLPTRH         equ	4087	;# 
   718   000FF8                     TBLPTRU         equ	4088	;# 
   719   000FF9                     PCLAT           equ	4089	;# 
   720   000FF9                     PC              equ	4089	;# 
   721   000FF9                     PCL             equ	4089	;# 
   722   000FFA                     PCLATH          equ	4090	;# 
   723   000FFB                     PCLATU          equ	4091	;# 
   724   000FFC                     STKPTR          equ	4092	;# 
   725   000FFD                     TOS             equ	4093	;# 
   726   000FFD                     TOSL            equ	4093	;# 
   727   000FFE                     TOSH            equ	4094	;# 
   728   000FFF                     TOSU            equ	4095	;# 
   729   000EC6                     RPOR0           equ	3782	;# 
   730   000EC7                     RPOR1           equ	3783	;# 
   731   000EC8                     RPOR2           equ	3784	;# 
   732   000EC9                     RPOR3           equ	3785	;# 
   733   000ECA                     RPOR4           equ	3786	;# 
   734   000ECB                     RPOR5           equ	3787	;# 
   735   000ECC                     RPOR6           equ	3788	;# 
   736   000ECD                     RPOR7           equ	3789	;# 
   737   000ECE                     RPOR8           equ	3790	;# 
   738   000ECF                     RPOR9           equ	3791	;# 
   739   000ED0                     RPOR10          equ	3792	;# 
   740   000ED1                     RPOR11          equ	3793	;# 
   741   000ED2                     RPOR12          equ	3794	;# 
   742   000ED3                     RPOR13          equ	3795	;# 
   743   000ED7                     RPOR17          equ	3799	;# 
   744   000ED8                     RPOR18          equ	3800	;# 
   745   000ED9                     RPOR19          equ	3801	;# 
   746   000EDA                     RPOR20          equ	3802	;# 
   747   000EDB                     RPOR21          equ	3803	;# 
   748   000EDC                     RPOR22          equ	3804	;# 
   749   000EDD                     RPOR23          equ	3805	;# 
   750   000EDE                     RPOR24          equ	3806	;# 
   751   000EE7                     RPINR1          equ	3815	;# 
   752   000EE8                     RPINR2          equ	3816	;# 
   753   000EE9                     RPINR3          equ	3817	;# 
   754   000EEA                     RPINR4          equ	3818	;# 
   755   000EEC                     RPINR6          equ	3820	;# 
   756   000EED                     RPINR7          equ	3821	;# 
   757   000EEE                     RPINR8          equ	3822	;# 
   758   000EF2                     RPINR12         equ	3826	;# 
   759   000EF3                     RPINR13         equ	3827	;# 
   760   000EF6                     RPINR16         equ	3830	;# 
   761   000EF7                     RPINR17         equ	3831	;# 
   762   000EFB                     RPINR21         equ	3835	;# 
   763   000EFC                     RPINR22         equ	3836	;# 
   764   000EFD                     RPINR23         equ	3837	;# 
   765   000EFE                     RPINR24         equ	3838	;# 
   766   000EFF                     PPSCON          equ	3839	;# 
   767   000F26                     UEP0            equ	3878	;# 
   768   000F27                     UEP1            equ	3879	;# 
   769   000F28                     UEP2            equ	3880	;# 
   770   000F29                     UEP3            equ	3881	;# 
   771   000F2A                     UEP4            equ	3882	;# 
   772   000F2B                     UEP5            equ	3883	;# 
   773   000F2C                     UEP6            equ	3884	;# 
   774   000F2D                     UEP7            equ	3885	;# 
   775   000F2E                     UEP8            equ	3886	;# 
   776   000F2F                     UEP9            equ	3887	;# 
   777   000F30                     UEP10           equ	3888	;# 
   778   000F31                     UEP11           equ	3889	;# 
   779   000F32                     UEP12           equ	3890	;# 
   780   000F33                     UEP13           equ	3891	;# 
   781   000F34                     UEP14           equ	3892	;# 
   782   000F35                     UEP15           equ	3893	;# 
   783   000F36                     UIE             equ	3894	;# 
   784   000F37                     UEIE            equ	3895	;# 
   785   000F38                     UADDR           equ	3896	;# 
   786   000F39                     UCFG            equ	3897	;# 
   787   000F3C                     PADCFG1         equ	3900	;# 
   788   000F3D                     REFOCON         equ	3901	;# 
   789   000F3E                     RTCCAL          equ	3902	;# 
   790   000F3F                     RTCCFG          equ	3903	;# 
   791   000F40                     ODCON3          equ	3904	;# 
   792   000F41                     ODCON2          equ	3905	;# 
   793   000F42                     ODCON1          equ	3906	;# 
   794   000F48                     ANCON0          equ	3912	;# 
   795   000F49                     ANCON1          equ	3913	;# 
   796   000F4A                     DSWAKEL         equ	3914	;# 
   797   000F4B                     DSWAKEH         equ	3915	;# 
   798   000F4C                     DSCONL          equ	3916	;# 
   799   000F4D                     DSCONH          equ	3917	;# 
   800   000F4E                     DSGPR0          equ	3918	;# 
   801   000F4F                     DSGPR1          equ	3919	;# 
   802   000F52                     TCLKCON         equ	3922	;# 
   803   000F53                     CVRCON          equ	3923	;# 
   804   000F54                     PMSTATL         equ	3924	;# 
   805   000F55                     PMSTATH         equ	3925	;# 
   806   000F56                     PMEL            equ	3926	;# 
   807   000F57                     PMEH            equ	3927	;# 
   808   000F58                     PMDIN2L         equ	3928	;# 
   809   000F59                     PMDIN2H         equ	3929	;# 
   810   000F5A                     PMDOUT2L        equ	3930	;# 
   811   000F5B                     PMDOUT2H        equ	3931	;# 
   812   000F5C                     PMMODEL         equ	3932	;# 
   813   000F5D                     PMMODEH         equ	3933	;# 
   814   000F5E                     PMCONL          equ	3934	;# 
   815   000F5F                     PMCONH          equ	3935	;# 
   816   000F60                     UFRM            equ	3936	;# 
   817   000F60                     UFRML           equ	3936	;# 
   818   000F61                     UFRMH           equ	3937	;# 
   819   000F62                     UIR             equ	3938	;# 
   820   000F63                     UEIR            equ	3939	;# 
   821   000F64                     USTAT           equ	3940	;# 
   822   000F65                     UCON            equ	3941	;# 
   823   000F66                     DMABCH          equ	3942	;# 
   824   000F67                     DMABCL          equ	3943	;# 
   825   000F68                     RXADDRH         equ	3944	;# 
   826   000F69                     RXADDRL         equ	3945	;# 
   827   000F6A                     TXADDRH         equ	3946	;# 
   828   000F6B                     TXADDRL         equ	3947	;# 
   829   000F6C                     PMDIN1L         equ	3948	;# 
   830   000F6D                     PMDIN1H         equ	3949	;# 
   831   000F6E                     PMADDRL         equ	3950	;# 
   832   000F6E                     PMDOUT1L        equ	3950	;# 
   833   000F6F                     PMADDRH         equ	3951	;# 
   834   000F6F                     PMDOUT1H        equ	3951	;# 
   835   000F70                     CMSTAT          equ	3952	;# 
   836   000F70                     CMSTATUS        equ	3952	;# 
   837   000F71                     SSP2CON2        equ	3953	;# 
   838   000F72                     SSP2CON1        equ	3954	;# 
   839   000F73                     SSP2STAT        equ	3955	;# 
   840   000F74                     SSP2ADD         equ	3956	;# 
   841   000F74                     SSP2MSK         equ	3956	;# 
   842   000F75                     SSP2BUF         equ	3957	;# 
   843   000F76                     T4CON           equ	3958	;# 
   844   000F77                     PR4             equ	3959	;# 
   845   000F78                     TMR4            equ	3960	;# 
   846   000F79                     T3CON           equ	3961	;# 
   847   000F7A                     TMR3            equ	3962	;# 
   848   000F7A                     TMR3L           equ	3962	;# 
   849   000F7B                     TMR3H           equ	3963	;# 
   850   000F7C                     BAUDCON2        equ	3964	;# 
   851   000F7D                     SPBRGH2         equ	3965	;# 
   852   000F7E                     BAUDCON1        equ	3966	;# 
   853   000F7E                     BAUDCON         equ	3966	;# 
   854   000F7E                     BAUDCTL         equ	3966	;# 
   855   000F7F                     SPBRGH1         equ	3967	;# 
   856   000F7F                     SPBRGH          equ	3967	;# 
   857   000F80                     PORTA           equ	3968	;# 
   858   000F81                     PORTB           equ	3969	;# 
   859   000F82                     PORTC           equ	3970	;# 
   860   000F83                     PORTD           equ	3971	;# 
   861   000F84                     PORTE           equ	3972	;# 
   862   000F85                     HLVDCON         equ	3973	;# 
   863   000F86                     DMACON2         equ	3974	;# 
   864   000F88                     DMACON1         equ	3976	;# 
   865   000F89                     LATA            equ	3977	;# 
   866   000F8A                     LATB            equ	3978	;# 
   867   000F8B                     LATC            equ	3979	;# 
   868   000F8C                     LATD            equ	3980	;# 
   869   000F8D                     LATE            equ	3981	;# 
   870   000F8E                     ALRMVALL        equ	3982	;# 
   871   000F8F                     ALRMVALH        equ	3983	;# 
   872   000F90                     ALRMRPT         equ	3984	;# 
   873   000F91                     ALRMCFG         equ	3985	;# 
   874   000F92                     TRISA           equ	3986	;# 
   875   000F93                     TRISB           equ	3987	;# 
   876   000F94                     TRISC           equ	3988	;# 
   877   000F95                     TRISD           equ	3989	;# 
   878   000F96                     TRISE           equ	3990	;# 
   879   000F97                     T3GCON          equ	3991	;# 
   880   000F98                     RTCVALL         equ	3992	;# 
   881   000F99                     RTCVALH         equ	3993	;# 
   882   000F9A                     T1GCON          equ	3994	;# 
   883   000F9B                     OSCTUNE         equ	3995	;# 
   884   000F9C                     RCSTA2          equ	3996	;# 
   885   000F9D                     PIE1            equ	3997	;# 
   886   000F9E                     PIR1            equ	3998	;# 
   887   000F9F                     IPR1            equ	3999	;# 
   888   000FA0                     PIE2            equ	4000	;# 
   889   000FA1                     PIR2            equ	4001	;# 
   890   000FA2                     IPR2            equ	4002	;# 
   891   000FA3                     PIE3            equ	4003	;# 
   892   000FA4                     PIR3            equ	4004	;# 
   893   000FA5                     IPR3            equ	4005	;# 
   894   000FA6                     EECON1          equ	4006	;# 
   895   000FA7                     EECON2          equ	4007	;# 
   896   000FA8                     TXSTA2          equ	4008	;# 
   897   000FA9                     TXREG2          equ	4009	;# 
   898   000FAA                     RCREG2          equ	4010	;# 
   899   000FAB                     SPBRG2          equ	4011	;# 
   900   000FAC                     RCSTA1          equ	4012	;# 
   901   000FAC                     RCSTA           equ	4012	;# 
   902   000FAD                     TXSTA1          equ	4013	;# 
   903   000FAD                     TXSTA           equ	4013	;# 
   904   000FAE                     TXREG1          equ	4014	;# 
   905   000FAE                     TXREG           equ	4014	;# 
   906   000FAF                     RCREG1          equ	4015	;# 
   907   000FAF                     RCREG           equ	4015	;# 
   908   000FB0                     SPBRG1          equ	4016	;# 
   909   000FB0                     SPBRG           equ	4016	;# 
   910   000FB1                     CTMUICON        equ	4017	;# 
   911   000FB2                     CTMUCONL        equ	4018	;# 
   912   000FB3                     CTMUCONH        equ	4019	;# 
   913   000FB4                     CCP2CON         equ	4020	;# 
   914   000FB4                     ECCP2CON        equ	4020	;# 
   915   000FB5                     CCPR2           equ	4021	;# 
   916   000FB5                     CCPR2L          equ	4021	;# 
   917   000FB6                     CCPR2H          equ	4022	;# 
   918   000FB7                     ECCP2DEL        equ	4023	;# 
   919   000FB7                     PWM2CON         equ	4023	;# 
   920   000FB8                     ECCP2AS         equ	4024	;# 
   921   000FB9                     PSTR2CON        equ	4025	;# 
   922   000FBA                     CCP1CON         equ	4026	;# 
   923   000FBA                     ECCP1CON        equ	4026	;# 
   924   000FBB                     CCPR1           equ	4027	;# 
   925   000FBB                     CCPR1L          equ	4027	;# 
   926   000FBC                     CCPR1H          equ	4028	;# 
   927   000FBD                     ECCP1DEL        equ	4029	;# 
   928   000FBD                     PWM1CON         equ	4029	;# 
   929   000FBE                     ECCP1AS         equ	4030	;# 
   930   000FBF                     PSTR1CON        equ	4031	;# 
   931   000FC0                     WDTCON          equ	4032	;# 
   932   000FC1                     ADCON1          equ	4033	;# 
   933   000FC2                     ADCON0          equ	4034	;# 
   934   000FC3                     ADRES           equ	4035	;# 
   935   000FC3                     ADRESL          equ	4035	;# 
   936   000FC4                     ADRESH          equ	4036	;# 
   937   000FC5                     SSP1CON2        equ	4037	;# 
   938   000FC5                     SSPCON2         equ	4037	;# 
   939   000FC6                     SSP1CON1        equ	4038	;# 
   940   000FC6                     SSPCON1         equ	4038	;# 
   941   000FC7                     SSP1STAT        equ	4039	;# 
   942   000FC7                     SSPSTAT         equ	4039	;# 
   943   000FC8                     SSP1ADD         equ	4040	;# 
   944   000FC8                     SSPADD          equ	4040	;# 
   945   000FC8                     SSP1MSK         equ	4040	;# 
   946   000FC9                     SSP1BUF         equ	4041	;# 
   947   000FC9                     SSPBUF          equ	4041	;# 
   948   000FCA                     T2CON           equ	4042	;# 
   949   000FCB                     PR2             equ	4043	;# 
   950   000FCB                     MEMCON          equ	4043	;# 
   951   000FCC                     TMR2            equ	4044	;# 
   952   000FCD                     T1CON           equ	4045	;# 
   953   000FCE                     TMR1            equ	4046	;# 
   954   000FCE                     TMR1L           equ	4046	;# 
   955   000FCF                     TMR1H           equ	4047	;# 
   956   000FD0                     RCON            equ	4048	;# 
   957   000FD1                     CM2CON          equ	4049	;# 
   958   000FD1                     CM2CON1         equ	4049	;# 
   959   000FD2                     CM1CON          equ	4050	;# 
   960   000FD2                     CM1CON1         equ	4050	;# 
   961   000FD3                     OSCCON          equ	4051	;# 
   962   000FD5                     T0CON           equ	4053	;# 
   963   000FD6                     TMR0            equ	4054	;# 
   964   000FD6                     TMR0L           equ	4054	;# 
   965   000FD7                     TMR0H           equ	4055	;# 
   966   000FD8                     STATUS          equ	4056	;# 
   967   000FD9                     FSR2            equ	4057	;# 
   968   000FD9                     FSR2L           equ	4057	;# 
   969   000FDA                     FSR2H           equ	4058	;# 
   970   000FDB                     PLUSW2          equ	4059	;# 
   971   000FDC                     PREINC2         equ	4060	;# 
   972   000FDD                     POSTDEC2        equ	4061	;# 
   973   000FDE                     POSTINC2        equ	4062	;# 
   974   000FDF                     INDF2           equ	4063	;# 
   975   000FE0                     BSR             equ	4064	;# 
   976   000FE1                     FSR1            equ	4065	;# 
   977   000FE1                     FSR1L           equ	4065	;# 
   978   000FE2                     FSR1H           equ	4066	;# 
   979   000FE3                     PLUSW1          equ	4067	;# 
   980   000FE4                     PREINC1         equ	4068	;# 
   981   000FE5                     POSTDEC1        equ	4069	;# 
   982   000FE6                     POSTINC1        equ	4070	;# 
   983   000FE7                     INDF1           equ	4071	;# 
   984   000FE8                     WREG            equ	4072	;# 
   985   000FE9                     FSR0            equ	4073	;# 
   986   000FE9                     FSR0L           equ	4073	;# 
   987   000FEA                     FSR0H           equ	4074	;# 
   988   000FEB                     PLUSW0          equ	4075	;# 
   989   000FEC                     PREINC0         equ	4076	;# 
   990   000FED                     POSTDEC0        equ	4077	;# 
   991   000FEE                     POSTINC0        equ	4078	;# 
   992   000FEF                     INDF0           equ	4079	;# 
   993   000FF0                     INTCON3         equ	4080	;# 
   994   000FF1                     INTCON2         equ	4081	;# 
   995   000FF2                     INTCON          equ	4082	;# 
   996   000FF3                     PROD            equ	4083	;# 
   997   000FF3                     PRODL           equ	4083	;# 
   998   000FF4                     PRODH           equ	4084	;# 
   999   000FF5                     TABLAT          equ	4085	;# 
  1000   000FF6                     TBLPTR          equ	4086	;# 
  1001   000FF6                     TBLPTRL         equ	4086	;# 
  1002   000FF7                     TBLPTRH         equ	4087	;# 
  1003   000FF8                     TBLPTRU         equ	4088	;# 
  1004   000FF9                     PCLAT           equ	4089	;# 
  1005   000FF9                     PC              equ	4089	;# 
  1006   000FF9                     PCL             equ	4089	;# 
  1007   000FFA                     PCLATH          equ	4090	;# 
  1008   000FFB                     PCLATU          equ	4091	;# 
  1009   000FFC                     STKPTR          equ	4092	;# 
  1010   000FFD                     TOS             equ	4093	;# 
  1011   000FFD                     TOSL            equ	4093	;# 
  1012   000FFE                     TOSH            equ	4094	;# 
  1013   000FFF                     TOSU            equ	4095	;# 
  1014   000EC6                     RPOR0           equ	3782	;# 
  1015   000EC7                     RPOR1           equ	3783	;# 
  1016   000EC8                     RPOR2           equ	3784	;# 
  1017   000EC9                     RPOR3           equ	3785	;# 
  1018   000ECA                     RPOR4           equ	3786	;# 
  1019   000ECB                     RPOR5           equ	3787	;# 
  1020   000ECC                     RPOR6           equ	3788	;# 
  1021   000ECD                     RPOR7           equ	3789	;# 
  1022   000ECE                     RPOR8           equ	3790	;# 
  1023   000ECF                     RPOR9           equ	3791	;# 
  1024   000ED0                     RPOR10          equ	3792	;# 
  1025   000ED1                     RPOR11          equ	3793	;# 
  1026   000ED2                     RPOR12          equ	3794	;# 
  1027   000ED3                     RPOR13          equ	3795	;# 
  1028   000ED7                     RPOR17          equ	3799	;# 
  1029   000ED8                     RPOR18          equ	3800	;# 
  1030   000ED9                     RPOR19          equ	3801	;# 
  1031   000EDA                     RPOR20          equ	3802	;# 
  1032   000EDB                     RPOR21          equ	3803	;# 
  1033   000EDC                     RPOR22          equ	3804	;# 
  1034   000EDD                     RPOR23          equ	3805	;# 
  1035   000EDE                     RPOR24          equ	3806	;# 
  1036   000EE7                     RPINR1          equ	3815	;# 
  1037   000EE8                     RPINR2          equ	3816	;# 
  1038   000EE9                     RPINR3          equ	3817	;# 
  1039   000EEA                     RPINR4          equ	3818	;# 
  1040   000EEC                     RPINR6          equ	3820	;# 
  1041   000EED                     RPINR7          equ	3821	;# 
  1042   000EEE                     RPINR8          equ	3822	;# 
  1043   000EF2                     RPINR12         equ	3826	;# 
  1044   000EF3                     RPINR13         equ	3827	;# 
  1045   000EF6                     RPINR16         equ	3830	;# 
  1046   000EF7                     RPINR17         equ	3831	;# 
  1047   000EFB                     RPINR21         equ	3835	;# 
  1048   000EFC                     RPINR22         equ	3836	;# 
  1049   000EFD                     RPINR23         equ	3837	;# 
  1050   000EFE                     RPINR24         equ	3838	;# 
  1051   000EFF                     PPSCON          equ	3839	;# 
  1052   000F26                     UEP0            equ	3878	;# 
  1053   000F27                     UEP1            equ	3879	;# 
  1054   000F28                     UEP2            equ	3880	;# 
  1055   000F29                     UEP3            equ	3881	;# 
  1056   000F2A                     UEP4            equ	3882	;# 
  1057   000F2B                     UEP5            equ	3883	;# 
  1058   000F2C                     UEP6            equ	3884	;# 
  1059   000F2D                     UEP7            equ	3885	;# 
  1060   000F2E                     UEP8            equ	3886	;# 
  1061   000F2F                     UEP9            equ	3887	;# 
  1062   000F30                     UEP10           equ	3888	;# 
  1063   000F31                     UEP11           equ	3889	;# 
  1064   000F32                     UEP12           equ	3890	;# 
  1065   000F33                     UEP13           equ	3891	;# 
  1066   000F34                     UEP14           equ	3892	;# 
  1067   000F35                     UEP15           equ	3893	;# 
  1068   000F36                     UIE             equ	3894	;# 
  1069   000F37                     UEIE            equ	3895	;# 
  1070   000F38                     UADDR           equ	3896	;# 
  1071   000F39                     UCFG            equ	3897	;# 
  1072   000F3C                     PADCFG1         equ	3900	;# 
  1073   000F3D                     REFOCON         equ	3901	;# 
  1074   000F3E                     RTCCAL          equ	3902	;# 
  1075   000F3F                     RTCCFG          equ	3903	;# 
  1076   000F40                     ODCON3          equ	3904	;# 
  1077   000F41                     ODCON2          equ	3905	;# 
  1078   000F42                     ODCON1          equ	3906	;# 
  1079   000F48                     ANCON0          equ	3912	;# 
  1080   000F49                     ANCON1          equ	3913	;# 
  1081   000F4A                     DSWAKEL         equ	3914	;# 
  1082   000F4B                     DSWAKEH         equ	3915	;# 
  1083   000F4C                     DSCONL          equ	3916	;# 
  1084   000F4D                     DSCONH          equ	3917	;# 
  1085   000F4E                     DSGPR0          equ	3918	;# 
  1086   000F4F                     DSGPR1          equ	3919	;# 
  1087   000F52                     TCLKCON         equ	3922	;# 
  1088   000F53                     CVRCON          equ	3923	;# 
  1089   000F54                     PMSTATL         equ	3924	;# 
  1090   000F55                     PMSTATH         equ	3925	;# 
  1091   000F56                     PMEL            equ	3926	;# 
  1092   000F57                     PMEH            equ	3927	;# 
  1093   000F58                     PMDIN2L         equ	3928	;# 
  1094   000F59                     PMDIN2H         equ	3929	;# 
  1095   000F5A                     PMDOUT2L        equ	3930	;# 
  1096   000F5B                     PMDOUT2H        equ	3931	;# 
  1097   000F5C                     PMMODEL         equ	3932	;# 
  1098   000F5D                     PMMODEH         equ	3933	;# 
  1099   000F5E                     PMCONL          equ	3934	;# 
  1100   000F5F                     PMCONH          equ	3935	;# 
  1101   000F60                     UFRM            equ	3936	;# 
  1102   000F60                     UFRML           equ	3936	;# 
  1103   000F61                     UFRMH           equ	3937	;# 
  1104   000F62                     UIR             equ	3938	;# 
  1105   000F63                     UEIR            equ	3939	;# 
  1106   000F64                     USTAT           equ	3940	;# 
  1107   000F65                     UCON            equ	3941	;# 
  1108   000F66                     DMABCH          equ	3942	;# 
  1109   000F67                     DMABCL          equ	3943	;# 
  1110   000F68                     RXADDRH         equ	3944	;# 
  1111   000F69                     RXADDRL         equ	3945	;# 
  1112   000F6A                     TXADDRH         equ	3946	;# 
  1113   000F6B                     TXADDRL         equ	3947	;# 
  1114   000F6C                     PMDIN1L         equ	3948	;# 
  1115   000F6D                     PMDIN1H         equ	3949	;# 
  1116   000F6E                     PMADDRL         equ	3950	;# 
  1117   000F6E                     PMDOUT1L        equ	3950	;# 
  1118   000F6F                     PMADDRH         equ	3951	;# 
  1119   000F6F                     PMDOUT1H        equ	3951	;# 
  1120   000F70                     CMSTAT          equ	3952	;# 
  1121   000F70                     CMSTATUS        equ	3952	;# 
  1122   000F71                     SSP2CON2        equ	3953	;# 
  1123   000F72                     SSP2CON1        equ	3954	;# 
  1124   000F73                     SSP2STAT        equ	3955	;# 
  1125   000F74                     SSP2ADD         equ	3956	;# 
  1126   000F74                     SSP2MSK         equ	3956	;# 
  1127   000F75                     SSP2BUF         equ	3957	;# 
  1128   000F76                     T4CON           equ	3958	;# 
  1129   000F77                     PR4             equ	3959	;# 
  1130   000F78                     TMR4            equ	3960	;# 
  1131   000F79                     T3CON           equ	3961	;# 
  1132   000F7A                     TMR3            equ	3962	;# 
  1133   000F7A                     TMR3L           equ	3962	;# 
  1134   000F7B                     TMR3H           equ	3963	;# 
  1135   000F7C                     BAUDCON2        equ	3964	;# 
  1136   000F7D                     SPBRGH2         equ	3965	;# 
  1137   000F7E                     BAUDCON1        equ	3966	;# 
  1138   000F7E                     BAUDCON         equ	3966	;# 
  1139   000F7E                     BAUDCTL         equ	3966	;# 
  1140   000F7F                     SPBRGH1         equ	3967	;# 
  1141   000F7F                     SPBRGH          equ	3967	;# 
  1142   000F80                     PORTA           equ	3968	;# 
  1143   000F81                     PORTB           equ	3969	;# 
  1144   000F82                     PORTC           equ	3970	;# 
  1145   000F83                     PORTD           equ	3971	;# 
  1146   000F84                     PORTE           equ	3972	;# 
  1147   000F85                     HLVDCON         equ	3973	;# 
  1148   000F86                     DMACON2         equ	3974	;# 
  1149   000F88                     DMACON1         equ	3976	;# 
  1150   000F89                     LATA            equ	3977	;# 
  1151   000F8A                     LATB            equ	3978	;# 
  1152   000F8B                     LATC            equ	3979	;# 
  1153   000F8C                     LATD            equ	3980	;# 
  1154   000F8D                     LATE            equ	3981	;# 
  1155   000F8E                     ALRMVALL        equ	3982	;# 
  1156   000F8F                     ALRMVALH        equ	3983	;# 
  1157   000F90                     ALRMRPT         equ	3984	;# 
  1158   000F91                     ALRMCFG         equ	3985	;# 
  1159   000F92                     TRISA           equ	3986	;# 
  1160   000F93                     TRISB           equ	3987	;# 
  1161   000F94                     TRISC           equ	3988	;# 
  1162   000F95                     TRISD           equ	3989	;# 
  1163   000F96                     TRISE           equ	3990	;# 
  1164   000F97                     T3GCON          equ	3991	;# 
  1165   000F98                     RTCVALL         equ	3992	;# 
  1166   000F99                     RTCVALH         equ	3993	;# 
  1167   000F9A                     T1GCON          equ	3994	;# 
  1168   000F9B                     OSCTUNE         equ	3995	;# 
  1169   000F9C                     RCSTA2          equ	3996	;# 
  1170   000F9D                     PIE1            equ	3997	;# 
  1171   000F9E                     PIR1            equ	3998	;# 
  1172   000F9F                     IPR1            equ	3999	;# 
  1173   000FA0                     PIE2            equ	4000	;# 
  1174   000FA1                     PIR2            equ	4001	;# 
  1175   000FA2                     IPR2            equ	4002	;# 
  1176   000FA3                     PIE3            equ	4003	;# 
  1177   000FA4                     PIR3            equ	4004	;# 
  1178   000FA5                     IPR3            equ	4005	;# 
  1179   000FA6                     EECON1          equ	4006	;# 
  1180   000FA7                     EECON2          equ	4007	;# 
  1181   000FA8                     TXSTA2          equ	4008	;# 
  1182   000FA9                     TXREG2          equ	4009	;# 
  1183   000FAA                     RCREG2          equ	4010	;# 
  1184   000FAB                     SPBRG2          equ	4011	;# 
  1185   000FAC                     RCSTA1          equ	4012	;# 
  1186   000FAC                     RCSTA           equ	4012	;# 
  1187   000FAD                     TXSTA1          equ	4013	;# 
  1188   000FAD                     TXSTA           equ	4013	;# 
  1189   000FAE                     TXREG1          equ	4014	;# 
  1190   000FAE                     TXREG           equ	4014	;# 
  1191   000FAF                     RCREG1          equ	4015	;# 
  1192   000FAF                     RCREG           equ	4015	;# 
  1193   000FB0                     SPBRG1          equ	4016	;# 
  1194   000FB0                     SPBRG           equ	4016	;# 
  1195   000FB1                     CTMUICON        equ	4017	;# 
  1196   000FB2                     CTMUCONL        equ	4018	;# 
  1197   000FB3                     CTMUCONH        equ	4019	;# 
  1198   000FB4                     CCP2CON         equ	4020	;# 
  1199   000FB4                     ECCP2CON        equ	4020	;# 
  1200   000FB5                     CCPR2           equ	4021	;# 
  1201   000FB5                     CCPR2L          equ	4021	;# 
  1202   000FB6                     CCPR2H          equ	4022	;# 
  1203   000FB7                     ECCP2DEL        equ	4023	;# 
  1204   000FB7                     PWM2CON         equ	4023	;# 
  1205   000FB8                     ECCP2AS         equ	4024	;# 
  1206   000FB9                     PSTR2CON        equ	4025	;# 
  1207   000FBA                     CCP1CON         equ	4026	;# 
  1208   000FBA                     ECCP1CON        equ	4026	;# 
  1209   000FBB                     CCPR1           equ	4027	;# 
  1210   000FBB                     CCPR1L          equ	4027	;# 
  1211   000FBC                     CCPR1H          equ	4028	;# 
  1212   000FBD                     ECCP1DEL        equ	4029	;# 
  1213   000FBD                     PWM1CON         equ	4029	;# 
  1214   000FBE                     ECCP1AS         equ	4030	;# 
  1215   000FBF                     PSTR1CON        equ	4031	;# 
  1216   000FC0                     WDTCON          equ	4032	;# 
  1217   000FC1                     ADCON1          equ	4033	;# 
  1218   000FC2                     ADCON0          equ	4034	;# 
  1219   000FC3                     ADRES           equ	4035	;# 
  1220   000FC3                     ADRESL          equ	4035	;# 
  1221   000FC4                     ADRESH          equ	4036	;# 
  1222   000FC5                     SSP1CON2        equ	4037	;# 
  1223   000FC5                     SSPCON2         equ	4037	;# 
  1224   000FC6                     SSP1CON1        equ	4038	;# 
  1225   000FC6                     SSPCON1         equ	4038	;# 
  1226   000FC7                     SSP1STAT        equ	4039	;# 
  1227   000FC7                     SSPSTAT         equ	4039	;# 
  1228   000FC8                     SSP1ADD         equ	4040	;# 
  1229   000FC8                     SSPADD          equ	4040	;# 
  1230   000FC8                     SSP1MSK         equ	4040	;# 
  1231   000FC9                     SSP1BUF         equ	4041	;# 
  1232   000FC9                     SSPBUF          equ	4041	;# 
  1233   000FCA                     T2CON           equ	4042	;# 
  1234   000FCB                     PR2             equ	4043	;# 
  1235   000FCB                     MEMCON          equ	4043	;# 
  1236   000FCC                     TMR2            equ	4044	;# 
  1237   000FCD                     T1CON           equ	4045	;# 
  1238   000FCE                     TMR1            equ	4046	;# 
  1239   000FCE                     TMR1L           equ	4046	;# 
  1240   000FCF                     TMR1H           equ	4047	;# 
  1241   000FD0                     RCON            equ	4048	;# 
  1242   000FD1                     CM2CON          equ	4049	;# 
  1243   000FD1                     CM2CON1         equ	4049	;# 
  1244   000FD2                     CM1CON          equ	4050	;# 
  1245   000FD2                     CM1CON1         equ	4050	;# 
  1246   000FD3                     OSCCON          equ	4051	;# 
  1247   000FD5                     T0CON           equ	4053	;# 
  1248   000FD6                     TMR0            equ	4054	;# 
  1249   000FD6                     TMR0L           equ	4054	;# 
  1250   000FD7                     TMR0H           equ	4055	;# 
  1251   000FD8                     STATUS          equ	4056	;# 
  1252   000FD9                     FSR2            equ	4057	;# 
  1253   000FD9                     FSR2L           equ	4057	;# 
  1254   000FDA                     FSR2H           equ	4058	;# 
  1255   000FDB                     PLUSW2          equ	4059	;# 
  1256   000FDC                     PREINC2         equ	4060	;# 
  1257   000FDD                     POSTDEC2        equ	4061	;# 
  1258   000FDE                     POSTINC2        equ	4062	;# 
  1259   000FDF                     INDF2           equ	4063	;# 
  1260   000FE0                     BSR             equ	4064	;# 
  1261   000FE1                     FSR1            equ	4065	;# 
  1262   000FE1                     FSR1L           equ	4065	;# 
  1263   000FE2                     FSR1H           equ	4066	;# 
  1264   000FE3                     PLUSW1          equ	4067	;# 
  1265   000FE4                     PREINC1         equ	4068	;# 
  1266   000FE5                     POSTDEC1        equ	4069	;# 
  1267   000FE6                     POSTINC1        equ	4070	;# 
  1268   000FE7                     INDF1           equ	4071	;# 
  1269   000FE8                     WREG            equ	4072	;# 
  1270   000FE9                     FSR0            equ	4073	;# 
  1271   000FE9                     FSR0L           equ	4073	;# 
  1272   000FEA                     FSR0H           equ	4074	;# 
  1273   000FEB                     PLUSW0          equ	4075	;# 
  1274   000FEC                     PREINC0         equ	4076	;# 
  1275   000FED                     POSTDEC0        equ	4077	;# 
  1276   000FEE                     POSTINC0        equ	4078	;# 
  1277   000FEF                     INDF0           equ	4079	;# 
  1278   000FF0                     INTCON3         equ	4080	;# 
  1279   000FF1                     INTCON2         equ	4081	;# 
  1280   000FF2                     INTCON          equ	4082	;# 
  1281   000FF3                     PROD            equ	4083	;# 
  1282   000FF3                     PRODL           equ	4083	;# 
  1283   000FF4                     PRODH           equ	4084	;# 
  1284   000FF5                     TABLAT          equ	4085	;# 
  1285   000FF6                     TBLPTR          equ	4086	;# 
  1286   000FF6                     TBLPTRL         equ	4086	;# 
  1287   000FF7                     TBLPTRH         equ	4087	;# 
  1288   000FF8                     TBLPTRU         equ	4088	;# 
  1289   000FF9                     PCLAT           equ	4089	;# 
  1290   000FF9                     PC              equ	4089	;# 
  1291   000FF9                     PCL             equ	4089	;# 
  1292   000FFA                     PCLATH          equ	4090	;# 
  1293   000FFB                     PCLATU          equ	4091	;# 
  1294   000FFC                     STKPTR          equ	4092	;# 
  1295   000FFD                     TOS             equ	4093	;# 
  1296   000FFD                     TOSL            equ	4093	;# 
  1297   000FFE                     TOSH            equ	4094	;# 
  1298   000FFF                     TOSU            equ	4095	;# 
  1299   000EC6                     RPOR0           equ	3782	;# 
  1300   000EC7                     RPOR1           equ	3783	;# 
  1301   000EC8                     RPOR2           equ	3784	;# 
  1302   000EC9                     RPOR3           equ	3785	;# 
  1303   000ECA                     RPOR4           equ	3786	;# 
  1304   000ECB                     RPOR5           equ	3787	;# 
  1305   000ECC                     RPOR6           equ	3788	;# 
  1306   000ECD                     RPOR7           equ	3789	;# 
  1307   000ECE                     RPOR8           equ	3790	;# 
  1308   000ECF                     RPOR9           equ	3791	;# 
  1309   000ED0                     RPOR10          equ	3792	;# 
  1310   000ED1                     RPOR11          equ	3793	;# 
  1311   000ED2                     RPOR12          equ	3794	;# 
  1312   000ED3                     RPOR13          equ	3795	;# 
  1313   000ED7                     RPOR17          equ	3799	;# 
  1314   000ED8                     RPOR18          equ	3800	;# 
  1315   000ED9                     RPOR19          equ	3801	;# 
  1316   000EDA                     RPOR20          equ	3802	;# 
  1317   000EDB                     RPOR21          equ	3803	;# 
  1318   000EDC                     RPOR22          equ	3804	;# 
  1319   000EDD                     RPOR23          equ	3805	;# 
  1320   000EDE                     RPOR24          equ	3806	;# 
  1321   000EE7                     RPINR1          equ	3815	;# 
  1322   000EE8                     RPINR2          equ	3816	;# 
  1323   000EE9                     RPINR3          equ	3817	;# 
  1324   000EEA                     RPINR4          equ	3818	;# 
  1325   000EEC                     RPINR6          equ	3820	;# 
  1326   000EED                     RPINR7          equ	3821	;# 
  1327   000EEE                     RPINR8          equ	3822	;# 
  1328   000EF2                     RPINR12         equ	3826	;# 
  1329   000EF3                     RPINR13         equ	3827	;# 
  1330   000EF6                     RPINR16         equ	3830	;# 
  1331   000EF7                     RPINR17         equ	3831	;# 
  1332   000EFB                     RPINR21         equ	3835	;# 
  1333   000EFC                     RPINR22         equ	3836	;# 
  1334   000EFD                     RPINR23         equ	3837	;# 
  1335   000EFE                     RPINR24         equ	3838	;# 
  1336   000EFF                     PPSCON          equ	3839	;# 
  1337   000F26                     UEP0            equ	3878	;# 
  1338   000F27                     UEP1            equ	3879	;# 
  1339   000F28                     UEP2            equ	3880	;# 
  1340   000F29                     UEP3            equ	3881	;# 
  1341   000F2A                     UEP4            equ	3882	;# 
  1342   000F2B                     UEP5            equ	3883	;# 
  1343   000F2C                     UEP6            equ	3884	;# 
  1344   000F2D                     UEP7            equ	3885	;# 
  1345   000F2E                     UEP8            equ	3886	;# 
  1346   000F2F                     UEP9            equ	3887	;# 
  1347   000F30                     UEP10           equ	3888	;# 
  1348   000F31                     UEP11           equ	3889	;# 
  1349   000F32                     UEP12           equ	3890	;# 
  1350   000F33                     UEP13           equ	3891	;# 
  1351   000F34                     UEP14           equ	3892	;# 
  1352   000F35                     UEP15           equ	3893	;# 
  1353   000F36                     UIE             equ	3894	;# 
  1354   000F37                     UEIE            equ	3895	;# 
  1355   000F38                     UADDR           equ	3896	;# 
  1356   000F39                     UCFG            equ	3897	;# 
  1357   000F3C                     PADCFG1         equ	3900	;# 
  1358   000F3D                     REFOCON         equ	3901	;# 
  1359   000F3E                     RTCCAL          equ	3902	;# 
  1360   000F3F                     RTCCFG          equ	3903	;# 
  1361   000F40                     ODCON3          equ	3904	;# 
  1362   000F41                     ODCON2          equ	3905	;# 
  1363   000F42                     ODCON1          equ	3906	;# 
  1364   000F48                     ANCON0          equ	3912	;# 
  1365   000F49                     ANCON1          equ	3913	;# 
  1366   000F4A                     DSWAKEL         equ	3914	;# 
  1367   000F4B                     DSWAKEH         equ	3915	;# 
  1368   000F4C                     DSCONL          equ	3916	;# 
  1369   000F4D                     DSCONH          equ	3917	;# 
  1370   000F4E                     DSGPR0          equ	3918	;# 
  1371   000F4F                     DSGPR1          equ	3919	;# 
  1372   000F52                     TCLKCON         equ	3922	;# 
  1373   000F53                     CVRCON          equ	3923	;# 
  1374   000F54                     PMSTATL         equ	3924	;# 
  1375   000F55                     PMSTATH         equ	3925	;# 
  1376   000F56                     PMEL            equ	3926	;# 
  1377   000F57                     PMEH            equ	3927	;# 
  1378   000F58                     PMDIN2L         equ	3928	;# 
  1379   000F59                     PMDIN2H         equ	3929	;# 
  1380   000F5A                     PMDOUT2L        equ	3930	;# 
  1381   000F5B                     PMDOUT2H        equ	3931	;# 
  1382   000F5C                     PMMODEL         equ	3932	;# 
  1383   000F5D                     PMMODEH         equ	3933	;# 
  1384   000F5E                     PMCONL          equ	3934	;# 
  1385   000F5F                     PMCONH          equ	3935	;# 
  1386   000F60                     UFRM            equ	3936	;# 
  1387   000F60                     UFRML           equ	3936	;# 
  1388   000F61                     UFRMH           equ	3937	;# 
  1389   000F62                     UIR             equ	3938	;# 
  1390   000F63                     UEIR            equ	3939	;# 
  1391   000F64                     USTAT           equ	3940	;# 
  1392   000F65                     UCON            equ	3941	;# 
  1393   000F66                     DMABCH          equ	3942	;# 
  1394   000F67                     DMABCL          equ	3943	;# 
  1395   000F68                     RXADDRH         equ	3944	;# 
  1396   000F69                     RXADDRL         equ	3945	;# 
  1397   000F6A                     TXADDRH         equ	3946	;# 
  1398   000F6B                     TXADDRL         equ	3947	;# 
  1399   000F6C                     PMDIN1L         equ	3948	;# 
  1400   000F6D                     PMDIN1H         equ	3949	;# 
  1401   000F6E                     PMADDRL         equ	3950	;# 
  1402   000F6E                     PMDOUT1L        equ	3950	;# 
  1403   000F6F                     PMADDRH         equ	3951	;# 
  1404   000F6F                     PMDOUT1H        equ	3951	;# 
  1405   000F70                     CMSTAT          equ	3952	;# 
  1406   000F70                     CMSTATUS        equ	3952	;# 
  1407   000F71                     SSP2CON2        equ	3953	;# 
  1408   000F72                     SSP2CON1        equ	3954	;# 
  1409   000F73                     SSP2STAT        equ	3955	;# 
  1410   000F74                     SSP2ADD         equ	3956	;# 
  1411   000F74                     SSP2MSK         equ	3956	;# 
  1412   000F75                     SSP2BUF         equ	3957	;# 
  1413   000F76                     T4CON           equ	3958	;# 
  1414   000F77                     PR4             equ	3959	;# 
  1415   000F78                     TMR4            equ	3960	;# 
  1416   000F79                     T3CON           equ	3961	;# 
  1417   000F7A                     TMR3            equ	3962	;# 
  1418   000F7A                     TMR3L           equ	3962	;# 
  1419   000F7B                     TMR3H           equ	3963	;# 
  1420   000F7C                     BAUDCON2        equ	3964	;# 
  1421   000F7D                     SPBRGH2         equ	3965	;# 
  1422   000F7E                     BAUDCON1        equ	3966	;# 
  1423   000F7E                     BAUDCON         equ	3966	;# 
  1424   000F7E                     BAUDCTL         equ	3966	;# 
  1425   000F7F                     SPBRGH1         equ	3967	;# 
  1426   000F7F                     SPBRGH          equ	3967	;# 
  1427   000F80                     PORTA           equ	3968	;# 
  1428   000F81                     PORTB           equ	3969	;# 
  1429   000F82                     PORTC           equ	3970	;# 
  1430   000F83                     PORTD           equ	3971	;# 
  1431   000F84                     PORTE           equ	3972	;# 
  1432   000F85                     HLVDCON         equ	3973	;# 
  1433   000F86                     DMACON2         equ	3974	;# 
  1434   000F88                     DMACON1         equ	3976	;# 
  1435   000F89                     LATA            equ	3977	;# 
  1436   000F8A                     LATB            equ	3978	;# 
  1437   000F8B                     LATC            equ	3979	;# 
  1438   000F8C                     LATD            equ	3980	;# 
  1439   000F8D                     LATE            equ	3981	;# 
  1440   000F8E                     ALRMVALL        equ	3982	;# 
  1441   000F8F                     ALRMVALH        equ	3983	;# 
  1442   000F90                     ALRMRPT         equ	3984	;# 
  1443   000F91                     ALRMCFG         equ	3985	;# 
  1444   000F92                     TRISA           equ	3986	;# 
  1445   000F93                     TRISB           equ	3987	;# 
  1446   000F94                     TRISC           equ	3988	;# 
  1447   000F95                     TRISD           equ	3989	;# 
  1448   000F96                     TRISE           equ	3990	;# 
  1449   000F97                     T3GCON          equ	3991	;# 
  1450   000F98                     RTCVALL         equ	3992	;# 
  1451   000F99                     RTCVALH         equ	3993	;# 
  1452   000F9A                     T1GCON          equ	3994	;# 
  1453   000F9B                     OSCTUNE         equ	3995	;# 
  1454   000F9C                     RCSTA2          equ	3996	;# 
  1455   000F9D                     PIE1            equ	3997	;# 
  1456   000F9E                     PIR1            equ	3998	;# 
  1457   000F9F                     IPR1            equ	3999	;# 
  1458   000FA0                     PIE2            equ	4000	;# 
  1459   000FA1                     PIR2            equ	4001	;# 
  1460   000FA2                     IPR2            equ	4002	;# 
  1461   000FA3                     PIE3            equ	4003	;# 
  1462   000FA4                     PIR3            equ	4004	;# 
  1463   000FA5                     IPR3            equ	4005	;# 
  1464   000FA6                     EECON1          equ	4006	;# 
  1465   000FA7                     EECON2          equ	4007	;# 
  1466   000FA8                     TXSTA2          equ	4008	;# 
  1467   000FA9                     TXREG2          equ	4009	;# 
  1468   000FAA                     RCREG2          equ	4010	;# 
  1469   000FAB                     SPBRG2          equ	4011	;# 
  1470   000FAC                     RCSTA1          equ	4012	;# 
  1471   000FAC                     RCSTA           equ	4012	;# 
  1472   000FAD                     TXSTA1          equ	4013	;# 
  1473   000FAD                     TXSTA           equ	4013	;# 
  1474   000FAE                     TXREG1          equ	4014	;# 
  1475   000FAE                     TXREG           equ	4014	;# 
  1476   000FAF                     RCREG1          equ	4015	;# 
  1477   000FAF                     RCREG           equ	4015	;# 
  1478   000FB0                     SPBRG1          equ	4016	;# 
  1479   000FB0                     SPBRG           equ	4016	;# 
  1480   000FB1                     CTMUICON        equ	4017	;# 
  1481   000FB2                     CTMUCONL        equ	4018	;# 
  1482   000FB3                     CTMUCONH        equ	4019	;# 
  1483   000FB4                     CCP2CON         equ	4020	;# 
  1484   000FB4                     ECCP2CON        equ	4020	;# 
  1485   000FB5                     CCPR2           equ	4021	;# 
  1486   000FB5                     CCPR2L          equ	4021	;# 
  1487   000FB6                     CCPR2H          equ	4022	;# 
  1488   000FB7                     ECCP2DEL        equ	4023	;# 
  1489   000FB7                     PWM2CON         equ	4023	;# 
  1490   000FB8                     ECCP2AS         equ	4024	;# 
  1491   000FB9                     PSTR2CON        equ	4025	;# 
  1492   000FBA                     CCP1CON         equ	4026	;# 
  1493   000FBA                     ECCP1CON        equ	4026	;# 
  1494   000FBB                     CCPR1           equ	4027	;# 
  1495   000FBB                     CCPR1L          equ	4027	;# 
  1496   000FBC                     CCPR1H          equ	4028	;# 
  1497   000FBD                     ECCP1DEL        equ	4029	;# 
  1498   000FBD                     PWM1CON         equ	4029	;# 
  1499   000FBE                     ECCP1AS         equ	4030	;# 
  1500   000FBF                     PSTR1CON        equ	4031	;# 
  1501   000FC0                     WDTCON          equ	4032	;# 
  1502   000FC1                     ADCON1          equ	4033	;# 
  1503   000FC2                     ADCON0          equ	4034	;# 
  1504   000FC3                     ADRES           equ	4035	;# 
  1505   000FC3                     ADRESL          equ	4035	;# 
  1506   000FC4                     ADRESH          equ	4036	;# 
  1507   000FC5                     SSP1CON2        equ	4037	;# 
  1508   000FC5                     SSPCON2         equ	4037	;# 
  1509   000FC6                     SSP1CON1        equ	4038	;# 
  1510   000FC6                     SSPCON1         equ	4038	;# 
  1511   000FC7                     SSP1STAT        equ	4039	;# 
  1512   000FC7                     SSPSTAT         equ	4039	;# 
  1513   000FC8                     SSP1ADD         equ	4040	;# 
  1514   000FC8                     SSPADD          equ	4040	;# 
  1515   000FC8                     SSP1MSK         equ	4040	;# 
  1516   000FC9                     SSP1BUF         equ	4041	;# 
  1517   000FC9                     SSPBUF          equ	4041	;# 
  1518   000FCA                     T2CON           equ	4042	;# 
  1519   000FCB                     PR2             equ	4043	;# 
  1520   000FCB                     MEMCON          equ	4043	;# 
  1521   000FCC                     TMR2            equ	4044	;# 
  1522   000FCD                     T1CON           equ	4045	;# 
  1523   000FCE                     TMR1            equ	4046	;# 
  1524   000FCE                     TMR1L           equ	4046	;# 
  1525   000FCF                     TMR1H           equ	4047	;# 
  1526   000FD0                     RCON            equ	4048	;# 
  1527   000FD1                     CM2CON          equ	4049	;# 
  1528   000FD1                     CM2CON1         equ	4049	;# 
  1529   000FD2                     CM1CON          equ	4050	;# 
  1530   000FD2                     CM1CON1         equ	4050	;# 
  1531   000FD3                     OSCCON          equ	4051	;# 
  1532   000FD5                     T0CON           equ	4053	;# 
  1533   000FD6                     TMR0            equ	4054	;# 
  1534   000FD6                     TMR0L           equ	4054	;# 
  1535   000FD7                     TMR0H           equ	4055	;# 
  1536   000FD8                     STATUS          equ	4056	;# 
  1537   000FD9                     FSR2            equ	4057	;# 
  1538   000FD9                     FSR2L           equ	4057	;# 
  1539   000FDA                     FSR2H           equ	4058	;# 
  1540   000FDB                     PLUSW2          equ	4059	;# 
  1541   000FDC                     PREINC2         equ	4060	;# 
  1542   000FDD                     POSTDEC2        equ	4061	;# 
  1543   000FDE                     POSTINC2        equ	4062	;# 
  1544   000FDF                     INDF2           equ	4063	;# 
  1545   000FE0                     BSR             equ	4064	;# 
  1546   000FE1                     FSR1            equ	4065	;# 
  1547   000FE1                     FSR1L           equ	4065	;# 
  1548   000FE2                     FSR1H           equ	4066	;# 
  1549   000FE3                     PLUSW1          equ	4067	;# 
  1550   000FE4                     PREINC1         equ	4068	;# 
  1551   000FE5                     POSTDEC1        equ	4069	;# 
  1552   000FE6                     POSTINC1        equ	4070	;# 
  1553   000FE7                     INDF1           equ	4071	;# 
  1554   000FE8                     WREG            equ	4072	;# 
  1555   000FE9                     FSR0            equ	4073	;# 
  1556   000FE9                     FSR0L           equ	4073	;# 
  1557   000FEA                     FSR0H           equ	4074	;# 
  1558   000FEB                     PLUSW0          equ	4075	;# 
  1559   000FEC                     PREINC0         equ	4076	;# 
  1560   000FED                     POSTDEC0        equ	4077	;# 
  1561   000FEE                     POSTINC0        equ	4078	;# 
  1562   000FEF                     INDF0           equ	4079	;# 
  1563   000FF0                     INTCON3         equ	4080	;# 
  1564   000FF1                     INTCON2         equ	4081	;# 
  1565   000FF2                     INTCON          equ	4082	;# 
  1566   000FF3                     PROD            equ	4083	;# 
  1567   000FF3                     PRODL           equ	4083	;# 
  1568   000FF4                     PRODH           equ	4084	;# 
  1569   000FF5                     TABLAT          equ	4085	;# 
  1570   000FF6                     TBLPTR          equ	4086	;# 
  1571   000FF6                     TBLPTRL         equ	4086	;# 
  1572   000FF7                     TBLPTRH         equ	4087	;# 
  1573   000FF8                     TBLPTRU         equ	4088	;# 
  1574   000FF9                     PCLAT           equ	4089	;# 
  1575   000FF9                     PC              equ	4089	;# 
  1576   000FF9                     PCL             equ	4089	;# 
  1577   000FFA                     PCLATH          equ	4090	;# 
  1578   000FFB                     PCLATU          equ	4091	;# 
  1579   000FFC                     STKPTR          equ	4092	;# 
  1580   000FFD                     TOS             equ	4093	;# 
  1581   000FFD                     TOSL            equ	4093	;# 
  1582   000FFE                     TOSH            equ	4094	;# 
  1583   000FFF                     TOSU            equ	4095	;# 
  1584   000F48                     _ANCON0bits     set	3912
  1585   000F3F                     _RTCCFGbits     set	3903
  1586   000F49                     _ANCON1         set	3913
  1587   000F48                     _ANCON0         set	3912
  1588   0079FC                     _RTCSYNC        set	31228
  1589   0079FD                     _RTCWREN        set	31229
  1590   0079FA                     _RTCOE          set	31226
  1591   0079FF                     _RTCEN          set	31231
  1592   000FC1                     _ADCON1bits     set	4033
  1593   000F92                     _TRISAbits      set	3986
  1594   000FC2                     _ADCON0bits     set	4034
  1595   000FC3                     _ADRESL         set	4035
  1596   000FC4                     _ADRESH         set	4036
  1597   000F99                     _RTCVALH        set	3993
  1598   000F98                     _RTCVALL        set	3992
  1599   000FCD                     _T1CONbits      set	4045
  1600   000FAF                     _RCREG          set	4015
  1601   000FAC                     _RCSTAbits      set	4012
  1602   000FAE                     _TXREG          set	4014
  1603   000F9F                     _IPR1bits       set	3999
  1604   000F9D                     _PIE1bits       set	3997
  1605   000FB0                     _SPBRG1         set	4016
  1606   000F7F                     _SPBRGH1        set	3967
  1607   000F7E                     _BAUDCON1bits   set	3966
  1608   000F94                     _TRISCbits      set	3988
  1609   000FAD                     _TXSTA1bits     set	4013
  1610   000FAC                     _RCSTA1bits     set	4012
  1611   000FD0                     _RCONbits       set	4048
  1612   000F9B                     _OSCTUNEbits    set	3995
  1613   000FF2                     _INTCONbits     set	4082
  1614   000FD5                     _T0CONbits      set	4053
  1615   000FD6                     _TMR0L          set	4054
  1616   000FD7                     _TMR0H          set	4055
  1617   000F95                     _TRISDbits      set	3989
  1618   000F8C                     _LATDbits       set	3980
  1619   007CF6                     _ADIF           set	31990
  1620   007CEE                     _ADIE           set	31982
  1621   007CF5                     _RC1IF          set	31989
  1622   007CED                     _RC1IE          set	31981
  1623   007CF4                     _TX1IF          set	31988
  1624   007CEC                     _TX1IE          set	31980
  1625   007F92                     _TMR0IF         set	32658
  1626   007F95                     _TMR0IE         set	32661
  1627                           
  1628                           	psect	smallconst
  1629   001000                     __psmallconst:
  1630                           	callstack 0
  1631   001000  00                 	db	0
  1632   001001                     STR_3:
  1633   001001  54                 	db	84	;'T'
  1634   001002  69                 	db	105	;'i'
  1635   001003  6D                 	db	109	;'m'
  1636   001004  65                 	db	101	;'e'
  1637   001005  3A                 	db	58	;':'
  1638   001006  20                 	db	32
  1639   001007  25                 	db	37
  1640   001008  2E                 	db	46
  1641   001009  32                 	db	50	;'2'
  1642   00100A  64                 	db	100	;'d'
  1643   00100B  3A                 	db	58	;':'
  1644   00100C  25                 	db	37
  1645   00100D  32                 	db	50	;'2'
  1646   00100E  2E                 	db	46
  1647   00100F  32                 	db	50	;'2'
  1648   001010  64                 	db	100	;'d'
  1649   001011  3A                 	db	58	;':'
  1650   001012  25                 	db	37
  1651   001013  32                 	db	50	;'2'
  1652   001014  2E                 	db	46
  1653   001015  32                 	db	50	;'2'
  1654   001016  64                 	db	100	;'d'
  1655   001017  0A                 	db	10
  1656   001018  0D                 	db	13
  1657   001019  45                 	db	69	;'E'
  1658   00101A  6E                 	db	110	;'n'
  1659   00101B  74                 	db	116	;'t'
  1660   00101C  65                 	db	101	;'e'
  1661   00101D  72                 	db	114	;'r'
  1662   00101E  65                 	db	101	;'e'
  1663   00101F  64                 	db	100	;'d'
  1664   001020  20                 	db	32
  1665   001021  73                 	db	115	;'s'
  1666   001022  74                 	db	116	;'t'
  1667   001023  72                 	db	114	;'r'
  1668   001024  69                 	db	105	;'i'
  1669   001025  6E                 	db	110	;'n'
  1670   001026  67                 	db	103	;'g'
  1671   001027  3A                 	db	58	;':'
  1672   001028  20                 	db	32
  1673   001029  25                 	db	37
  1674   00102A  73                 	db	115	;'s'
  1675   00102B  0A                 	db	10
  1676   00102C  0D                 	db	13
  1677   00102D  00                 	db	0
  1678   00102E                     STR_1:
  1679   00102E  48                 	db	72	;'H'
  1680   00102F  65                 	db	101	;'e'
  1681   001030  6C                 	db	108	;'l'
  1682   001031  6C                 	db	108	;'l'
  1683   001032  6F                 	db	111	;'o'
  1684   001033  21                 	db	33
  1685   001034  21                 	db	33
  1686   001035  21                 	db	33
  1687   001036  0A                 	db	10
  1688   001037  0D                 	db	13
  1689   001038  54                 	db	84	;'T'
  1690   001039  69                 	db	105	;'i'
  1691   00103A  6D                 	db	109	;'m'
  1692   00103B  65                 	db	101	;'e'
  1693   00103C  3A                 	db	58	;':'
  1694   00103D  20                 	db	32
  1695   00103E  25                 	db	37
  1696   00103F  6C                 	db	108	;'l'
  1697   001040  64                 	db	100	;'d'
  1698   001041  0A                 	db	10
  1699   001042  0D                 	db	13
  1700   001043  45                 	db	69	;'E'
  1701   001044  6E                 	db	110	;'n'
  1702   001045  74                 	db	116	;'t'
  1703   001046  65                 	db	101	;'e'
  1704   001047  72                 	db	114	;'r'
  1705   001048  20                 	db	32
  1706   001049  73                 	db	115	;'s'
  1707   00104A  74                 	db	116	;'t'
  1708   00104B  72                 	db	114	;'r'
  1709   00104C  69                 	db	105	;'i'
  1710   00104D  6E                 	db	110	;'n'
  1711   00104E  67                 	db	103	;'g'
  1712   00104F  3A                 	db	58	;':'
  1713   001050  20                 	db	32
  1714   001051  0A                 	db	10
  1715   001052  0D                 	db	13
  1716   001053  00                 	db	0
  1717   001054                     STR_2:
  1718   001054  41                 	db	65	;'A'
  1719   001055  44                 	db	68	;'D'
  1720   001056  43                 	db	67	;'C'
  1721   001057  3A                 	db	58	;':'
  1722   001058  20                 	db	32
  1723   001059  25                 	db	37
  1724   00105A  64                 	db	100	;'d'
  1725   00105B  20                 	db	32
  1726   00105C  25                 	db	37
  1727   00105D  64                 	db	100	;'d'
  1728   00105E  20                 	db	32
  1729   00105F  25                 	db	37
  1730   001060  64                 	db	100	;'d'
  1731   001061  0A                 	db	10
  1732   001062  0D                 	db	13
  1733   001063  00                 	db	0
  1734   001064                     STR_4:
  1735   001064  28                 	db	40
  1736   001065  6E                 	db	110	;'n'
  1737   001066  75                 	db	117	;'u'
  1738   001067  6C                 	db	108	;'l'
  1739   001068  6C                 	db	108	;'l'
  1740   001069  29                 	db	41
  1741   00106A  00                 	db	0
  1742   00106B  00                 	db	0	; dummy byte at the end
  1743   001000                     __smallconst    set	__psmallconst
  1744   001000                     __mediumconst   set	__psmallconst
  1745   000002                     __activetblptr  equ	2
  1746                           
  1747                           ; #config settings
  1748                           
  1749                           	psect	cinit
  1750   003F26                     __pcinit:
  1751                           	callstack 0
  1752   003F26                     start_initialization:
  1753                           	callstack 0
  1754   003F26                     __initialization:
  1755                           	callstack 0
  1756                           
  1757                           ; Clear objects allocated to BANK4 (200 bytes)
  1758   003F26  EE04  F000         	lfsr	0,__pbssBANK4
  1759   003F2A  0EC8               	movlw	200
  1760   003F2C                     clear_0:
  1761   003F2C  6AEE               	clrf	postinc0,c
  1762   003F2E  06E8               	decf	wreg,f,c
  1763   003F30  E1FD               	bnz	clear_0
  1764                           
  1765                           ; Clear objects allocated to BANK3 (200 bytes)
  1766   003F32  EE03  F000         	lfsr	0,__pbssBANK3
  1767   003F36  0EC8               	movlw	200
  1768   003F38                     clear_1:
  1769   003F38  6AEE               	clrf	postinc0,c
  1770   003F3A  06E8               	decf	wreg,f,c
  1771   003F3C  E1FD               	bnz	clear_1
  1772                           
  1773                           ; Clear objects allocated to BANK2 (8 bytes)
  1774   003F3E  EE02  F0C8         	lfsr	0,__pbssBANK2
  1775   003F42  0E08               	movlw	8
  1776   003F44                     clear_2:
  1777   003F44  6AEE               	clrf	postinc0,c
  1778   003F46  06E8               	decf	wreg,f,c
  1779   003F48  E1FD               	bnz	clear_2
  1780                           
  1781                           ; Clear objects allocated to BANK1 (93 bytes)
  1782   003F4A  EE01  F000         	lfsr	0,__pbssBANK1
  1783   003F4E  0E5D               	movlw	93
  1784   003F50                     clear_3:
  1785   003F50  6AEE               	clrf	postinc0,c
  1786   003F52  06E8               	decf	wreg,f,c
  1787   003F54  E1FD               	bnz	clear_3
  1788                           
  1789                           ; Clear objects allocated to BANK0 (64 bytes)
  1790   003F56  EE00  F0A7         	lfsr	0,__pbssBANK0
  1791   003F5A  0E40               	movlw	64
  1792   003F5C                     clear_4:
  1793   003F5C  6AEE               	clrf	postinc0,c
  1794   003F5E  06E8               	decf	wreg,f,c
  1795   003F60  E1FD               	bnz	clear_4
  1796                           
  1797                           ; Clear objects allocated to COMRAM (21 bytes)
  1798   003F62  EE00  F047         	lfsr	0,__pbssCOMRAM
  1799   003F66  0E15               	movlw	21
  1800   003F68                     clear_5:
  1801   003F68  6AEE               	clrf	postinc0,c
  1802   003F6A  06E8               	decf	wreg,f,c
  1803   003F6C  E1FD               	bnz	clear_5
  1804   003F6E                     end_of_initialization:
  1805                           	callstack 0
  1806   003F6E                     __end_of__initialization:
  1807                           	callstack 0
  1808   003F6E  9001               	bcf	int$flags,0,c	;clear compiler interrupt flag (level 1)
  1809   003F70  9201               	bcf	int$flags,1,c	;clear compiler interrupt flag (level 2)
  1810   003F72  0E00               	movlw	low (__Lmediumconst shr (0+16))
  1811   003F74  6EF8               	movwf	tblptru,c
  1812   003F76  0100               	movlb	0
  1813   003F78  EF1C  F012         	goto	_main	;jump to C main() function
  1814                           
  1815                           	psect	bssCOMRAM
  1816   000047                     __pbssCOMRAM:
  1817                           	callstack 0
  1818   000047                     dbio_getstring@timetmp:
  1819                           	callstack 0
  1820   000047                     	ds	4
  1821   00004B                     _timestamp:
  1822                           	callstack 0
  1823   00004B                     	ds	4
  1824   00004F                     blinky@time:
  1825                           	callstack 0
  1826   00004F                     	ds	4
  1827   000053                     _ChanIndx:
  1828                           	callstack 0
  1829   000053                     	ds	2
  1830   000055                     dbio_getstring@buf_len_prev:
  1831                           	callstack 0
  1832   000055                     	ds	2
  1833   000057                     _overrun_errors:
  1834                           	callstack 0
  1835   000057                     	ds	1
  1836   000058                     _ms_clbk_max:
  1837                           	callstack 0
  1838   000058                     	ds	1
  1839   000059                     _IRQ_hpmax:
  1840                           	callstack 0
  1841   000059                     	ds	1
  1842   00005A                     dbio_getstring@buf_len:
  1843                           	callstack 0
  1844   00005A                     	ds	2
  1845                           
  1846                           	psect	bssBANK0
  1847   0000A7                     __pbssBANK0:
  1848                           	callstack 0
  1849   0000A7                     _IRQ_clbk_hp:
  1850                           	callstack 0
  1851   0000A7                     	ds	20
  1852   0000BB                     _IRQ_clbk_lp:
  1853                           	callstack 0
  1854   0000BB                     	ds	20
  1855   0000CF                     _ChanNum:
  1856                           	callstack 0
  1857   0000CF                     	ds	3
  1858   0000D2                     _IRQ_lpmax:
  1859                           	callstack 0
  1860   0000D2                     	ds	1
  1861   0000D3                     _TXringbuf:
  1862                           	callstack 0
  1863   0000D3                     	ds	10
  1864   0000DD                     _RXringbuf:
  1865                           	callstack 0
  1866   0000DD                     	ds	10
  1867                           
  1868                           	psect	bssBANK1
  1869   000100                     __pbssBANK1:
  1870                           	callstack 0
  1871   000100                     _ChanValue:
  1872                           	callstack 0
  1873   000100                     	ds	32
  1874   000120                     _ms_clbk:
  1875                           	callstack 0
  1876   000120                     	ds	20
  1877   000134                     _width:
  1878                           	callstack 0
  1879   000134                     	ds	2
  1880   000136                     _prec:
  1881                           	callstack 0
  1882   000136                     	ds	2
  1883   000138                     _flags:
  1884                           	callstack 0
  1885   000138                     	ds	1
  1886   000139                     _TMR0H_tmp:
  1887                           	callstack 0
  1888   000139                     	ds	1
  1889   00013A                     _TMR0L_tmp:
  1890                           	callstack 0
  1891   00013A                     	ds	1
  1892   00013B                     _dbuf:
  1893                           	callstack 0
  1894   00013B                     	ds	32
  1895   00015B                     dbio_putstring@buf_len:
  1896                           	callstack 0
  1897   00015B                     	ds	2
  1898                           
  1899                           	psect	bssBANK2
  1900   0002C8                     __pbssBANK2:
  1901                           	callstack 0
  1902   0002C8                     _DateTime:
  1903                           	callstack 0
  1904   0002C8                     	ds	8
  1905                           
  1906                           	psect	bssBANK3
  1907   000300                     __pbssBANK3:
  1908                           	callstack 0
  1909   000300                     _RXbuf:
  1910                           	callstack 0
  1911   000300                     	ds	200
  1912                           
  1913                           	psect	bssBANK4
  1914   000400                     __pbssBANK4:
  1915                           	callstack 0
  1916   000400                     _TXbuf:
  1917                           	callstack 0
  1918   000400                     	ds	200
  1919                           
  1920                           	psect	cstackBANK2
  1921   000200                     __pcstackBANK2:
  1922                           	callstack 0
  1923   000200                     main@strrx:
  1924                           	callstack 0
  1925                           
  1926                           ; 100 bytes @ 0x0
  1927   000200                     	ds	100
  1928   000264                     main@strtx:
  1929                           	callstack 0
  1930                           
  1931                           ; 100 bytes @ 0x64
  1932   000264                     	ds	100
  1933                           
  1934                           	psect	cstackBANK1
  1935   00015D                     __pcstackBANK1:
  1936                           	callstack 0
  1937   00015D                     ?_ADC_getChan:
  1938                           	callstack 0
  1939   00015D                     ?_dbio_strnlen:
  1940                           	callstack 0
  1941   00015D                     ?_read_prec_or_width:
  1942                           	callstack 0
  1943   00015D                     ?_get_ms:
  1944                           	callstack 0
  1945   00015D                     ?___lldiv:
  1946                           	callstack 0
  1947   00015D                     ?___aldiv:
  1948                           	callstack 0
  1949   00015D                     ?___almod:
  1950                           	callstack 0
  1951   00015D                     RingBuf_Clear@rb:
  1952                           	callstack 0
  1953   00015D                     sys_regiter_IRQ_clbk@cbk:
  1954                           	callstack 0
  1955   00015D                     sys_regiter_ms_clbk@clbk:
  1956                           	callstack 0
  1957   00015D                     RingBuf_Available@len:
  1958                           	callstack 0
  1959   00015D                     dbio_strnlen@str:
  1960                           	callstack 0
  1961   00015D                     write_RTCC@me:
  1962                           	callstack 0
  1963   00015D                     read_RTCC@me:
  1964                           	callstack 0
  1965   00015D                     memcpy@d1:
  1966                           	callstack 0
  1967   00015D                     read_prec_or_width@fmt:
  1968                           	callstack 0
  1969   00015D                     fputc@c:
  1970                           	callstack 0
  1971   00015D                     ___lldiv@dividend:
  1972                           	callstack 0
  1973   00015D                     ___aldiv@dividend:
  1974                           	callstack 0
  1975   00015D                     ___almod@dividend:
  1976                           	callstack 0
  1977   00015D                     ??_ADC_start_IT:
  1978   00015D                     
  1979                           ; 1 bytes @ 0x0
  1980   00015D                     	ds	1
  1981   00015E                     
  1982                           ; 1 bytes @ 0x1
  1983   00015E                     	ds	1
  1984   00015F                     sys_regiter_IRQ_clbk@IPrio:
  1985                           	callstack 0
  1986   00015F                     RingBuf_Available@rb:
  1987                           	callstack 0
  1988   00015F                     ADC_getChan@chan:
  1989                           	callstack 0
  1990   00015F                     dbio_strnlen@N:
  1991                           	callstack 0
  1992   00015F                     memcpy@s1:
  1993                           	callstack 0
  1994   00015F                     read_prec_or_width@ap:
  1995                           	callstack 0
  1996   00015F                     fputc@fp:
  1997                           	callstack 0
  1998   00015F                     
  1999                           ; 1 bytes @ 0x2
  2000   00015F                     	ds	1
  2001   000160                     RingBuf_Init@buf:
  2002                           	callstack 0
  2003   000160                     ADC_getChan@retval:
  2004                           	callstack 0
  2005   000160                     ADC_init@chanmax:
  2006                           	callstack 0
  2007   000160                     ??_RingBuf_Available:
  2008                           
  2009                           ; 1 bytes @ 0x3
  2010   000160                     	ds	1
  2011   000161                     dbio_strnlen@i:
  2012                           	callstack 0
  2013   000161                     memcpy@n:
  2014                           	callstack 0
  2015   000161                     get_ms@retval_1:
  2016                           	callstack 0
  2017   000161                     ___lldiv@divisor:
  2018                           	callstack 0
  2019   000161                     ___aldiv@divisor:
  2020                           	callstack 0
  2021   000161                     ___almod@divisor:
  2022                           	callstack 0
  2023   000161                     ??_fputc:
  2024   000161                     ??_read_prec_or_width:
  2025                           
  2026                           ; 1 bytes @ 0x4
  2027   000161                     	ds	1
  2028   000162                     RingBuf_Init@size:
  2029                           	callstack 0
  2030                           
  2031                           ; 2 bytes @ 0x5
  2032   000162                     	ds	1
  2033   000163                     memcpy@tmp:
  2034                           	callstack 0
  2035   000163                     read_prec_or_width@c:
  2036                           	callstack 0
  2037   000163                     
  2038                           ; 1 bytes @ 0x6
  2039   000163                     	ds	1
  2040   000164                     RingBuf_Init@cellsize:
  2041                           	callstack 0
  2042   000164                     memcpy@d:
  2043                           	callstack 0
  2044   000164                     read_prec_or_width@n:
  2045                           	callstack 0
  2046                           
  2047                           ; 2 bytes @ 0x7
  2048   000164                     	ds	1
  2049   000165                     ___aldiv@counter:
  2050                           	callstack 0
  2051   000165                     ___almod@counter:
  2052                           	callstack 0
  2053   000165                     get_ms@retval_2:
  2054                           	callstack 0
  2055   000165                     ___lldiv@quotient:
  2056                           	callstack 0
  2057   000165                     
  2058                           ; 1 bytes @ 0x8
  2059   000165                     	ds	1
  2060   000166                     RingBuf_Init@rb:
  2061                           	callstack 0
  2062   000166                     ___aldiv@sign:
  2063                           	callstack 0
  2064   000166                     ___almod@sign:
  2065                           	callstack 0
  2066   000166                     memcpy@s:
  2067                           	callstack 0
  2068   000166                     stoa@fp:
  2069                           	callstack 0
  2070   000166                     fputs@s:
  2071                           	callstack 0
  2072                           
  2073                           ; 2 bytes @ 0x9
  2074   000166                     	ds	1
  2075   000167                     ?_abs:
  2076                           	callstack 0
  2077   000167                     abs@a:
  2078                           	callstack 0
  2079   000167                     ___aldiv@quotient:
  2080                           	callstack 0
  2081   000167                     
  2082                           ; 1 bytes @ 0xA
  2083   000167                     	ds	1
  2084   000168                     stoa@s:
  2085                           	callstack 0
  2086   000168                     fputs@fp:
  2087                           	callstack 0
  2088                           
  2089                           ; 2 bytes @ 0xB
  2090   000168                     	ds	1
  2091   000169                     ___lldiv@counter:
  2092                           	callstack 0
  2093   000169                     delay_ms@del:
  2094                           	callstack 0
  2095   000169                     ??_abs:
  2096                           
  2097                           ; 1 bytes @ 0xC
  2098   000169                     	ds	1
  2099   00016A                     fputs@c:
  2100                           	callstack 0
  2101   00016A                     RingBuf_DataPut@data:
  2102                           	callstack 0
  2103   00016A                     RingBuf_DataWatch@data:
  2104                           	callstack 0
  2105   00016A                     ??_sys_mstimer_init:
  2106   00016A                     ??_stoa:
  2107                           
  2108                           ; 1 bytes @ 0xD
  2109   00016A                     	ds	1
  2110   00016B                     fputs@i:
  2111                           	callstack 0
  2112   00016B                     _UART1_Init$828:
  2113                           	callstack 0
  2114   00016B                     
  2115                           ; 1 bytes @ 0xE
  2116   00016B                     	ds	1
  2117   00016C                     RingBuf_DataPut@len:
  2118                           	callstack 0
  2119   00016C                     RingBuf_DataWatch@len:
  2120                           	callstack 0
  2121   00016C                     stoa@p:
  2122                           	callstack 0
  2123                           
  2124                           ; 2 bytes @ 0xF
  2125   00016C                     	ds	1
  2126   00016D                     pad@fp:
  2127                           	callstack 0
  2128   00016D                     sys_mstimer_init@T0_prescaler:
  2129                           	callstack 0
  2130   00016D                     ??_delay_ms:
  2131                           
  2132                           ; 1 bytes @ 0x10
  2133   00016D                     	ds	1
  2134   00016E                     RingBuf_DataPut@rb:
  2135                           	callstack 0
  2136   00016E                     RingBuf_DataWatch@rb:
  2137                           	callstack 0
  2138   00016E                     stoa@w:
  2139                           	callstack 0
  2140                           
  2141                           ; 2 bytes @ 0x11
  2142   00016E                     	ds	1
  2143   00016F                     UART1_Init@SPBRG_VAL:
  2144                           	callstack 0
  2145   00016F                     pad@buf:
  2146                           	callstack 0
  2147   00016F                     ??_RingBuf_DataWatch:
  2148   00016F                     ??_RingBuf_DataPut:
  2149                           
  2150                           ; 1 bytes @ 0x12
  2151   00016F                     	ds	1
  2152   000170                     stoa@cp:
  2153                           	callstack 0
  2154                           
  2155                           ; 2 bytes @ 0x13
  2156   000170                     	ds	1
  2157   000171                     sys_mstimer_init@i:
  2158                           	callstack 0
  2159   000171                     pad@p:
  2160                           	callstack 0
  2161   000171                     delay_ms@temp_time:
  2162                           	callstack 0
  2163   000171                     
  2164                           ; 1 bytes @ 0x14
  2165   000171                     	ds	1
  2166   000172                     stoa@l:
  2167                           	callstack 0
  2168                           
  2169                           ; 2 bytes @ 0x15
  2170   000172                     	ds	1
  2171   000173                     sys_mstimer_init@ms_cycles:
  2172                           	callstack 0
  2173   000173                     ??_pad:
  2174                           
  2175                           ; 1 bytes @ 0x16
  2176   000173                     	ds	1
  2177   000174                     pad@i:
  2178                           	callstack 0
  2179                           
  2180                           ; 2 bytes @ 0x17
  2181   000174                     	ds	1
  2182   000175                     
  2183                           ; 1 bytes @ 0x18
  2184   000175                     	ds	1
  2185   000176                     dtoa@fp:
  2186                           	callstack 0
  2187                           
  2188                           ; 2 bytes @ 0x19
  2189   000176                     	ds	1
  2190   000177                     sys_init@cycles:
  2191                           	callstack 0
  2192   000177                     
  2193                           ; 1 bytes @ 0x1A
  2194   000177                     	ds	1
  2195   000178                     dtoa@d:
  2196                           	callstack 0
  2197                           
  2198                           ; 4 bytes @ 0x1B
  2199   000178                     	ds	4
  2200   00017C                     _dtoa$2306:
  2201                           	callstack 0
  2202   00017C                     
  2203                           ; 1 bytes @ 0x1F
  2204   00017C                     	ds	1
  2205   00017D                     RingBuf_DataWatch@s_addr:
  2206                           	callstack 0
  2207                           
  2208                           ; 2 bytes @ 0x20
  2209   00017D                     	ds	1
  2210   00017E                     dtoa@w:
  2211                           	callstack 0
  2212                           
  2213                           ; 2 bytes @ 0x21
  2214   00017E                     	ds	1
  2215   00017F                     RingBuf_DataPut@len_tmp:
  2216                           	callstack 0
  2217   00017F                     RingBuf_DataWatch@loc_tail:
  2218                           	callstack 0
  2219                           
  2220                           ; 2 bytes @ 0x22
  2221   00017F                     	ds	1
  2222   000180                     dtoa@p:
  2223                           	callstack 0
  2224                           
  2225                           ; 2 bytes @ 0x23
  2226   000180                     	ds	1
  2227   000181                     RingBuf_DataPut@input:
  2228                           	callstack 0
  2229   000181                     RingBuf_DataWatch@space:
  2230                           	callstack 0
  2231                           
  2232                           ; 2 bytes @ 0x24
  2233   000181                     	ds	1
  2234   000182                     dtoa@s:
  2235                           	callstack 0
  2236                           
  2237                           ; 1 bytes @ 0x25
  2238   000182                     	ds	1
  2239   000183                     RingBuf_DataPut@s_addr:
  2240                           	callstack 0
  2241   000183                     RingBuf_DataWatch@aval_len:
  2242                           	callstack 0
  2243   000183                     dtoa@i:
  2244                           	callstack 0
  2245                           
  2246                           ; 2 bytes @ 0x26
  2247   000183                     	ds	2
  2248   000185                     RingBuf_DataPut@space:
  2249                           	callstack 0
  2250   000185                     RingBuf_DataRead@data:
  2251                           	callstack 0
  2252   000185                     vfpfcnvrt@fp:
  2253                           	callstack 0
  2254                           
  2255                           ; 2 bytes @ 0x28
  2256   000185                     	ds	2
  2257   000187                     RingBuf_DataPut@avaldat:
  2258                           	callstack 0
  2259   000187                     RingBuf_DataRead@len:
  2260                           	callstack 0
  2261   000187                     vfpfcnvrt@fmt:
  2262                           	callstack 0
  2263                           
  2264                           ; 2 bytes @ 0x2A
  2265   000187                     	ds	2
  2266   000189                     RingBuf_DataRead@rb:
  2267                           	callstack 0
  2268   000189                     vfpfcnvrt@ap:
  2269                           	callstack 0
  2270                           
  2271                           ; 2 bytes @ 0x2C
  2272   000189                     	ds	1
  2273   00018A                     ??_RingBuf_DataRead:
  2274                           
  2275                           ; 1 bytes @ 0x2D
  2276   00018A                     	ds	1
  2277   00018B                     ??_vfpfcnvrt:
  2278                           
  2279                           ; 1 bytes @ 0x2E
  2280   00018B                     	ds	2
  2281   00018D                     vfpfcnvrt@convarg:
  2282                           	callstack 0
  2283                           
  2284                           ; 4 bytes @ 0x30
  2285   00018D                     	ds	1
  2286   00018E                     RingBuf_DataRead@st:
  2287                           	callstack 0
  2288                           
  2289                           ; 1 bytes @ 0x31
  2290   00018E                     	ds	1
  2291   00018F                     RingBuf_DataRead@aval_len:
  2292                           	callstack 0
  2293                           
  2294                           ; 2 bytes @ 0x32
  2295   00018F                     	ds	2
  2296   000191                     ?_dbio_getstring:
  2297                           	callstack 0
  2298   000191                     vfpfcnvrt@done:
  2299                           	callstack 0
  2300   000191                     dbio_getstring@str:
  2301                           	callstack 0
  2302   000191                     dbio_putstring@str:
  2303                           	callstack 0
  2304                           
  2305                           ; 2 bytes @ 0x34
  2306   000191                     	ds	1
  2307   000192                     vfpfcnvrt@c:
  2308                           	callstack 0
  2309                           
  2310                           ; 1 bytes @ 0x35
  2311   000192                     	ds	1
  2312   000193                     vfpfcnvrt@cp:
  2313                           	callstack 0
  2314   000193                     dbio_getstring@Nmax:
  2315                           	callstack 0
  2316   000193                     dbio_putstring@Nmax:
  2317                           	callstack 0
  2318                           
  2319                           ; 2 bytes @ 0x36
  2320   000193                     	ds	1
  2321   000194                     ?_vfprintf:
  2322                           	callstack 0
  2323   000194                     vfprintf@fp:
  2324                           	callstack 0
  2325                           
  2326                           ; 2 bytes @ 0x37
  2327   000194                     	ds	1
  2328   000195                     dbio_getstring@timeout:
  2329                           	callstack 0
  2330   000195                     ??_dbio_putstring:
  2331                           
  2332                           ; 1 bytes @ 0x38
  2333   000195                     	ds	1
  2334   000196                     vfprintf@fmt:
  2335                           	callstack 0
  2336                           
  2337                           ; 1 bytes @ 0x39
  2338   000196                     	ds	1
  2339   000197                     dbio_putstring@str_len:
  2340                           	callstack 0
  2341   000197                     vfprintf@ap:
  2342                           	callstack 0
  2343   000197                     ??_dbio_getstring:
  2344                           
  2345                           ; 1 bytes @ 0x3A
  2346   000197                     	ds	2
  2347   000199                     dbio_putstring@byte:
  2348                           	callstack 0
  2349   000199                     vfprintf@cfmt:
  2350                           	callstack 0
  2351   000199                     
  2352                           ; 1 bytes @ 0x3C
  2353   000199                     	ds	1
  2354   00019A                     ?_sprintf:
  2355                           	callstack 0
  2356   00019A                     sprintf@s:
  2357                           	callstack 0
  2358                           
  2359                           ; 2 bytes @ 0x3D
  2360   00019A                     	ds	2
  2361   00019C                     sprintf@fmt:
  2362                           	callstack 0
  2363                           
  2364                           ; 1 bytes @ 0x3F
  2365   00019C                     	ds	9
  2366   0001A5                     sprintf@ap:
  2367                           	callstack 0
  2368   0001A5                     
  2369                           ; 1 bytes @ 0x48
  2370   0001A5                     	ds	2
  2371   0001A7                     sprintf@f:
  2372                           	callstack 0
  2373                           
  2374                           ; 11 bytes @ 0x4A
  2375   0001A7                     	ds	11
  2376   0001B2                     ??_main:
  2377                           
  2378                           ; 1 bytes @ 0x55
  2379   0001B2                     	ds	6
  2380                           
  2381                           	psect	cstackBANK0
  2382   000060                     __pcstackBANK0:
  2383                           	callstack 0
  2384   000060                     i1RingBuf_Available@len:
  2385                           	callstack 0
  2386   000060                     i1memcpy@d1:
  2387                           	callstack 0
  2388   000060                     ??_ADC_cplt_cbk:
  2389                           
  2390                           ; 1 bytes @ 0x0
  2391   000060                     	ds	2
  2392   000062                     i1RingBuf_Available@rb:
  2393                           	callstack 0
  2394   000062                     i1memcpy@s1:
  2395                           	callstack 0
  2396                           
  2397                           ; 2 bytes @ 0x2
  2398   000062                     	ds	1
  2399   000063                     ??i1_RingBuf_Available:
  2400                           
  2401                           ; 1 bytes @ 0x3
  2402   000063                     	ds	1
  2403   000064                     i1memcpy@n:
  2404                           	callstack 0
  2405                           
  2406                           ; 2 bytes @ 0x4
  2407   000064                     	ds	2
  2408   000066                     i1memcpy@d:
  2409                           	callstack 0
  2410   000066                     
  2411                           ; 1 bytes @ 0x6
  2412   000066                     	ds	2
  2413   000068                     i1memcpy@s:
  2414                           	callstack 0
  2415                           
  2416                           ; 2 bytes @ 0x8
  2417   000068                     	ds	2
  2418   00006A                     i1memcpy@tmp:
  2419                           	callstack 0
  2420                           
  2421                           ; 1 bytes @ 0xA
  2422   00006A                     	ds	3
  2423   00006D                     i1RingBuf_DataPut@data:
  2424                           	callstack 0
  2425   00006D                     i1RingBuf_DataWatch@data:
  2426                           	callstack 0
  2427                           
  2428                           ; 2 bytes @ 0xD
  2429   00006D                     	ds	2
  2430   00006F                     i1RingBuf_DataPut@len:
  2431                           	callstack 0
  2432   00006F                     i1RingBuf_DataWatch@len:
  2433                           	callstack 0
  2434                           
  2435                           ; 2 bytes @ 0xF
  2436   00006F                     	ds	2
  2437   000071                     i1RingBuf_DataPut@rb:
  2438                           	callstack 0
  2439   000071                     i1RingBuf_DataWatch@rb:
  2440                           	callstack 0
  2441                           
  2442                           ; 1 bytes @ 0x11
  2443   000071                     	ds	1
  2444   000072                     ??i1_RingBuf_DataPut:
  2445   000072                     ??i1_RingBuf_DataWatch:
  2446                           
  2447                           ; 1 bytes @ 0x12
  2448   000072                     	ds	14
  2449   000080                     i1RingBuf_DataWatch@s_addr:
  2450                           	callstack 0
  2451                           
  2452                           ; 2 bytes @ 0x20
  2453   000080                     	ds	2
  2454   000082                     i1RingBuf_DataPut@len_tmp:
  2455                           	callstack 0
  2456   000082                     i1RingBuf_DataWatch@loc_tail:
  2457                           	callstack 0
  2458                           
  2459                           ; 2 bytes @ 0x22
  2460   000082                     	ds	2
  2461   000084                     i1RingBuf_DataPut@input:
  2462                           	callstack 0
  2463   000084                     i1RingBuf_DataWatch@space:
  2464                           	callstack 0
  2465                           
  2466                           ; 2 bytes @ 0x24
  2467   000084                     	ds	2
  2468   000086                     i1RingBuf_DataPut@s_addr:
  2469                           	callstack 0
  2470   000086                     i1RingBuf_DataWatch@aval_len:
  2471                           	callstack 0
  2472                           
  2473                           ; 2 bytes @ 0x26
  2474   000086                     	ds	2
  2475   000088                     i1RingBuf_DataPut@avaldat:
  2476                           	callstack 0
  2477   000088                     i1RingBuf_DataRead@data:
  2478                           	callstack 0
  2479                           
  2480                           ; 2 bytes @ 0x28
  2481   000088                     	ds	2
  2482   00008A                     i1RingBuf_DataPut@space:
  2483                           	callstack 0
  2484   00008A                     i1RingBuf_DataRead@len:
  2485                           	callstack 0
  2486                           
  2487                           ; 2 bytes @ 0x2A
  2488   00008A                     	ds	2
  2489   00008C                     RXbyte_cbk@byte:
  2490                           	callstack 0
  2491   00008C                     i1RingBuf_DataRead@rb:
  2492                           	callstack 0
  2493   00008C                     
  2494                           ; 1 bytes @ 0x2C
  2495   00008C                     	ds	1
  2496   00008D                     ??i1_RingBuf_DataRead:
  2497                           
  2498                           ; 1 bytes @ 0x2D
  2499   00008D                     	ds	4
  2500   000091                     i1RingBuf_DataRead@st:
  2501                           	callstack 0
  2502                           
  2503                           ; 1 bytes @ 0x31
  2504   000091                     	ds	1
  2505   000092                     i1RingBuf_DataRead@aval_len:
  2506                           	callstack 0
  2507                           
  2508                           ; 2 bytes @ 0x32
  2509   000092                     	ds	2
  2510   000094                     TXbyte_cbk@byte:
  2511                           	callstack 0
  2512   000094                     
  2513                           ; 1 bytes @ 0x34
  2514   000094                     	ds	1
  2515   000095                     TXbyte_cbk@buf_len:
  2516                           	callstack 0
  2517                           
  2518                           ; 2 bytes @ 0x35
  2519   000095                     	ds	2
  2520   000097                     ??_Interrupts_handler:
  2521                           
  2522                           ; 1 bytes @ 0x37
  2523   000097                     	ds	14
  2524   0000A5                     Interrupts_handler@i:
  2525                           	callstack 0
  2526                           
  2527                           ; 2 bytes @ 0x45
  2528   0000A5                     	ds	2
  2529                           
  2530                           	psect	cstackCOMRAM
  2531   000002                     __pcstackCOMRAM:
  2532                           	callstack 0
  2533   000002                     ?i2_get_ms:
  2534                           	callstack 0
  2535   000002                     i2RingBuf_Available@len:
  2536                           	callstack 0
  2537   000002                     i2memcpy@d1:
  2538                           	callstack 0
  2539   000002                     ??_ADC_ms_cbk:
  2540   000002                     ??i2_ADC_cplt_cbk:
  2541                           
  2542                           ; 1 bytes @ 0x0
  2543   000002                     	ds	2
  2544   000004                     i2RingBuf_Available@rb:
  2545                           	callstack 0
  2546   000004                     i2memcpy@s1:
  2547                           	callstack 0
  2548                           
  2549                           ; 2 bytes @ 0x2
  2550   000004                     	ds	1
  2551   000005                     ??i2_RingBuf_Available:
  2552                           
  2553                           ; 1 bytes @ 0x3
  2554   000005                     	ds	1
  2555   000006                     i2memcpy@n:
  2556                           	callstack 0
  2557   000006                     i2get_ms@retval_1:
  2558                           	callstack 0
  2559   000006                     
  2560                           ; 1 bytes @ 0x4
  2561   000006                     	ds	2
  2562   000008                     i2memcpy@d:
  2563                           	callstack 0
  2564   000008                     
  2565                           ; 1 bytes @ 0x6
  2566   000008                     	ds	2
  2567   00000A                     i2memcpy@s:
  2568                           	callstack 0
  2569   00000A                     i2get_ms@retval_2:
  2570                           	callstack 0
  2571                           
  2572                           ; 4 bytes @ 0x8
  2573   00000A                     	ds	2
  2574   00000C                     i2memcpy@tmp:
  2575                           	callstack 0
  2576                           
  2577                           ; 1 bytes @ 0xA
  2578   00000C                     	ds	2
  2579   00000E                     ??_blinky:
  2580                           
  2581                           ; 1 bytes @ 0xC
  2582   00000E                     	ds	1
  2583   00000F                     i2RingBuf_DataPut@data:
  2584                           	callstack 0
  2585   00000F                     i2RingBuf_DataWatch@data:
  2586                           	callstack 0
  2587                           
  2588                           ; 2 bytes @ 0xD
  2589   00000F                     	ds	2
  2590   000011                     i2RingBuf_DataPut@len:
  2591                           	callstack 0
  2592   000011                     i2RingBuf_DataWatch@len:
  2593                           	callstack 0
  2594                           
  2595                           ; 2 bytes @ 0xF
  2596   000011                     	ds	2
  2597   000013                     i2RingBuf_DataPut@rb:
  2598                           	callstack 0
  2599   000013                     i2RingBuf_DataWatch@rb:
  2600                           	callstack 0
  2601                           
  2602                           ; 1 bytes @ 0x11
  2603   000013                     	ds	1
  2604   000014                     ??i2_RingBuf_DataPut:
  2605   000014                     ??i2_RingBuf_DataWatch:
  2606                           
  2607                           ; 1 bytes @ 0x12
  2608   000014                     	ds	14
  2609   000022                     i2RingBuf_DataWatch@s_addr:
  2610                           	callstack 0
  2611                           
  2612                           ; 2 bytes @ 0x20
  2613   000022                     	ds	2
  2614   000024                     i2RingBuf_DataPut@len_tmp:
  2615                           	callstack 0
  2616   000024                     i2RingBuf_DataWatch@loc_tail:
  2617                           	callstack 0
  2618                           
  2619                           ; 2 bytes @ 0x22
  2620   000024                     	ds	2
  2621   000026                     i2RingBuf_DataPut@input:
  2622                           	callstack 0
  2623   000026                     i2RingBuf_DataWatch@space:
  2624                           	callstack 0
  2625                           
  2626                           ; 2 bytes @ 0x24
  2627   000026                     	ds	2
  2628   000028                     i2RingBuf_DataPut@s_addr:
  2629                           	callstack 0
  2630   000028                     i2RingBuf_DataWatch@aval_len:
  2631                           	callstack 0
  2632                           
  2633                           ; 2 bytes @ 0x26
  2634   000028                     	ds	2
  2635   00002A                     i2RingBuf_DataPut@avaldat:
  2636                           	callstack 0
  2637   00002A                     i2RingBuf_DataRead@data:
  2638                           	callstack 0
  2639                           
  2640                           ; 2 bytes @ 0x28
  2641   00002A                     	ds	2
  2642   00002C                     i2RingBuf_DataPut@space:
  2643                           	callstack 0
  2644   00002C                     i2RingBuf_DataRead@len:
  2645                           	callstack 0
  2646                           
  2647                           ; 2 bytes @ 0x2A
  2648   00002C                     	ds	2
  2649   00002E                     i2RingBuf_DataRead@rb:
  2650                           	callstack 0
  2651   00002E                     i2RXbyte_cbk@byte:
  2652                           	callstack 0
  2653   00002E                     
  2654                           ; 1 bytes @ 0x2C
  2655   00002E                     	ds	1
  2656   00002F                     ??i2_RingBuf_DataRead:
  2657                           
  2658                           ; 1 bytes @ 0x2D
  2659   00002F                     	ds	4
  2660   000033                     i2RingBuf_DataRead@st:
  2661                           	callstack 0
  2662                           
  2663                           ; 1 bytes @ 0x31
  2664   000033                     	ds	1
  2665   000034                     i2RingBuf_DataRead@aval_len:
  2666                           	callstack 0
  2667                           
  2668                           ; 2 bytes @ 0x32
  2669   000034                     	ds	2
  2670   000036                     i2TXbyte_cbk@byte:
  2671                           	callstack 0
  2672   000036                     
  2673                           ; 1 bytes @ 0x34
  2674   000036                     	ds	1
  2675   000037                     i2TXbyte_cbk@buf_len:
  2676                           	callstack 0
  2677                           
  2678                           ; 2 bytes @ 0x35
  2679   000037                     	ds	2
  2680   000039                     ??_HighInterrupts_handler:
  2681                           
  2682                           ; 1 bytes @ 0x37
  2683   000039                     	ds	11
  2684   000044                     HighInterrupts_handler@i_746:
  2685                           	callstack 0
  2686                           
  2687                           ; 2 bytes @ 0x42
  2688   000044                     	ds	2
  2689   000046                     HighInterrupts_handler@i:
  2690                           	callstack 0
  2691                           
  2692                           ; 1 bytes @ 0x44
  2693   000046                     	ds	1
  2694                           
  2695 ;;
  2696 ;;Main: autosize = 0, tempsize = 6, incstack = 0, save=0
  2697 ;;
  2698 ;; *************** function _main *****************
  2699 ;; Defined at:
  2700 ;;		line 25 in file "main.c"
  2701 ;; Parameters:    Size  Location     Type
  2702 ;;		None
  2703 ;; Auto vars:     Size  Location     Type
  2704 ;;  strtx         100  100[BANK2 ] unsigned char [100]
  2705 ;;  strrx         100    0[BANK2 ] unsigned char [100]
  2706 ;; Return value:  Size  Location     Type
  2707 ;;                  1    wreg      void 
  2708 ;; Registers used:
  2709 ;;		wreg, fsr1l, fsr1h, fsr2l, fsr2h, status,2, status,0, tblptrl, tblptrh, tblptru, prodl, prodh, cstack
  2710 ;; Tracked objects:
  2711 ;;		On entry : 0/0
  2712 ;;		On exit  : 0/0
  2713 ;;		Unchanged: 0/0
  2714 ;; Data sizes:     COMRAM   BANK0   BANK1   BANK2   BANK3   BANK4   BANK5   BANK6   BANK7   BANK8   BANK9  BANK10  BANK1
      +1  BANK12  BANK13  BANK14
  2715 ;;      Params:         0       0       0       0       0       0       0       0       0       0       0       0       
      +0       0       0       0
  2716 ;;      Locals:         0       0       0     200       0       0       0       0       0       0       0       0       
      +0       0       0       0
  2717 ;;      Temps:          0       0       6       0       0       0       0       0       0       0       0       0       
      +0       0       0       0
  2718 ;;      Totals:         0       0       6     200       0       0       0       0       0       0       0       0       
      +0       0       0       0
  2719 ;;Total ram usage:      206 bytes
  2720 ;; Hardware stack levels required when called: 17
  2721 ;; This function calls:
  2722 ;;		_ADC_getChan
  2723 ;;		_ADC_init
  2724 ;;		_ADC_start_IT
  2725 ;;		_ADC_stop_IT
  2726 ;;		_RTC_init
  2727 ;;		_dbio_getstring
  2728 ;;		_dbio_init
  2729 ;;		_dbio_putstring
  2730 ;;		_delay_ms
  2731 ;;		_get_ms
  2732 ;;		_read_RTCC
  2733 ;;		_sprintf
  2734 ;;		_sys_init
  2735 ;;		_sys_regiter_ms_clbk
  2736 ;;		_write_RTCC
  2737 ;; This function is called by:
  2738 ;;		Startup code after reset
  2739 ;; This function uses a non-reentrant model
  2740 ;;
  2741                           
  2742                           	psect	text0
  2743   002438                     __ptext0:
  2744                           	callstack 0
  2745   002438                     _main:
  2746                           	callstack 14
  2747   002438                     
  2748                           ;main.c: 27:   sys_init();
  2749   002438  ECB2  F020         	call	_sys_init	;wreg free
  2750   00243C                     
  2751                           ;main.c: 28:   dbio_init();
  2752   00243C  EC00  F01F         	call	_dbio_init	;wreg free
  2753   002440                     
  2754                           ;main.c: 30:   TRISDbits.TRISD4 = 0;
  2755   002440  9895               	bcf	149,4,c	;volatile
  2756   002442                     
  2757                           ;main.c: 31:   sys_regiter_ms_clbk(blinky);
  2758   002442  0E94               	movlw	low _blinky
  2759   002444  0101               	movlb	1	; () banked
  2760   002446  6F5D               	movwf	sys_regiter_ms_clbk@clbk& (0+255),b
  2761   002448  0E3B               	movlw	high _blinky
  2762   00244A  6F5E               	movwf	(sys_regiter_ms_clbk@clbk+1)& (0+255),b
  2763   00244C  ECBB  F021         	call	_sys_regiter_ms_clbk	;wreg free
  2764   002450                     
  2765                           ;main.c: 33:   RTC_init();
  2766   002450  ECFE  F021         	call	_RTC_init	;wreg free
  2767   002454                     
  2768                           ;main.c: 34:   DateTime.DAY = 1;
  2769   002454  0E01               	movlw	1
  2770   002456  0102               	movlb	2	; () banked
  2771   002458  6FCA               	movwf	(_DateTime+2)& (0+255),b
  2772   00245A                     
  2773                           ; BSR set to: 2
  2774                           ;main.c: 35:   DateTime.YEAR = 0;
  2775   00245A  6BC8               	clrf	_DateTime& (0+255),b
  2776   00245C                     
  2777                           ; BSR set to: 2
  2778                           ;main.c: 36:   DateTime.MONTH = 1;
  2779   00245C  0E01               	movlw	1
  2780   00245E  6FC9               	movwf	(_DateTime+1)& (0+255),b
  2781   002460                     
  2782                           ; BSR set to: 2
  2783                           ;main.c: 37:   DateTime.WEEKDAY = 0;
  2784   002460  6BCB               	clrf	(_DateTime+3)& (0+255),b
  2785   002462                     
  2786                           ; BSR set to: 2
  2787                           ;main.c: 38:   DateTime.HOURS = 0;
  2788   002462  6BCC               	clrf	(_DateTime+4)& (0+255),b
  2789   002464                     
  2790                           ; BSR set to: 2
  2791                           ;main.c: 39:   DateTime.MINUTES = 0;
  2792   002464  6BCD               	clrf	(_DateTime+5)& (0+255),b
  2793   002466                     
  2794                           ; BSR set to: 2
  2795                           ;main.c: 40:   DateTime.SECONDS = 0;
  2796   002466  6BCE               	clrf	(_DateTime+6)& (0+255),b
  2797   002468                     
  2798                           ; BSR set to: 2
  2799                           ;main.c: 41:   write_RTCC(&DateTime);
  2800   002468  0EC8               	movlw	low _DateTime
  2801   00246A  0101               	movlb	1	; () banked
  2802   00246C  6F5D               	movwf	write_RTCC@me& (0+255),b
  2803   00246E  0E02               	movlw	high _DateTime
  2804   002470  6F5E               	movwf	(write_RTCC@me+1)& (0+255),b
  2805   002472  EC3A  F01D         	call	_write_RTCC	;wreg free
  2806   002476                     
  2807                           ;main.c: 43:   ADC_init();
  2808   002476  EC86  F01D         	call	_ADC_init	;wreg free
  2809   00247A                     
  2810                           ;main.c: 44:   ADC_start_IT();
  2811   00247A  ECE9  F021         	call	_ADC_start_IT	;wreg free
  2812   00247E                     
  2813                           ;main.c: 46:   char strtx[100];;main.c: 47:   char strrx[100];;main.c: 49:   sprintf(str
      +                          tx, "Hello!!!\n\rTime: %ld\n\rEnter string: \n\r", get_ms());
  2814   00247E  0E64               	movlw	low main@strtx
  2815   002480  0101               	movlb	1	; () banked
  2816   002482  6F9A               	movwf	sprintf@s& (0+255),b
  2817   002484  0E02               	movlw	high main@strtx
  2818   002486  6F9B               	movwf	(sprintf@s+1)& (0+255),b
  2819   002488  0E2E               	movlw	low STR_1
  2820   00248A  6F9C               	movwf	sprintf@fmt& (0+255),b
  2821   00248C  EC4D  F01E         	call	_get_ms	;wreg free
  2822   002490  C15D  F19D         	movff	?_get_ms,?_sprintf+3
  2823   002494  C15E  F19E         	movff	?_get_ms+1,?_sprintf+4
  2824   002498  C15F  F19F         	movff	?_get_ms+2,?_sprintf+5
  2825   00249C  C160  F1A0         	movff	?_get_ms+3,?_sprintf+6
  2826   0024A0  ECFC  F020         	call	_sprintf	;wreg free
  2827   0024A4                     
  2828                           ;main.c: 50:   dbio_putstring(strtx, 50);
  2829   0024A4  0E64               	movlw	low main@strtx
  2830   0024A6  0101               	movlb	1	; () banked
  2831   0024A8  6F91               	movwf	dbio_putstring@str& (0+255),b
  2832   0024AA  0E02               	movlw	high main@strtx
  2833   0024AC  6F92               	movwf	(dbio_putstring@str+1)& (0+255),b
  2834   0024AE  6B94               	clrf	(dbio_putstring@Nmax+1)& (0+255),b
  2835   0024B0  0E32               	movlw	50
  2836   0024B2  6F93               	movwf	dbio_putstring@Nmax& (0+255),b
  2837   0024B4  EC48  F01B         	call	_dbio_putstring	;wreg free
  2838   0024B8                     
  2839                           ;main.c: 51:   delay_ms(15);
  2840   0024B8  0E0F               	movlw	15
  2841   0024BA  0101               	movlb	1	; () banked
  2842   0024BC  6F69               	movwf	delay_ms@del& (0+255),b
  2843   0024BE  0E00               	movlw	0
  2844   0024C0  6F6A               	movwf	(delay_ms@del+1)& (0+255),b
  2845   0024C2  0E00               	movlw	0
  2846   0024C4  6F6B               	movwf	(delay_ms@del+2)& (0+255),b
  2847   0024C6  0E00               	movlw	0
  2848   0024C8  6F6C               	movwf	(delay_ms@del+3)& (0+255),b
  2849   0024CA  EC12  F020         	call	_delay_ms	;wreg free
  2850   0024CE                     l5268:
  2851                           
  2852                           ;main.c: 53:   {;main.c: 54:     read_RTCC(&DateTime);
  2853   0024CE  0EC8               	movlw	low _DateTime
  2854   0024D0  0101               	movlb	1	; () banked
  2855   0024D2  6F5D               	movwf	read_RTCC@me& (0+255),b
  2856   0024D4  0E02               	movlw	high _DateTime
  2857   0024D6  6F5E               	movwf	(read_RTCC@me+1)& (0+255),b
  2858   0024D8  EC4A  F01C         	call	_read_RTCC	;wreg free
  2859   0024DC                     
  2860                           ;main.c: 56:     sprintf(strtx, "ADC: %d %d %d\n\r", ADC_getChan(0), ADC_getChan(1), ADC
      +                          _getChan(2));
  2861   0024DC  0E64               	movlw	low main@strtx
  2862   0024DE  0101               	movlb	1	; () banked
  2863   0024E0  6F9A               	movwf	sprintf@s& (0+255),b
  2864   0024E2  0E02               	movlw	high main@strtx
  2865   0024E4  6F9B               	movwf	(sprintf@s+1)& (0+255),b
  2866   0024E6  0E54               	movlw	low STR_2
  2867   0024E8  6F9C               	movwf	sprintf@fmt& (0+255),b
  2868   0024EA  0E00               	movlw	0
  2869   0024EC  ECD3  F021         	call	_ADC_getChan
  2870   0024F0  C15D  F19D         	movff	?_ADC_getChan,?_sprintf+3
  2871   0024F4  C15E  F19E         	movff	?_ADC_getChan+1,?_sprintf+4
  2872   0024F8  0E01               	movlw	1
  2873   0024FA  ECD3  F021         	call	_ADC_getChan
  2874   0024FE  C15D  F19F         	movff	?_ADC_getChan,?_sprintf+5
  2875   002502  C15E  F1A0         	movff	?_ADC_getChan+1,?_sprintf+6
  2876   002506  0E02               	movlw	2
  2877   002508  ECD3  F021         	call	_ADC_getChan
  2878   00250C  C15D  F1A1         	movff	?_ADC_getChan,?_sprintf+7
  2879   002510  C15E  F1A2         	movff	?_ADC_getChan+1,?_sprintf+8
  2880   002514  ECFC  F020         	call	_sprintf	;wreg free
  2881   002518                     
  2882                           ;main.c: 57:     dbio_putstring(strtx, 100);
  2883   002518  0E64               	movlw	low main@strtx
  2884   00251A  0101               	movlb	1	; () banked
  2885   00251C  6F91               	movwf	dbio_putstring@str& (0+255),b
  2886   00251E  0E02               	movlw	high main@strtx
  2887   002520  6F92               	movwf	(dbio_putstring@str+1)& (0+255),b
  2888   002522  6B94               	clrf	(dbio_putstring@Nmax+1)& (0+255),b
  2889   002524  0E64               	movlw	100
  2890   002526  6F93               	movwf	dbio_putstring@Nmax& (0+255),b
  2891   002528  EC48  F01B         	call	_dbio_putstring	;wreg free
  2892   00252C                     
  2893                           ;main.c: 59:     if(dbio_getstring(strrx, 50, 5) > 0)
  2894   00252C  0E00               	movlw	low main@strrx
  2895   00252E  0101               	movlb	1	; () banked
  2896   002530  6F91               	movwf	dbio_getstring@str& (0+255),b
  2897   002532  0E02               	movlw	high main@strrx
  2898   002534  6F92               	movwf	(dbio_getstring@str+1)& (0+255),b
  2899   002536  6B94               	clrf	(dbio_getstring@Nmax+1)& (0+255),b
  2900   002538  0E32               	movlw	50
  2901   00253A  6F93               	movwf	dbio_getstring@Nmax& (0+255),b
  2902   00253C  6B96               	clrf	(dbio_getstring@timeout+1)& (0+255),b
  2903   00253E  0E05               	movlw	5
  2904   002540  6F95               	movwf	dbio_getstring@timeout& (0+255),b
  2905   002542  EC0F  F013         	call	_dbio_getstring	;wreg free
  2906   002546  0101               	movlb	1	; () banked
  2907   002548  BF92               	btfsc	(?_dbio_getstring+1)& (0+255),7,b
  2908   00254A  EFAF  F012         	goto	u4751
  2909   00254E  5192               	movf	(?_dbio_getstring+1)& (0+255),w,b
  2910   002550  E108               	bnz	u4750
  2911   002552  0591               	decf	?_dbio_getstring& (0+255),w,b
  2912   002554  A0D8               	btfss	status,0,c
  2913   002556  EFAF  F012         	goto	u4751
  2914   00255A  EFB1  F012         	goto	u4750
  2915   00255E                     u4751:
  2916   00255E  EF00  F013         	goto	l5280
  2917   002562                     u4750:
  2918   002562                     
  2919                           ; BSR set to: 1
  2920                           ;main.c: 60:     {;main.c: 61:       sprintf(strtx, "Time: %.2d:%2.2d:%2.2d\n\rEntered s
      +                          tring: %s\n\r", (((DateTime.HOURS & 0xF0) >> 4) * 10) + (DateTime.HOURS & 0x0F), (((Date
      +                          Time.MINUTES & 0xF0) >> 4) * 10) + (DateTime.MINUTES & 0x0F), (((DateTime.SECONDS & 0xF0
      +                          ) >> 4) * 10) + (DateTime.SECONDS & 0x0F), strrx);
  2921   002562  0E64               	movlw	low main@strtx
  2922   002564  6F9A               	movwf	sprintf@s& (0+255),b
  2923   002566  0E02               	movlw	high main@strtx
  2924   002568  6F9B               	movwf	(sprintf@s+1)& (0+255),b
  2925   00256A  0E01               	movlw	low STR_3
  2926   00256C  6F9C               	movwf	sprintf@fmt& (0+255),b
  2927   00256E  C2CC  F1B2         	movff	_DateTime+4,??_main
  2928   002572  0E0F               	movlw	15
  2929   002574  17B2               	andwf	??_main& (0+255),f,b
  2930   002576  C2CC  F1B3         	movff	_DateTime+4,??_main+1
  2931   00257A  3BB3               	swapf	(??_main+1)& (0+255),f,b
  2932   00257C  0E0F               	movlw	15
  2933   00257E  17B3               	andwf	(??_main+1)& (0+255),f,b
  2934   002580  0E0F               	movlw	15
  2935   002582  17B3               	andwf	(??_main+1)& (0+255),f,b
  2936   002584  51B3               	movf	(??_main+1)& (0+255),w,b
  2937   002586  0D0A               	mullw	10
  2938   002588  51B2               	movf	??_main& (0+255),w,b
  2939   00258A  24F3               	addwf	243,w,c
  2940   00258C  6F9D               	movwf	(?_sprintf+3)& (0+255),b
  2941   00258E  0E00               	movlw	0
  2942   002590  20F4               	addwfc	244,w,c
  2943   002592  6F9E               	movwf	(?_sprintf+4)& (0+255),b
  2944   002594  C2CD  F1B4         	movff	_DateTime+5,??_main+2
  2945   002598  0E0F               	movlw	15
  2946   00259A  17B4               	andwf	(??_main+2)& (0+255),f,b
  2947   00259C  C2CD  F1B5         	movff	_DateTime+5,??_main+3
  2948   0025A0  3BB5               	swapf	(??_main+3)& (0+255),f,b
  2949   0025A2  0E0F               	movlw	15
  2950   0025A4  17B5               	andwf	(??_main+3)& (0+255),f,b
  2951   0025A6  0E0F               	movlw	15
  2952   0025A8  17B5               	andwf	(??_main+3)& (0+255),f,b
  2953   0025AA  51B5               	movf	(??_main+3)& (0+255),w,b
  2954   0025AC  0D0A               	mullw	10
  2955   0025AE  51B4               	movf	(??_main+2)& (0+255),w,b
  2956   0025B0  24F3               	addwf	243,w,c
  2957   0025B2  6F9F               	movwf	(?_sprintf+5)& (0+255),b
  2958   0025B4  0E00               	movlw	0
  2959   0025B6  20F4               	addwfc	244,w,c
  2960   0025B8  6FA0               	movwf	(?_sprintf+6)& (0+255),b
  2961   0025BA  C2CE  F1B6         	movff	_DateTime+6,??_main+4
  2962   0025BE  0E0F               	movlw	15
  2963   0025C0  17B6               	andwf	(??_main+4)& (0+255),f,b
  2964   0025C2  C2CE  F1B7         	movff	_DateTime+6,??_main+5
  2965   0025C6  3BB7               	swapf	(??_main+5)& (0+255),f,b
  2966   0025C8  0E0F               	movlw	15
  2967   0025CA  17B7               	andwf	(??_main+5)& (0+255),f,b
  2968   0025CC  0E0F               	movlw	15
  2969   0025CE  17B7               	andwf	(??_main+5)& (0+255),f,b
  2970   0025D0  51B7               	movf	(??_main+5)& (0+255),w,b
  2971   0025D2  0D0A               	mullw	10
  2972   0025D4  51B6               	movf	(??_main+4)& (0+255),w,b
  2973   0025D6  24F3               	addwf	243,w,c
  2974   0025D8  6FA1               	movwf	(?_sprintf+7)& (0+255),b
  2975   0025DA  0E00               	movlw	0
  2976   0025DC  20F4               	addwfc	244,w,c
  2977   0025DE  6FA2               	movwf	(?_sprintf+8)& (0+255),b
  2978   0025E0  0E00               	movlw	low main@strrx
  2979   0025E2  6FA3               	movwf	(?_sprintf+9)& (0+255),b
  2980   0025E4  0E02               	movlw	high main@strrx
  2981   0025E6  6FA4               	movwf	(?_sprintf+10)& (0+255),b
  2982   0025E8  ECFC  F020         	call	_sprintf	;wreg free
  2983   0025EC                     
  2984                           ;main.c: 62:       dbio_putstring(strtx, 100);
  2985   0025EC  0E64               	movlw	low main@strtx
  2986   0025EE  0101               	movlb	1	; () banked
  2987   0025F0  6F91               	movwf	dbio_putstring@str& (0+255),b
  2988   0025F2  0E02               	movlw	high main@strtx
  2989   0025F4  6F92               	movwf	(dbio_putstring@str+1)& (0+255),b
  2990   0025F6  6B94               	clrf	(dbio_putstring@Nmax+1)& (0+255),b
  2991   0025F8  0E64               	movlw	100
  2992   0025FA  6F93               	movwf	dbio_putstring@Nmax& (0+255),b
  2993   0025FC  EC48  F01B         	call	_dbio_putstring	;wreg free
  2994   002600                     l5280:
  2995                           
  2996                           ;main.c: 65:     delay_ms(500);
  2997   002600  0EF4               	movlw	244
  2998   002602  0101               	movlb	1	; () banked
  2999   002604  6F69               	movwf	delay_ms@del& (0+255),b
  3000   002606  0E01               	movlw	1
  3001   002608  6F6A               	movwf	(delay_ms@del+1)& (0+255),b
  3002   00260A  0E00               	movlw	0
  3003   00260C  6F6B               	movwf	(delay_ms@del+2)& (0+255),b
  3004   00260E  0E00               	movlw	0
  3005   002610  6F6C               	movwf	(delay_ms@del+3)& (0+255),b
  3006   002612  EC12  F020         	call	_delay_ms	;wreg free
  3007   002616  EF67  F012         	goto	l5268
  3008   00261A  EF68  F000         	goto	start
  3009   00261E                     __end_of_main:
  3010                           	callstack 0
  3011                           
  3012 ;; *************** function _write_RTCC *****************
  3013 ;; Defined at:
  3014 ;;		line 26 in file "RTC.c"
  3015 ;; Parameters:    Size  Location     Type
  3016 ;;  me              2    0[BANK1 ] const PTR struct .
  3017 ;;		 -> DateTime(8), 
  3018 ;; Auto vars:     Size  Location     Type
  3019 ;;		None
  3020 ;; Return value:  Size  Location     Type
  3021 ;;                  1    wreg      void 
  3022 ;; Registers used:
  3023 ;;		wreg, fsr2l, fsr2h, status,2, status,0, cstack
  3024 ;; Tracked objects:
  3025 ;;		On entry : 0/0
  3026 ;;		On exit  : 0/0
  3027 ;;		Unchanged: 0/0
  3028 ;; Data sizes:     COMRAM   BANK0   BANK1   BANK2   BANK3   BANK4   BANK5   BANK6   BANK7   BANK8   BANK9  BANK10  BANK1
      +1  BANK12  BANK13  BANK14
  3029 ;;      Params:         0       0       2       0       0       0       0       0       0       0       0       0       
      +0       0       0       0
  3030 ;;      Locals:         0       0       0       0       0       0       0       0       0       0       0       0       
      +0       0       0       0
  3031 ;;      Temps:          0       0       0       0       0       0       0       0       0       0       0       0       
      +0       0       0       0
  3032 ;;      Totals:         0       0       2       0       0       0       0       0       0       0       0       0       
      +0       0       0       0
  3033 ;;Total ram usage:        2 bytes
  3034 ;; Hardware stack levels used: 1
  3035 ;; Hardware stack levels required when called: 11
  3036 ;; This function calls:
  3037 ;;		_unlock_RTCC
  3038 ;; This function is called by:
  3039 ;;		_main
  3040 ;; This function uses a non-reentrant model
  3041 ;;
  3042                           
  3043                           	psect	text1
  3044   003A74                     __ptext1:
  3045                           	callstack 0
  3046   003A74                     _write_RTCC:
  3047                           	callstack 19
  3048   003A74                     
  3049                           ;RTC.c: 26: void write_RTCC(RTCC_VAL * const me);RTC.c: 27: {;RTC.c: 28:   INTCONbits.GI
      +                          E = 0;
  3050   003A74  9EF2               	bcf	242,7,c	;volatile
  3051   003A76                     
  3052                           ;RTC.c: 29:   unlock_RTCC();
  3053   003A76  EC0D  F022         	call	_unlock_RTCC	;wreg free
  3054   003A7A                     
  3055                           ;RTC.c: 30:   RTCEN = 0;
  3056   003A7A  010F               	movlb	15	; () banked
  3057   003A7C  9F3F               	bcf	63,7,b	;volatile
  3058   003A7E                     
  3059                           ; BSR set to: 15
  3060                           ;RTC.c: 32:   RTCOE = 0;
  3061   003A7E  953F               	bcf	63,2,b	;volatile
  3062   003A80                     
  3063                           ; BSR set to: 15
  3064                           ;RTC.c: 34:   RTCCFGbits.RTCPTR1 = 1;
  3065   003A80  833F               	bsf	63,1,b	;volatile
  3066   003A82                     
  3067                           ; BSR set to: 15
  3068                           ;RTC.c: 35:   RTCCFGbits.RTCPTR0 = 1;
  3069   003A82  813F               	bsf	63,0,b	;volatile
  3070   003A84                     
  3071                           ; BSR set to: 15
  3072                           ;RTC.c: 37:   RTCVALL = me->YEAR;
  3073   003A84  C15D  FFD9         	movff	write_RTCC@me,fsr2l
  3074   003A88  C15E  FFDA         	movff	write_RTCC@me+1,fsr2h
  3075   003A8C  50DF               	movf	indf2,w,c
  3076   003A8E  6E98               	movwf	152,c	;volatile
  3077   003A90                     
  3078                           ; BSR set to: 15
  3079                           ;RTC.c: 38:   RTCVALH = me->unknown;
  3080   003A90  0101               	movlb	1	; () banked
  3081   003A92  EE20 F007          	lfsr	2,7
  3082   003A96  515D               	movf	write_RTCC@me& (0+255),w,b
  3083   003A98  26D9               	addwf	fsr2l,f,c
  3084   003A9A  515E               	movf	(write_RTCC@me+1)& (0+255),w,b
  3085   003A9C  22DA               	addwfc	fsr2h,f,c
  3086   003A9E  50DF               	movf	indf2,w,c
  3087   003AA0  6E99               	movwf	153,c	;volatile
  3088   003AA2                     
  3089                           ; BSR set to: 1
  3090                           ;RTC.c: 40:   RTCVALL = me->DAY;
  3091   003AA2  EE20 F002          	lfsr	2,2
  3092   003AA6  515D               	movf	write_RTCC@me& (0+255),w,b
  3093   003AA8  26D9               	addwf	fsr2l,f,c
  3094   003AAA  515E               	movf	(write_RTCC@me+1)& (0+255),w,b
  3095   003AAC  22DA               	addwfc	fsr2h,f,c
  3096   003AAE  50DF               	movf	indf2,w,c
  3097   003AB0  6E98               	movwf	152,c	;volatile
  3098   003AB2                     
  3099                           ; BSR set to: 1
  3100                           ;RTC.c: 41:   RTCVALH = me->MONTH;
  3101   003AB2  EE20 F001          	lfsr	2,1
  3102   003AB6  515D               	movf	write_RTCC@me& (0+255),w,b
  3103   003AB8  26D9               	addwf	fsr2l,f,c
  3104   003ABA  515E               	movf	(write_RTCC@me+1)& (0+255),w,b
  3105   003ABC  22DA               	addwfc	fsr2h,f,c
  3106   003ABE  50DF               	movf	indf2,w,c
  3107   003AC0  6E99               	movwf	153,c	;volatile
  3108   003AC2                     
  3109                           ; BSR set to: 1
  3110                           ;RTC.c: 43:   RTCVALL = me->HOURS;
  3111   003AC2  EE20 F004          	lfsr	2,4
  3112   003AC6  515D               	movf	write_RTCC@me& (0+255),w,b
  3113   003AC8  26D9               	addwf	fsr2l,f,c
  3114   003ACA  515E               	movf	(write_RTCC@me+1)& (0+255),w,b
  3115   003ACC  22DA               	addwfc	fsr2h,f,c
  3116   003ACE  50DF               	movf	indf2,w,c
  3117   003AD0  6E98               	movwf	152,c	;volatile
  3118   003AD2                     
  3119                           ; BSR set to: 1
  3120                           ;RTC.c: 44:   RTCVALH = me->WEEKDAY;
  3121   003AD2  EE20 F003          	lfsr	2,3
  3122   003AD6  515D               	movf	write_RTCC@me& (0+255),w,b
  3123   003AD8  26D9               	addwf	fsr2l,f,c
  3124   003ADA  515E               	movf	(write_RTCC@me+1)& (0+255),w,b
  3125   003ADC  22DA               	addwfc	fsr2h,f,c
  3126   003ADE  50DF               	movf	indf2,w,c
  3127   003AE0  6E99               	movwf	153,c	;volatile
  3128   003AE2                     
  3129                           ; BSR set to: 1
  3130                           ;RTC.c: 46:   RTCVALL = me->SECONDS;
  3131   003AE2  EE20 F006          	lfsr	2,6
  3132   003AE6  515D               	movf	write_RTCC@me& (0+255),w,b
  3133   003AE8  26D9               	addwf	fsr2l,f,c
  3134   003AEA  515E               	movf	(write_RTCC@me+1)& (0+255),w,b
  3135   003AEC  22DA               	addwfc	fsr2h,f,c
  3136   003AEE  50DF               	movf	indf2,w,c
  3137   003AF0  6E98               	movwf	152,c	;volatile
  3138   003AF2                     
  3139                           ; BSR set to: 1
  3140                           ;RTC.c: 47:   RTCVALH = me->MINUTES;
  3141   003AF2  EE20 F005          	lfsr	2,5
  3142   003AF6  515D               	movf	write_RTCC@me& (0+255),w,b
  3143   003AF8  26D9               	addwf	fsr2l,f,c
  3144   003AFA  515E               	movf	(write_RTCC@me+1)& (0+255),w,b
  3145   003AFC  22DA               	addwfc	fsr2h,f,c
  3146   003AFE  50DF               	movf	indf2,w,c
  3147   003B00  6E99               	movwf	153,c	;volatile
  3148   003B02                     
  3149                           ; BSR set to: 1
  3150                           ;RTC.c: 49:   RTCEN = 1;
  3151   003B02  010F               	movlb	15	; () banked
  3152   003B04  8F3F               	bsf	63,7,b	;volatile
  3153   003B06                     
  3154                           ; BSR set to: 15
  3155                           ;RTC.c: 50:   RTCWREN = 0;
  3156   003B06  9B3F               	bcf	63,5,b	;volatile
  3157   003B08                     
  3158                           ; BSR set to: 15
  3159                           ;RTC.c: 51:   INTCONbits.GIE = 1;
  3160   003B08  8EF2               	bsf	242,7,c	;volatile
  3161   003B0A                     
  3162                           ; BSR set to: 15
  3163   003B0A  0012               	return		;funcret
  3164   003B0C                     __end_of_write_RTCC:
  3165                           	callstack 0
  3166                           
  3167 ;; *************** function _sys_init *****************
  3168 ;; Defined at:
  3169 ;;		line 106 in file "system.c"
  3170 ;; Parameters:    Size  Location     Type
  3171 ;;		None
  3172 ;; Auto vars:     Size  Location     Type
  3173 ;;  cycles          4   26[BANK1 ] volatile unsigned long 
  3174 ;; Return value:  Size  Location     Type
  3175 ;;                  1    wreg      void 
  3176 ;; Registers used:
  3177 ;;		wreg, status,2, status,0, cstack
  3178 ;; Tracked objects:
  3179 ;;		On entry : 0/0
  3180 ;;		On exit  : 0/0
  3181 ;;		Unchanged: 0/0
  3182 ;; Data sizes:     COMRAM   BANK0   BANK1   BANK2   BANK3   BANK4   BANK5   BANK6   BANK7   BANK8   BANK9  BANK10  BANK1
      +1  BANK12  BANK13  BANK14
  3183 ;;      Params:         0       0       0       0       0       0       0       0       0       0       0       0       
      +0       0       0       0
  3184 ;;      Locals:         0       0       4       0       0       0       0       0       0       0       0       0       
      +0       0       0       0
  3185 ;;      Temps:          0       0       0       0       0       0       0       0       0       0       0       0       
      +0       0       0       0
  3186 ;;      Totals:         0       0       4       0       0       0       0       0       0       0       0       0       
      +0       0       0       0
  3187 ;;Total ram usage:        4 bytes
  3188 ;; Hardware stack levels used: 1
  3189 ;; Hardware stack levels required when called: 12
  3190 ;; This function calls:
  3191 ;;		_sys_mstimer_init
  3192 ;; This function is called by:
  3193 ;;		_main
  3194 ;; This function uses a non-reentrant model
  3195 ;;
  3196                           
  3197                           	psect	text2
  3198   004164                     __ptext2:
  3199                           	callstack 0
  3200   004164                     _sys_init:
  3201                           	callstack 18
  3202   004164                     
  3203                           ;system.c: 108:   OSCTUNEbits.PLLEN = 1;
  3204   004164  8C9B               	bsf	155,6,c	;volatile
  3205                           
  3206                           ;system.c: 109:   RCONbits.IPEN = 1;
  3207   004166  8ED0               	bsf	208,7,c	;volatile
  3208   004168                     
  3209                           ;system.c: 110:   {volatile uint32_t cycles = ((48000000L / 4) * 10) / 1000; while(cycle
      +                          s--);};
  3210   004168  0EC0               	movlw	192
  3211   00416A  0101               	movlb	1	; () banked
  3212   00416C  6F77               	movwf	sys_init@cycles& (0+255),b	;volatile
  3213   00416E  0ED4               	movlw	212
  3214   004170  6F78               	movwf	(sys_init@cycles+1)& (0+255),b	;volatile
  3215   004172  0E01               	movlw	1
  3216   004174  6F79               	movwf	(sys_init@cycles+2)& (0+255),b	;volatile
  3217   004176  0E00               	movlw	0
  3218   004178  6F7A               	movwf	(sys_init@cycles+3)& (0+255),b	;volatile
  3219   00417A                     l4930:
  3220                           
  3221                           ; BSR set to: 1
  3222   00417A  0777               	decf	sys_init@cycles& (0+255),f,b	;volatile
  3223   00417C  0E00               	movlw	0
  3224   00417E  5B78               	subwfb	(sys_init@cycles+1)& (0+255),f,b	;volatile
  3225   004180  5B79               	subwfb	(sys_init@cycles+2)& (0+255),f,b	;volatile
  3226   004182  5B7A               	subwfb	(sys_init@cycles+3)& (0+255),f,b	;volatile
  3227   004184  2977               	incf	sys_init@cycles& (0+255),w,b	;volatile
  3228   004186  E10A               	bnz	u4531
  3229   004188  2978               	incf	(sys_init@cycles+1)& (0+255),w,b	;volatile
  3230   00418A  E108               	bnz	u4531
  3231   00418C  2979               	incf	(sys_init@cycles+2)& (0+255),w,b	;volatile
  3232   00418E  E106               	bnz	u4531
  3233   004190  297A               	incf	(sys_init@cycles+3)& (0+255),w,b	;volatile
  3234   004192  A4D8               	btfss	status,2,c
  3235   004194  EFCE  F020         	goto	u4531
  3236   004198  EFD0  F020         	goto	u4530
  3237   00419C                     u4531:
  3238   00419C  EFBD  F020         	goto	l4930
  3239   0041A0                     u4530:
  3240   0041A0                     
  3241                           ; BSR set to: 1
  3242                           ;system.c: 111:   ANCON0 = 0xFF;
  3243   0041A0  010F               	movlb	15	; () banked
  3244   0041A2  6948               	setf	72,b	;volatile
  3245   0041A4                     
  3246                           ; BSR set to: 15
  3247                           ;system.c: 112:   ANCON1 = 0x1F;
  3248   0041A4  0E1F               	movlw	31
  3249   0041A6  6F49               	movwf	73,b	;volatile
  3250   0041A8                     
  3251                           ; BSR set to: 15
  3252                           ;system.c: 113:   sys_mstimer_init();
  3253   0041A8  ECEB  F01A         	call	_sys_mstimer_init	;wreg free
  3254   0041AC  0012               	return		;funcret
  3255   0041AE                     __end_of_sys_init:
  3256                           	callstack 0
  3257                           
  3258 ;; *************** function _sys_mstimer_init *****************
  3259 ;; Defined at:
  3260 ;;		line 73 in file "system.c"
  3261 ;; Parameters:    Size  Location     Type
  3262 ;;		None
  3263 ;; Auto vars:     Size  Location     Type
  3264 ;;  i               2   20[BANK1 ] int 
  3265 ;;  ms_cycles       4   22[BANK1 ] unsigned long 
  3266 ;;  T0_prescaler    4   16[BANK1 ] unsigned long 
  3267 ;; Return value:  Size  Location     Type
  3268 ;;                  1    wreg      void 
  3269 ;; Registers used:
  3270 ;;		wreg, status,2, status,0, cstack
  3271 ;; Tracked objects:
  3272 ;;		On entry : 0/0
  3273 ;;		On exit  : 0/0
  3274 ;;		Unchanged: 0/0
  3275 ;; Data sizes:     COMRAM   BANK0   BANK1   BANK2   BANK3   BANK4   BANK5   BANK6   BANK7   BANK8   BANK9  BANK10  BANK1
      +1  BANK12  BANK13  BANK14
  3276 ;;      Params:         0       0       0       0       0       0       0       0       0       0       0       0       
      +0       0       0       0
  3277 ;;      Locals:         0       0      10       0       0       0       0       0       0       0       0       0       
      +0       0       0       0
  3278 ;;      Temps:          0       0       3       0       0       0       0       0       0       0       0       0       
      +0       0       0       0
  3279 ;;      Totals:         0       0      13       0       0       0       0       0       0       0       0       0       
      +0       0       0       0
  3280 ;;Total ram usage:       13 bytes
  3281 ;; Hardware stack levels used: 1
  3282 ;; Hardware stack levels required when called: 11
  3283 ;; This function calls:
  3284 ;;		___lldiv
  3285 ;; This function is called by:
  3286 ;;		_sys_init
  3287 ;; This function uses a non-reentrant model
  3288 ;;
  3289                           
  3290                           	psect	text3
  3291   0035D6                     __ptext3:
  3292                           	callstack 0
  3293   0035D6                     _sys_mstimer_init:
  3294                           	callstack 18
  3295   0035D6                     
  3296                           ;system.c: 75:   T0CONbits.TMR0ON = 0;
  3297   0035D6  9ED5               	bcf	213,7,c	;volatile
  3298                           
  3299                           ;system.c: 76:   T0CONbits.T08BIT = 0;
  3300   0035D8  9CD5               	bcf	213,6,c	;volatile
  3301   0035DA                     
  3302                           ;system.c: 77:   T0CONbits.T0PS = 3;
  3303   0035DA  50D5               	movf	213,w,c	;volatile
  3304   0035DC  0BF8               	andlw	-8
  3305   0035DE  0903               	iorlw	3
  3306   0035E0  6ED5               	movwf	213,c	;volatile
  3307   0035E2                     
  3308                           ;system.c: 83:   T0CONbits.T0CS = 0;
  3309   0035E2  9AD5               	bcf	213,5,c	;volatile
  3310   0035E4                     
  3311                           ;system.c: 84:   T0CONbits.PSA = 0;
  3312   0035E4  96D5               	bcf	213,3,c	;volatile
  3313                           
  3314                           ;system.c: 88:   uint32_t ms_cycles;;system.c: 89:   uint32_t T0_prescaler = 2;
  3315   0035E6  0E02               	movlw	2
  3316   0035E8  0101               	movlb	1	; () banked
  3317   0035EA  6F6D               	movwf	sys_mstimer_init@T0_prescaler& (0+255),b
  3318   0035EC  0E00               	movlw	0
  3319   0035EE  6F6E               	movwf	(sys_mstimer_init@T0_prescaler+1)& (0+255),b
  3320   0035F0  0E00               	movlw	0
  3321   0035F2  6F6F               	movwf	(sys_mstimer_init@T0_prescaler+2)& (0+255),b
  3322   0035F4  0E00               	movlw	0
  3323   0035F6  6F70               	movwf	(sys_mstimer_init@T0_prescaler+3)& (0+255),b
  3324                           
  3325                           ;system.c: 90:   for(int i = 0; i < T0CONbits.T0PS; i++) T0_prescaler *= 2;
  3326   0035F8  6B72               	clrf	(sys_mstimer_init@i+1)& (0+255),b
  3327   0035FA  0E00               	movlw	0
  3328   0035FC  6F71               	movwf	sys_mstimer_init@i& (0+255),b
  3329   0035FE  EF08  F01B         	goto	l4628
  3330   003602                     l4626:
  3331                           
  3332                           ; BSR set to: 1
  3333   003602  90D8               	bcf	status,0,c
  3334   003604  376D               	rlcf	sys_mstimer_init@T0_prescaler& (0+255),f,b
  3335   003606  376E               	rlcf	(sys_mstimer_init@T0_prescaler+1)& (0+255),f,b
  3336   003608  376F               	rlcf	(sys_mstimer_init@T0_prescaler+2)& (0+255),f,b
  3337   00360A  3770               	rlcf	(sys_mstimer_init@T0_prescaler+3)& (0+255),f,b
  3338   00360C  4B71               	infsnz	sys_mstimer_init@i& (0+255),f,b
  3339   00360E  2B72               	incf	(sys_mstimer_init@i+1)& (0+255),f,b
  3340   003610                     l4628:
  3341                           
  3342                           ; BSR set to: 1
  3343   003610  50D5               	movf	213,w,c	;volatile
  3344   003612  0B07               	andlw	7
  3345   003614  6F6A               	movwf	??_sys_mstimer_init& (0+255),b
  3346   003616  6B6B               	clrf	(??_sys_mstimer_init+1)& (0+255),b
  3347   003618  516A               	movf	??_sys_mstimer_init& (0+255),w,b
  3348   00361A  5D71               	subwf	sys_mstimer_init@i& (0+255),w,b
  3349   00361C  5172               	movf	(sys_mstimer_init@i+1)& (0+255),w,b
  3350   00361E  0A80               	xorlw	128
  3351   003620  6F6C               	movwf	(??_sys_mstimer_init+2)& (0+255),b
  3352   003622  516B               	movf	(??_sys_mstimer_init+1)& (0+255),w,b
  3353   003624  0A80               	xorlw	128
  3354   003626  596C               	subwfb	(??_sys_mstimer_init+2)& (0+255),w,b
  3355   003628  A0D8               	btfss	status,0,c
  3356   00362A  EF19  F01B         	goto	u4181
  3357   00362E  EF1B  F01B         	goto	u4180
  3358   003632                     u4181:
  3359   003632  EF01  F01B         	goto	l4626
  3360   003636                     u4180:
  3361   003636                     
  3362                           ; BSR set to: 1
  3363                           ;system.c: 91:   ms_cycles = 65536 - ((48000000L / 4000) / T0_prescaler);
  3364   003636  0EE0               	movlw	224
  3365   003638  6F5D               	movwf	___lldiv@dividend& (0+255),b
  3366   00363A  0E2E               	movlw	46
  3367   00363C  6F5E               	movwf	(___lldiv@dividend+1)& (0+255),b
  3368   00363E  0E00               	movlw	0
  3369   003640  6F5F               	movwf	(___lldiv@dividend+2)& (0+255),b
  3370   003642  0E00               	movlw	0
  3371   003644  6F60               	movwf	(___lldiv@dividend+3)& (0+255),b
  3372   003646  C16D  F161         	movff	sys_mstimer_init@T0_prescaler,___lldiv@divisor
  3373   00364A  C16E  F162         	movff	sys_mstimer_init@T0_prescaler+1,___lldiv@divisor+1
  3374   00364E  C16F  F163         	movff	sys_mstimer_init@T0_prescaler+2,___lldiv@divisor+2
  3375   003652  C170  F164         	movff	sys_mstimer_init@T0_prescaler+3,___lldiv@divisor+3
  3376   003656  ECF7  F01B         	call	___lldiv	;wreg free
  3377   00365A  0101               	movlb	1	; () banked
  3378   00365C  515D               	movf	?___lldiv& (0+255),w,b
  3379   00365E  0800               	sublw	0
  3380   003660  6F73               	movwf	sys_mstimer_init@ms_cycles& (0+255),b
  3381   003662  0E00               	movlw	0
  3382   003664  555E               	subfwb	(?___lldiv+1)& (0+255),w,b
  3383   003666  6F74               	movwf	(sys_mstimer_init@ms_cycles+1)& (0+255),b
  3384   003668  0E01               	movlw	1
  3385   00366A  555F               	subfwb	(?___lldiv+2)& (0+255),w,b
  3386   00366C  6F75               	movwf	(sys_mstimer_init@ms_cycles+2)& (0+255),b
  3387   00366E  0E00               	movlw	0
  3388   003670  5560               	subfwb	(?___lldiv+3)& (0+255),w,b
  3389   003672  6F76               	movwf	(sys_mstimer_init@ms_cycles+3)& (0+255),b
  3390   003674                     
  3391                           ; BSR set to: 1
  3392                           ;system.c: 92:   TMR0L_tmp = (uint8_t)(ms_cycles % 256);
  3393   003674  C173  F13A         	movff	sys_mstimer_init@ms_cycles,_TMR0L_tmp
  3394   003678                     
  3395                           ; BSR set to: 1
  3396                           ;system.c: 93:   TMR0H_tmp = (uint8_t)(ms_cycles / 256);
  3397   003678  C174  F139         	movff	sys_mstimer_init@ms_cycles+1,_TMR0H_tmp
  3398   00367C                     
  3399                           ; BSR set to: 1
  3400                           ;system.c: 95:   TMR0H = TMR0H_tmp;
  3401   00367C  C139  FFD7         	movff	_TMR0H_tmp,4055	;volatile
  3402   003680                     
  3403                           ; BSR set to: 1
  3404                           ;system.c: 96:   TMR0L = TMR0L_tmp;
  3405   003680  C13A  FFD6         	movff	_TMR0L_tmp,4054	;volatile
  3406   003684                     
  3407                           ; BSR set to: 1
  3408                           ;system.c: 98:   INTCONbits.GIE = 1;
  3409   003684  8EF2               	bsf	242,7,c	;volatile
  3410   003686                     
  3411                           ; BSR set to: 1
  3412                           ;system.c: 99:   INTCONbits.PEIE = 1;
  3413   003686  8CF2               	bsf	242,6,c	;volatile
  3414   003688                     
  3415                           ; BSR set to: 1
  3416                           ;system.c: 100:   INTCONbits.T0IE = 1;
  3417   003688  8AF2               	bsf	242,5,c	;volatile
  3418   00368A                     
  3419                           ; BSR set to: 1
  3420                           ;system.c: 101:   TMR0IF = 0;
  3421   00368A  94F2               	bcf	4082,2,c	;volatile
  3422   00368C                     
  3423                           ; BSR set to: 1
  3424                           ;system.c: 103:   T0CONbits.TMR0ON = 1;
  3425   00368C  8ED5               	bsf	213,7,c	;volatile
  3426   00368E                     
  3427                           ; BSR set to: 1
  3428   00368E  0012               	return		;funcret
  3429   003690                     __end_of_sys_mstimer_init:
  3430                           	callstack 0
  3431                           
  3432 ;; *************** function ___lldiv *****************
  3433 ;; Defined at:
  3434 ;;		line 7 in file "C:\Program Files\Microchip\xc8\v4.00\pic\sources\c99\common\__lldiv.c"
  3435 ;; Parameters:    Size  Location     Type
  3436 ;;  dividend        4    0[BANK1 ] unsigned long 
  3437 ;;  divisor         4    4[BANK1 ] unsigned long 
  3438 ;; Auto vars:     Size  Location     Type
  3439 ;;  quotient        4    8[BANK1 ] unsigned long 
  3440 ;;  counter         1   12[BANK1 ] unsigned char 
  3441 ;; Return value:  Size  Location     Type
  3442 ;;                  4    0[BANK1 ] unsigned long 
  3443 ;; Registers used:
  3444 ;;		wreg, status,2, status,0
  3445 ;; Tracked objects:
  3446 ;;		On entry : 0/0
  3447 ;;		On exit  : 0/0
  3448 ;;		Unchanged: 0/0
  3449 ;; Data sizes:     COMRAM   BANK0   BANK1   BANK2   BANK3   BANK4   BANK5   BANK6   BANK7   BANK8   BANK9  BANK10  BANK1
      +1  BANK12  BANK13  BANK14
  3450 ;;      Params:         0       0       8       0       0       0       0       0       0       0       0       0       
      +0       0       0       0
  3451 ;;      Locals:         0       0       5       0       0       0       0       0       0       0       0       0       
      +0       0       0       0
  3452 ;;      Temps:          0       0       0       0       0       0       0       0       0       0       0       0       
      +0       0       0       0
  3453 ;;      Totals:         0       0      13       0       0       0       0       0       0       0       0       0       
      +0       0       0       0
  3454 ;;Total ram usage:       13 bytes
  3455 ;; Hardware stack levels used: 1
  3456 ;; Hardware stack levels required when called: 10
  3457 ;; This function calls:
  3458 ;;		Nothing
  3459 ;; This function is called by:
  3460 ;;		_sys_mstimer_init
  3461 ;; This function uses a non-reentrant model
  3462 ;;
  3463                           
  3464                           	psect	text4
  3465   0037EE                     __ptext4:
  3466                           	callstack 0
  3467   0037EE                     ___lldiv:
  3468                           	callstack 18
  3469   0037EE  0E00               	movlw	0
  3470   0037F0  0101               	movlb	1	; () banked
  3471   0037F2  6F65               	movwf	___lldiv@quotient& (0+255),b
  3472   0037F4  0E00               	movlw	0
  3473   0037F6  6F66               	movwf	(___lldiv@quotient+1)& (0+255),b
  3474   0037F8  0E00               	movlw	0
  3475   0037FA  6F67               	movwf	(___lldiv@quotient+2)& (0+255),b
  3476   0037FC  0E00               	movlw	0
  3477   0037FE  6F68               	movwf	(___lldiv@quotient+3)& (0+255),b
  3478   003800                     
  3479                           ; BSR set to: 1
  3480   003800  5161               	movf	___lldiv@divisor& (0+255),w,b
  3481   003802  1162               	iorwf	(___lldiv@divisor+1)& (0+255),w,b
  3482   003804  1163               	iorwf	(___lldiv@divisor+2)& (0+255),w,b
  3483   003806  1164               	iorwf	(___lldiv@divisor+3)& (0+255),w,b
  3484   003808  B4D8               	btfsc	status,2,c
  3485   00380A  EF09  F01C         	goto	u3891
  3486   00380E  EF0B  F01C         	goto	u3890
  3487   003812                     u3891:
  3488   003812  EF41  F01C         	goto	l431
  3489   003816                     u3890:
  3490   003816                     
  3491                           ; BSR set to: 1
  3492   003816  0E01               	movlw	1
  3493   003818  6F69               	movwf	___lldiv@counter& (0+255),b
  3494   00381A  EF15  F01C         	goto	l4388
  3495   00381E                     l4386:
  3496                           
  3497                           ; BSR set to: 1
  3498   00381E  90D8               	bcf	status,0,c
  3499   003820  3761               	rlcf	___lldiv@divisor& (0+255),f,b
  3500   003822  3762               	rlcf	(___lldiv@divisor+1)& (0+255),f,b
  3501   003824  3763               	rlcf	(___lldiv@divisor+2)& (0+255),f,b
  3502   003826  3764               	rlcf	(___lldiv@divisor+3)& (0+255),f,b
  3503   003828  2B69               	incf	___lldiv@counter& (0+255),f,b
  3504   00382A                     l4388:
  3505                           
  3506                           ; BSR set to: 1
  3507   00382A  AF64               	btfss	(___lldiv@divisor+3)& (0+255),7,b
  3508   00382C  EF1A  F01C         	goto	u3901
  3509   003830  EF1C  F01C         	goto	u3900
  3510   003834                     u3901:
  3511   003834  EF0F  F01C         	goto	l4386
  3512   003838                     u3900:
  3513   003838                     l4390:
  3514                           
  3515                           ; BSR set to: 1
  3516   003838  90D8               	bcf	status,0,c
  3517   00383A  3765               	rlcf	___lldiv@quotient& (0+255),f,b
  3518   00383C  3766               	rlcf	(___lldiv@quotient+1)& (0+255),f,b
  3519   00383E  3767               	rlcf	(___lldiv@quotient+2)& (0+255),f,b
  3520   003840  3768               	rlcf	(___lldiv@quotient+3)& (0+255),f,b
  3521   003842                     
  3522                           ; BSR set to: 1
  3523   003842  5161               	movf	___lldiv@divisor& (0+255),w,b
  3524   003844  5D5D               	subwf	___lldiv@dividend& (0+255),w,b
  3525   003846  5162               	movf	(___lldiv@divisor+1)& (0+255),w,b
  3526   003848  595E               	subwfb	(___lldiv@dividend+1)& (0+255),w,b
  3527   00384A  5163               	movf	(___lldiv@divisor+2)& (0+255),w,b
  3528   00384C  595F               	subwfb	(___lldiv@dividend+2)& (0+255),w,b
  3529   00384E  5164               	movf	(___lldiv@divisor+3)& (0+255),w,b
  3530   003850  5960               	subwfb	(___lldiv@dividend+3)& (0+255),w,b
  3531   003852  A0D8               	btfss	status,0,c
  3532   003854  EF2E  F01C         	goto	u3911
  3533   003858  EF30  F01C         	goto	u3910
  3534   00385C                     u3911:
  3535   00385C  EF39  F01C         	goto	l4398
  3536   003860                     u3910:
  3537   003860                     
  3538                           ; BSR set to: 1
  3539   003860  5161               	movf	___lldiv@divisor& (0+255),w,b
  3540   003862  5F5D               	subwf	___lldiv@dividend& (0+255),f,b
  3541   003864  5162               	movf	(___lldiv@divisor+1)& (0+255),w,b
  3542   003866  5B5E               	subwfb	(___lldiv@dividend+1)& (0+255),f,b
  3543   003868  5163               	movf	(___lldiv@divisor+2)& (0+255),w,b
  3544   00386A  5B5F               	subwfb	(___lldiv@dividend+2)& (0+255),f,b
  3545   00386C  5164               	movf	(___lldiv@divisor+3)& (0+255),w,b
  3546   00386E  5B60               	subwfb	(___lldiv@dividend+3)& (0+255),f,b
  3547   003870                     
  3548                           ; BSR set to: 1
  3549   003870  8165               	bsf	___lldiv@quotient& (0+255),0,b
  3550   003872                     l4398:
  3551                           
  3552                           ; BSR set to: 1
  3553   003872  90D8               	bcf	status,0,c
  3554   003874  3364               	rrcf	(___lldiv@divisor+3)& (0+255),f,b
  3555   003876  3363               	rrcf	(___lldiv@divisor+2)& (0+255),f,b
  3556   003878  3362               	rrcf	(___lldiv@divisor+1)& (0+255),f,b
  3557   00387A  3361               	rrcf	___lldiv@divisor& (0+255),f,b
  3558   00387C                     
  3559                           ; BSR set to: 1
  3560   00387C  2F69               	decfsz	___lldiv@counter& (0+255),f,b
  3561   00387E  EF1C  F01C         	goto	l4390
  3562   003882                     l431:
  3563                           
  3564                           ; BSR set to: 1
  3565   003882  C165  F15D         	movff	___lldiv@quotient,?___lldiv
  3566   003886  C166  F15E         	movff	___lldiv@quotient+1,?___lldiv+1
  3567   00388A  C167  F15F         	movff	___lldiv@quotient+2,?___lldiv+2
  3568   00388E  C168  F160         	movff	___lldiv@quotient+3,?___lldiv+3
  3569   003892                     
  3570                           ; BSR set to: 1
  3571   003892  0012               	return		;funcret
  3572   003894                     __end_of___lldiv:
  3573                           	callstack 0
  3574                           
  3575 ;; *************** function _sprintf *****************
  3576 ;; Defined at:
  3577 ;;		line 9 in file "C:\Program Files\Microchip\xc8\v4.00\pic\sources\c99\common\nf_sprintf.c"
  3578 ;; Parameters:    Size  Location     Type
  3579 ;;  s               2   61[BANK1 ] PTR unsigned char 
  3580 ;;		 -> main@strtx(100), 
  3581 ;;  fmt             1   63[BANK1 ] PTR const unsigned char 
  3582 ;;		 -> STR_3(45), STR_2(16), STR_1(38), 
  3583 ;; Auto vars:     Size  Location     Type
  3584 ;;  f              11   74[BANK1 ] struct _IO_FILE
  3585 ;;  ap              2   72[BANK1 ] PTR void [1]
  3586 ;;		 -> ?_sprintf(2), 
  3587 ;;  ret             2    0        int 
  3588 ;; Return value:  Size  Location     Type
  3589 ;;                  2   61[BANK1 ] int 
  3590 ;; Registers used:
  3591 ;;		wreg, fsr1l, fsr1h, fsr2l, fsr2h, status,2, status,0, tblptrl, tblptrh, tblptru, prodl, prodh, cstack
  3592 ;; Tracked objects:
  3593 ;;		On entry : 0/0
  3594 ;;		On exit  : 0/0
  3595 ;;		Unchanged: 0/0
  3596 ;; Data sizes:     COMRAM   BANK0   BANK1   BANK2   BANK3   BANK4   BANK5   BANK6   BANK7   BANK8   BANK9  BANK10  BANK1
      +1  BANK12  BANK13  BANK14
  3597 ;;      Params:         0       0      11       0       0       0       0       0       0       0       0       0       
      +0       0       0       0
  3598 ;;      Locals:         0       0      13       0       0       0       0       0       0       0       0       0       
      +0       0       0       0
  3599 ;;      Temps:          0       0       0       0       0       0       0       0       0       0       0       0       
      +0       0       0       0
  3600 ;;      Totals:         0       0      24       0       0       0       0       0       0       0       0       0       
      +0       0       0       0
  3601 ;;Total ram usage:       24 bytes
  3602 ;; Hardware stack levels used: 1
  3603 ;; Hardware stack levels required when called: 16
  3604 ;; This function calls:
  3605 ;;		_vfprintf
  3606 ;; This function is called by:
  3607 ;;		_main
  3608 ;; This function uses a non-reentrant model
  3609 ;;
  3610                           
  3611                           	psect	text5
  3612   0041F8                     __ptext5:
  3613                           	callstack 0
  3614   0041F8                     _sprintf:
  3615                           	callstack 14
  3616   0041F8  0E9D               	movlw	low (?_sprintf+3)
  3617   0041FA  0101               	movlb	1	; () banked
  3618   0041FC  6FA5               	movwf	sprintf@ap& (0+255),b
  3619   0041FE  0E01               	movlw	high (?_sprintf+3)
  3620   004200  6FA6               	movwf	(sprintf@ap+1)& (0+255),b
  3621   004202  C19A  F1A7         	movff	sprintf@s,sprintf@f
  3622   004206  C19B  F1A8         	movff	sprintf@s+1,sprintf@f+1
  3623   00420A                     
  3624                           ; BSR set to: 1
  3625   00420A  6BAA               	clrf	(sprintf@f+3)& (0+255),b
  3626   00420C  0E00               	movlw	0
  3627   00420E  6FA9               	movwf	(sprintf@f+2)& (0+255),b
  3628   004210                     
  3629                           ; BSR set to: 1
  3630   004210  6BB1               	clrf	(sprintf@f+10)& (0+255),b
  3631   004212  0E00               	movlw	0
  3632   004214  6FB0               	movwf	(sprintf@f+9)& (0+255),b
  3633   004216                     
  3634                           ; BSR set to: 1
  3635   004216  0EA7               	movlw	low sprintf@f
  3636   004218  6F94               	movwf	vfprintf@fp& (0+255),b
  3637   00421A  0E01               	movlw	high sprintf@f
  3638   00421C  6F95               	movwf	(vfprintf@fp+1)& (0+255),b
  3639   00421E  C19C  F196         	movff	sprintf@fmt,vfprintf@fmt
  3640   004222  0EA5               	movlw	low sprintf@ap
  3641   004224  6F97               	movwf	vfprintf@ap& (0+255),b
  3642   004226  0E01               	movlw	high sprintf@ap
  3643   004228  6F98               	movwf	(vfprintf@ap+1)& (0+255),b
  3644   00422A  EC8C  F020         	call	_vfprintf	;wreg free
  3645   00422E  0101               	movlb	1	; () banked
  3646   004230  51A9               	movf	(sprintf@f+2)& (0+255),w,b
  3647   004232  259A               	addwf	sprintf@s& (0+255),w,b
  3648   004234  6ED9               	movwf	fsr2l,c
  3649   004236  51AA               	movf	(sprintf@f+3)& (0+255),w,b
  3650   004238  219B               	addwfc	(sprintf@s+1)& (0+255),w,b
  3651   00423A  6EDA               	movwf	fsr2h,c
  3652   00423C  6ADF               	clrf	indf2,c
  3653   00423E                     
  3654                           ; BSR set to: 1
  3655   00423E  0012               	return		;funcret
  3656   004240                     __end_of_sprintf:
  3657                           	callstack 0
  3658                           
  3659 ;; *************** function _vfprintf *****************
  3660 ;; Defined at:
  3661 ;;		line 1817 in file "C:\Program Files\Microchip\xc8\v4.00\pic\sources\c99\common\doprnt.c"
  3662 ;; Parameters:    Size  Location     Type
  3663 ;;  fp              2   55[BANK1 ] PTR struct _IO_FILE
  3664 ;;		 -> sprintf@f(11), 
  3665 ;;  fmt             1   57[BANK1 ] PTR const unsigned char 
  3666 ;;		 -> STR_3(45), STR_2(16), STR_1(38), 
  3667 ;;  ap              2   58[BANK1 ] PTR PTR void 
  3668 ;;		 -> sprintf@ap(2), 
  3669 ;; Auto vars:     Size  Location     Type
  3670 ;;  cfmt            1   60[BANK1 ] PTR unsigned char 
  3671 ;;		 -> STR_3(45), STR_2(16), STR_1(38), 
  3672 ;; Return value:  Size  Location     Type
  3673 ;;                  2   55[BANK1 ] int 
  3674 ;; Registers used:
  3675 ;;		wreg, fsr1l, fsr1h, fsr2l, fsr2h, status,2, status,0, tblptrl, tblptrh, tblptru, prodl, prodh, cstack
  3676 ;; Tracked objects:
  3677 ;;		On entry : 0/0
  3678 ;;		On exit  : 0/0
  3679 ;;		Unchanged: 0/0
  3680 ;; Data sizes:     COMRAM   BANK0   BANK1   BANK2   BANK3   BANK4   BANK5   BANK6   BANK7   BANK8   BANK9  BANK10  BANK1
      +1  BANK12  BANK13  BANK14
  3681 ;;      Params:         0       0       5       0       0       0       0       0       0       0       0       0       
      +0       0       0       0
  3682 ;;      Locals:         0       0       1       0       0       0       0       0       0       0       0       0       
      +0       0       0       0
  3683 ;;      Temps:          0       0       0       0       0       0       0       0       0       0       0       0       
      +0       0       0       0
  3684 ;;      Totals:         0       0       6       0       0       0       0       0       0       0       0       0       
      +0       0       0       0
  3685 ;;Total ram usage:        6 bytes
  3686 ;; Hardware stack levels used: 1
  3687 ;; Hardware stack levels required when called: 15
  3688 ;; This function calls:
  3689 ;;		_vfpfcnvrt
  3690 ;; This function is called by:
  3691 ;;		_sprintf
  3692 ;; This function uses a non-reentrant model
  3693 ;;
  3694                           
  3695                           	psect	text6
  3696   004118                     __ptext6:
  3697                           	callstack 0
  3698   004118                     _vfprintf:
  3699                           	callstack 14
  3700   004118                     
  3701                           ;C:\Program Files\Microchip\xc8\v4.00\pic\sources\c99\common\doprnt.c: 1817: int vfprint
      +                          f(FILE *fp, const char *fmt, va_list ap);C:\Program Files\Microchip\xc8\v4.00\pic\source
      +                          s\c99\common\doprnt.c: 1818: {;C:\Program Files\Microchip\xc8\v4.00\pic\sources\c99\comm
      +                          on\doprnt.c: 1820:     char *cfmt;;C:\Program Files\Microchip\xc8\v4.00\pic\sources\c99\
      +                          common\doprnt.c: 1822:     cfmt = (char *)fmt;
  3702   004118  C196  F199         	movff	vfprintf@fmt,vfprintf@cfmt
  3703                           
  3704                           ;C:\Program Files\Microchip\xc8\v4.00\pic\sources\c99\common\doprnt.c: 1826:     while (
      +                          *cfmt) {
  3705   00411C  EF9F  F020         	goto	l4776
  3706   004120                     l4774:
  3707                           
  3708                           ;C:\Program Files\Microchip\xc8\v4.00\pic\sources\c99\common\doprnt.c: 1830:    vfpfcnvr
      +                          t(fp, &cfmt, ap);
  3709   004120  C194  F185         	movff	vfprintf@fp,vfpfcnvrt@fp
  3710   004124  C195  F186         	movff	vfprintf@fp+1,vfpfcnvrt@fp+1
  3711   004128  0E99               	movlw	low vfprintf@cfmt
  3712   00412A  0101               	movlb	1	; () banked
  3713   00412C  6F87               	movwf	vfpfcnvrt@fmt& (0+255),b
  3714   00412E  0E01               	movlw	high vfprintf@cfmt
  3715   004130  6F88               	movwf	(vfpfcnvrt@fmt+1)& (0+255),b
  3716   004132  C197  F189         	movff	vfprintf@ap,vfpfcnvrt@ap
  3717   004136  C198  F18A         	movff	vfprintf@ap+1,vfpfcnvrt@ap+1
  3718   00413A  EC36  F008         	call	_vfpfcnvrt	;wreg free
  3719   00413E                     l4776:
  3720                           
  3721                           ;C:\Program Files\Microchip\xc8\v4.00\pic\sources\c99\common\doprnt.c: 1826:     while (
      +                          *cfmt) {
  3722   00413E  C199  FFF6         	movff	vfprintf@cfmt,tblptrl
  3723   004142                     	if	1	;There is more than 1 active tblptr byte
  3724   004142  0E10               	movlw	high __smallconst
  3725   004144  6EF7               	movwf	tblptrh,c
  3726   004146                     	endif
  3727   004146                     	if	0	;tblptru may be non-zero
  3728   004146                     	endif
  3729   004146                     	if	0	;tblptru may be non-zero
  3730   004146                     	endif
  3731   004146  0008               	tblrd		*
  3732   004148  50F5               	movf	tablat,w,c
  3733   00414A  0900               	iorlw	0
  3734   00414C  A4D8               	btfss	status,2,c
  3735   00414E  EFAB  F020         	goto	u4321
  3736   004152  EFAD  F020         	goto	u4320
  3737   004156                     u4321:
  3738   004156  EF90  F020         	goto	l4774
  3739   00415A                     u4320:
  3740   00415A                     
  3741                           ;C:\Program Files\Microchip\xc8\v4.00\pic\sources\c99\common\doprnt.c: 1835:  return 0;
  3742   00415A  0101               	movlb	1	; () banked
  3743   00415C  6B95               	clrf	(?_vfprintf+1)& (0+255),b
  3744   00415E  0E00               	movlw	0
  3745   004160  6F94               	movwf	?_vfprintf& (0+255),b
  3746   004162                     
  3747                           ; BSR set to: 1
  3748   004162  0012               	return		;funcret
  3749   004164                     __end_of_vfprintf:
  3750                           	callstack 0
  3751                           
  3752 ;; *************** function _vfpfcnvrt *****************
  3753 ;; Defined at:
  3754 ;;		line 1177 in file "C:\Program Files\Microchip\xc8\v4.00\pic\sources\c99\common\doprnt.c"
  3755 ;; Parameters:    Size  Location     Type
  3756 ;;  fp              2   40[BANK1 ] PTR struct _IO_FILE
  3757 ;;		 -> sprintf@f(11), 
  3758 ;;  fmt             2   42[BANK1 ] PTR PTR unsigned char 
  3759 ;;		 -> vfprintf@cfmt(1), 
  3760 ;;  ap              2   44[BANK1 ] PTR PTR void 
  3761 ;;		 -> sprintf@ap(2), 
  3762 ;; Auto vars:     Size  Location     Type
  3763 ;;  convarg         4   48[BANK1 ] struct .
  3764 ;;  cp              1   54[BANK1 ] PTR unsigned char 
  3765 ;;		 -> STR_3(45), STR_2(16), STR_1(38), 
  3766 ;;  c               1   53[BANK1 ] unsigned char 
  3767 ;;  done            1   52[BANK1 ] _Bool 
  3768 ;; Return value:  Size  Location     Type
  3769 ;;                  1    wreg      void 
  3770 ;; Registers used:
  3771 ;;		wreg, fsr1l, fsr1h, fsr2l, fsr2h, status,2, status,0, tblptrl, tblptrh, tblptru, prodl, prodh, cstack
  3772 ;; Tracked objects:
  3773 ;;		On entry : 0/0
  3774 ;;		On exit  : 0/0
  3775 ;;		Unchanged: 0/0
  3776 ;; Data sizes:     COMRAM   BANK0   BANK1   BANK2   BANK3   BANK4   BANK5   BANK6   BANK7   BANK8   BANK9  BANK10  BANK1
      +1  BANK12  BANK13  BANK14
  3777 ;;      Params:         0       0       6       0       0       0       0       0       0       0       0       0       
      +0       0       0       0
  3778 ;;      Locals:         0       0       7       0       0       0       0       0       0       0       0       0       
      +0       0       0       0
  3779 ;;      Temps:          0       0       2       0       0       0       0       0       0       0       0       0       
      +0       0       0       0
  3780 ;;      Totals:         0       0      15       0       0       0       0       0       0       0       0       0       
      +0       0       0       0
  3781 ;;Total ram usage:       15 bytes
  3782 ;; Hardware stack levels used: 1
  3783 ;; Hardware stack levels required when called: 14
  3784 ;; This function calls:
  3785 ;;		_dtoa
  3786 ;;		_fputc
  3787 ;;		_read_prec_or_width
  3788 ;;		_stoa
  3789 ;; This function is called by:
  3790 ;;		_vfprintf
  3791 ;; This function uses a non-reentrant model
  3792 ;;
  3793                           
  3794                           	psect	text7
  3795   00106C                     __ptext7:
  3796                           	callstack 0
  3797   00106C                     _vfpfcnvrt:
  3798                           	callstack 14
  3799   00106C                     
  3800                           ;C:\Program Files\Microchip\xc8\v4.00\pic\sources\c99\common\doprnt.c: 1177: vfpfcnvrt(F
      +                          ILE *fp, char *fmt[], va_list ap);C:\Program Files\Microchip\xc8\v4.00\pic\sources\c99\c
      +                          ommon\doprnt.c: 1178: {;C:\Program Files\Microchip\xc8\v4.00\pic\sources\c99\common\dopr
      +                          nt.c: 1179:     char c, *cp;;C:\Program Files\Microchip\xc8\v4.00\pic\sources\c99\common
      +                          \doprnt.c: 1180:     _Bool done;;C:\Program Files\Microchip\xc8\v4.00\pic\sources\c99\co
      +                          mmon\doprnt.c: 1188:  } convarg;;C:\Program Files\Microchip\xc8\v4.00\pic\sources\c99\co
      +                          mmon\doprnt.c: 1201:     if ((*fmt)[0] == '%') {
  3801   00106C  C187  FFD9         	movff	vfpfcnvrt@fmt,fsr2l
  3802   001070  C188  FFDA         	movff	vfpfcnvrt@fmt+1,fsr2h
  3803   001074  CFDF FFF6          	movff	indf2,tblptrl
  3804   001078                     	if	1	;There is more than 1 active tblptr byte
  3805   001078  0E10               	movlw	high __smallconst
  3806   00107A  6EF7               	movwf	tblptrh,c
  3807   00107C                     	endif
  3808   00107C                     	if	0	;tblptru may be non-zero
  3809   00107C                     	endif
  3810   00107C                     	if	0	;tblptru may be non-zero
  3811   00107C                     	endif
  3812   00107C  0008               	tblrd		*
  3813   00107E  50F5               	movf	tablat,w,c
  3814   001080  0A25               	xorlw	37
  3815   001082  A4D8               	btfss	status,2,c
  3816   001084  EF46  F008         	goto	u3921
  3817   001088  EF48  F008         	goto	u3920
  3818   00108C                     u3921:
  3819   00108C  EFBF  F009         	goto	l4478
  3820   001090                     u3920:
  3821   001090                     
  3822                           ;C:\Program Files\Microchip\xc8\v4.00\pic\sources\c99\common\doprnt.c: 1202:         ++*
      +                          fmt;
  3823   001090  C187  FFD9         	movff	vfpfcnvrt@fmt,fsr2l
  3824   001094  C188  FFDA         	movff	vfpfcnvrt@fmt+1,fsr2h
  3825   001098  2ADF               	incf	indf2,f,c
  3826   00109A                     
  3827                           ;C:\Program Files\Microchip\xc8\v4.00\pic\sources\c99\common\doprnt.c: 1204:         fla
      +                          gs = width = 0;
  3828   00109A  0101               	movlb	1	; () banked
  3829   00109C  6B35               	clrf	(_width+1)& (0+255),b
  3830   00109E  0E00               	movlw	0
  3831   0010A0  6F34               	movwf	_width& (0+255),b
  3832   0010A2  C134  F138         	movff	_width,_flags
  3833   0010A6                     
  3834                           ; BSR set to: 1
  3835                           ;C:\Program Files\Microchip\xc8\v4.00\pic\sources\c99\common\doprnt.c: 1205:         pre
      +                          c = -1;
  3836   0010A6  6936               	setf	_prec& (0+255),b
  3837   0010A8  6937               	setf	(_prec+1)& (0+255),b
  3838   0010AA                     
  3839                           ; BSR set to: 1
  3840                           ;C:\Program Files\Microchip\xc8\v4.00\pic\sources\c99\common\doprnt.c: 1256:   width = r
      +                          ead_prec_or_width(fmt, ap);
  3841   0010AA  C187  F15D         	movff	vfpfcnvrt@fmt,read_prec_or_width@fmt
  3842   0010AE  C188  F15E         	movff	vfpfcnvrt@fmt+1,read_prec_or_width@fmt+1
  3843   0010B2  C189  F15F         	movff	vfpfcnvrt@ap,read_prec_or_width@ap
  3844   0010B6  C18A  F160         	movff	vfpfcnvrt@ap+1,read_prec_or_width@ap+1
  3845   0010BA  EC8D  F01A         	call	_read_prec_or_width	;wreg free
  3846   0010BE  C15D  F134         	movff	?_read_prec_or_width,_width
  3847   0010C2  C15E  F135         	movff	?_read_prec_or_width+1,_width+1
  3848   0010C6                     
  3849                           ;C:\Program Files\Microchip\xc8\v4.00\pic\sources\c99\common\doprnt.c: 1257:   if (width
      +                           < 0) {
  3850   0010C6  0101               	movlb	1	; () banked
  3851   0010C8  BF35               	btfsc	(_width+1)& (0+255),7,b
  3852   0010CA  EF6B  F008         	goto	u3930
  3853   0010CE  EF69  F008         	goto	u3931
  3854   0010D2                     u3931:
  3855   0010D2  EF70  F008         	goto	l4416
  3856   0010D6                     u3930:
  3857   0010D6                     
  3858                           ; BSR set to: 1
  3859                           ;C:\Program Files\Microchip\xc8\v4.00\pic\sources\c99\common\doprnt.c: 1258:    flags |=
      +                           (1 << 0);
  3860   0010D6  8138               	bsf	_flags& (0+255),0,b
  3861                           
  3862                           ;C:\Program Files\Microchip\xc8\v4.00\pic\sources\c99\common\doprnt.c: 1259:    width = 
      +                          -width;
  3863   0010D8  6D34               	negf	_width& (0+255),b
  3864   0010DA  1F35               	comf	(_width+1)& (0+255),f,b
  3865   0010DC  B0D8               	btfsc	status,0,c
  3866   0010DE  2B35               	incf	(_width+1)& (0+255),f,b
  3867   0010E0                     l4416:
  3868                           
  3869                           ; BSR set to: 1
  3870                           ;C:\Program Files\Microchip\xc8\v4.00\pic\sources\c99\common\doprnt.c: 1265:         if 
      +                          ((*fmt)[0] == '.') {
  3871   0010E0  C187  FFD9         	movff	vfpfcnvrt@fmt,fsr2l
  3872   0010E4  C188  FFDA         	movff	vfpfcnvrt@fmt+1,fsr2h
  3873   0010E8  CFDF FFF6          	movff	indf2,tblptrl
  3874   0010EC                     	if	1	;There is more than 1 active tblptr byte
  3875   0010EC  0E10               	movlw	high __smallconst
  3876   0010EE  6EF7               	movwf	tblptrh,c
  3877   0010F0                     	endif
  3878   0010F0                     	if	0	;tblptru may be non-zero
  3879   0010F0                     	endif
  3880   0010F0                     	if	0	;tblptru may be non-zero
  3881   0010F0                     	endif
  3882   0010F0  0008               	tblrd		*
  3883   0010F2  50F5               	movf	tablat,w,c
  3884   0010F4  0A2E               	xorlw	46
  3885   0010F6  A4D8               	btfss	status,2,c
  3886   0010F8  EF80  F008         	goto	u3941
  3887   0010FC  EF82  F008         	goto	u3940
  3888   001100                     u3941:
  3889   001100  EF95  F008         	goto	l4422
  3890   001104                     u3940:
  3891   001104                     
  3892                           ; BSR set to: 1
  3893                           ;C:\Program Files\Microchip\xc8\v4.00\pic\sources\c99\common\doprnt.c: 1266:            
      +                           ++*fmt;
  3894   001104  C187  FFD9         	movff	vfpfcnvrt@fmt,fsr2l
  3895   001108  C188  FFDA         	movff	vfpfcnvrt@fmt+1,fsr2h
  3896   00110C  2ADF               	incf	indf2,f,c
  3897   00110E                     
  3898                           ; BSR set to: 1
  3899                           ;C:\Program Files\Microchip\xc8\v4.00\pic\sources\c99\common\doprnt.c: 1267:    prec = r
      +                          ead_prec_or_width(fmt, ap);
  3900   00110E  C187  F15D         	movff	vfpfcnvrt@fmt,read_prec_or_width@fmt
  3901   001112  C188  F15E         	movff	vfpfcnvrt@fmt+1,read_prec_or_width@fmt+1
  3902   001116  C189  F15F         	movff	vfpfcnvrt@ap,read_prec_or_width@ap
  3903   00111A  C18A  F160         	movff	vfpfcnvrt@ap+1,read_prec_or_width@ap+1
  3904   00111E  EC8D  F01A         	call	_read_prec_or_width	;wreg free
  3905   001122  C15D  F136         	movff	?_read_prec_or_width,_prec
  3906   001126  C15E  F137         	movff	?_read_prec_or_width+1,_prec+1
  3907   00112A                     l4422:
  3908                           
  3909                           ;C:\Program Files\Microchip\xc8\v4.00\pic\sources\c99\common\doprnt.c: 1291:   cp = *fmt
      +                          ;
  3910   00112A  C187  FFD9         	movff	vfpfcnvrt@fmt,fsr2l
  3911   00112E  C188  FFDA         	movff	vfpfcnvrt@fmt+1,fsr2h
  3912   001132  50DF               	movf	indf2,w,c
  3913   001134  0101               	movlb	1	; () banked
  3914   001136  6F93               	movwf	vfpfcnvrt@cp& (0+255),b
  3915   001138                     
  3916                           ; BSR set to: 1
  3917                           ;C:\Program Files\Microchip\xc8\v4.00\pic\sources\c99\common\doprnt.c: 1293:   c = *cp;
  3918   001138  C193  FFF6         	movff	vfpfcnvrt@cp,tblptrl
  3919   00113C                     	if	1	;There is more than 1 active tblptr byte
  3920   00113C  0E10               	movlw	high __smallconst
  3921   00113E  6EF7               	movwf	tblptrh,c
  3922   001140                     	endif
  3923   001140                     	if	0	;tblptru may be non-zero
  3924   001140                     	endif
  3925   001140                     	if	0	;tblptru may be non-zero
  3926   001140                     	endif
  3927   001140  0008               	tblrd		*
  3928   001142  CFF5 F192          	movff	tablat,vfpfcnvrt@c
  3929                           
  3930                           ;C:\Program Files\Microchip\xc8\v4.00\pic\sources\c99\common\doprnt.c: 1294:   switch(c)
      +                           {
  3931   001146  EFAF  F008         	goto	l4432
  3932   00114A                     l4426:
  3933                           
  3934                           ; BSR set to: 1
  3935                           ;C:\Program Files\Microchip\xc8\v4.00\pic\sources\c99\common\doprnt.c: 1309:     cp++;
  3936   00114A  2B93               	incf	vfpfcnvrt@cp& (0+255),f,b
  3937                           
  3938                           ;C:\Program Files\Microchip\xc8\v4.00\pic\sources\c99\common\doprnt.c: 1316:     break;
  3939   00114C  EFBE  F008         	goto	l4434
  3940   001150                     l4428:
  3941                           
  3942                           ; BSR set to: 1
  3943                           ;C:\Program Files\Microchip\xc8\v4.00\pic\sources\c99\common\doprnt.c: 1350:     c = 'i'
      +                          ;
  3944   001150  0E69               	movlw	105
  3945   001152  6F92               	movwf	vfpfcnvrt@c& (0+255),b
  3946                           
  3947                           ;C:\Program Files\Microchip\xc8\v4.00\pic\sources\c99\common\doprnt.c: 1351:     break;
  3948   001154  EFBE  F008         	goto	l4434
  3949   001158                     l1280:
  3950                           
  3951                           ; BSR set to: 1
  3952                           ;C:\Program Files\Microchip\xc8\v4.00\pic\sources\c99\common\doprnt.c: 1353:     c = 0;
  3953   001158  6B92               	clrf	vfpfcnvrt@c& (0+255),b
  3954                           
  3955                           ;C:\Program Files\Microchip\xc8\v4.00\pic\sources\c99\common\doprnt.c: 1354:     break;
  3956   00115A  EFBE  F008         	goto	l4434
  3957   00115E                     l4432:
  3958                           
  3959                           ; BSR set to: 1
  3960                           ;C:\Program Files\Microchip\xc8\v4.00\pic\sources\c99\common\doprnt.c: 1294:   switch(c)
      +                           {
  3961   00115E  5192               	movf	vfpfcnvrt@c& (0+255),w,b
  3962                           
  3963                           ; Switch size 1, requested type "simple"
  3964                           ; Number of cases is 3, Range of values is 100 to 108
  3965                           ; switch strategies available:
  3966                           ; Name         Instructions Cycles
  3967                           ; simple_byte           10     6 (average)
  3968                           ;	Chosen strategy is simple_byte
  3969   001160  0A64               	xorlw	100	; case 100
  3970   001162  B4D8               	btfsc	status,2,c
  3971   001164  EFA8  F008         	goto	l4428
  3972   001168  0A0D               	xorlw	13	; case 105
  3973   00116A  B4D8               	btfsc	status,2,c
  3974   00116C  EFA8  F008         	goto	l4428
  3975   001170  0A05               	xorlw	5	; case 108
  3976   001172  B4D8               	btfsc	status,2,c
  3977   001174  EFA5  F008         	goto	l4426
  3978   001178  EFAC  F008         	goto	l1280
  3979   00117C                     l4434:
  3980                           
  3981                           ; BSR set to: 1
  3982                           ;C:\Program Files\Microchip\xc8\v4.00\pic\sources\c99\common\doprnt.c: 1361:   if (*cp =
      +                          = 'd' || *cp == 'i') {
  3983   00117C  C193  FFF6         	movff	vfpfcnvrt@cp,tblptrl
  3984   001180                     	if	1	;There is more than 1 active tblptr byte
  3985   001180  0E10               	movlw	high __smallconst
  3986   001182  6EF7               	movwf	tblptrh,c
  3987   001184                     	endif
  3988   001184                     	if	0	;tblptru may be non-zero
  3989   001184                     	endif
  3990   001184                     	if	0	;tblptru may be non-zero
  3991   001184                     	endif
  3992   001184  0008               	tblrd		*
  3993   001186  50F5               	movf	tablat,w,c
  3994   001188  0A64               	xorlw	100
  3995   00118A  B4D8               	btfsc	status,2,c
  3996   00118C  EFCA  F008         	goto	u3951
  3997   001190  EFCC  F008         	goto	u3950
  3998   001194                     u3951:
  3999   001194  EF11  F009         	goto	l4444
  4000   001198                     u3950:
  4001   001198                     
  4002                           ; BSR set to: 1
  4003   001198  C193  FFF6         	movff	vfpfcnvrt@cp,tblptrl
  4004   00119C                     	if	1	;There is more than 1 active tblptr byte
  4005   00119C  0E10               	movlw	high __smallconst
  4006   00119E  6EF7               	movwf	tblptrh,c
  4007   0011A0                     	endif
  4008   0011A0                     	if	0	;tblptru may be non-zero
  4009   0011A0                     	endif
  4010   0011A0                     	if	0	;tblptru may be non-zero
  4011   0011A0                     	endif
  4012   0011A0  0008               	tblrd		*
  4013   0011A2  50F5               	movf	tablat,w,c
  4014   0011A4  0A69               	xorlw	105
  4015   0011A6  A4D8               	btfss	status,2,c
  4016   0011A8  EFD8  F008         	goto	u3961
  4017   0011AC  EFDA  F008         	goto	u3960
  4018   0011B0                     u3961:
  4019   0011B0  EF32  F009         	goto	l1281
  4020   0011B4                     u3960:
  4021   0011B4  EF11  F009         	goto	l4444
  4022   0011B8                     l4438:
  4023                           
  4024                           ; BSR set to: 1
  4025                           ;C:\Program Files\Microchip\xc8\v4.00\pic\sources\c99\common\doprnt.c: 1365:      convar
      +                          g.sint = (vfpf_sint_t)(int)(*(int *)__va_arg(*(int **)ap, (int)0));
  4026   0011B8  C189  FFD9         	movff	vfpfcnvrt@ap,fsr2l
  4027   0011BC  C18A  FFDA         	movff	vfpfcnvrt@ap+1,fsr2h
  4028   0011C0  CFDF F18B          	movff	indf2,??_vfpfcnvrt
  4029   0011C4  0E02               	movlw	2
  4030   0011C6  26DE               	addwf	postinc2,f,c
  4031   0011C8  CFDF F18C          	movff	indf2,??_vfpfcnvrt+1
  4032   0011CC  0E00               	movlw	0
  4033   0011CE  22DD               	addwfc	postdec2,f,c
  4034   0011D0  C18B  FFD9         	movff	??_vfpfcnvrt,fsr2l
  4035   0011D4  C18C  FFDA         	movff	??_vfpfcnvrt+1,fsr2h
  4036   0011D8  CFDE F18D          	movff	postinc2,vfpfcnvrt@convarg
  4037   0011DC  CFDD F18E          	movff	postdec2,vfpfcnvrt@convarg+1
  4038   0011E0  0E00               	movlw	0
  4039   0011E2  BF8E               	btfsc	(vfpfcnvrt@convarg+1)& (0+255),7,b
  4040   0011E4  0EFF               	movlw	-1
  4041   0011E6  6F8F               	movwf	(vfpfcnvrt@convarg+2)& (0+255),b
  4042   0011E8  6F90               	movwf	(vfpfcnvrt@convarg+3)& (0+255),b
  4043                           
  4044                           ;C:\Program Files\Microchip\xc8\v4.00\pic\sources\c99\common\doprnt.c: 1366:      break;
  4045   0011EA  EF1C  F009         	goto	l4446
  4046   0011EE                     l4440:
  4047                           
  4048                           ; BSR set to: 1
  4049                           ;C:\Program Files\Microchip\xc8\v4.00\pic\sources\c99\common\doprnt.c: 1379:      convar
      +                          g.sint = (vfpf_sint_t)(*(long *)__va_arg(*(long **)ap, (long)0));
  4050   0011EE  C189  FFD9         	movff	vfpfcnvrt@ap,fsr2l
  4051   0011F2  C18A  FFDA         	movff	vfpfcnvrt@ap+1,fsr2h
  4052   0011F6  CFDF F18B          	movff	indf2,??_vfpfcnvrt
  4053   0011FA  0E04               	movlw	4
  4054   0011FC  26DE               	addwf	postinc2,f,c
  4055   0011FE  CFDF F18C          	movff	indf2,??_vfpfcnvrt+1
  4056   001202  0E00               	movlw	0
  4057   001204  22DD               	addwfc	postdec2,f,c
  4058   001206  C18B  FFD9         	movff	??_vfpfcnvrt,fsr2l
  4059   00120A  C18C  FFDA         	movff	??_vfpfcnvrt+1,fsr2h
  4060   00120E  CFDE F18D          	movff	postinc2,vfpfcnvrt@convarg
  4061   001212  CFDE F18E          	movff	postinc2,vfpfcnvrt@convarg+1
  4062   001216  CFDE F18F          	movff	postinc2,vfpfcnvrt@convarg+2
  4063   00121A  CFDE F190          	movff	postinc2,vfpfcnvrt@convarg+3
  4064                           
  4065                           ;C:\Program Files\Microchip\xc8\v4.00\pic\sources\c99\common\doprnt.c: 1380:      break;
  4066   00121E  EF1C  F009         	goto	l4446
  4067   001222                     l4444:
  4068                           
  4069                           ; BSR set to: 1
  4070                           ;C:\Program Files\Microchip\xc8\v4.00\pic\sources\c99\common\doprnt.c: 1363:    switch (
      +                          c) {
  4071   001222  5192               	movf	vfpfcnvrt@c& (0+255),w,b
  4072                           
  4073                           ; Switch size 1, requested type "simple"
  4074                           ; Number of cases is 2, Range of values is 105 to 108
  4075                           ; switch strategies available:
  4076                           ; Name         Instructions Cycles
  4077                           ; simple_byte            7     4 (average)
  4078                           ;	Chosen strategy is simple_byte
  4079   001224  0A69               	xorlw	105	; case 105
  4080   001226  B4D8               	btfsc	status,2,c
  4081   001228  EFDC  F008         	goto	l4438
  4082   00122C  0A05               	xorlw	5	; case 108
  4083   00122E  B4D8               	btfsc	status,2,c
  4084   001230  EFF7  F008         	goto	l4440
  4085   001234  EF1C  F009         	goto	l4446
  4086   001238                     l4446:
  4087                           
  4088                           ; BSR set to: 1
  4089                           ;C:\Program Files\Microchip\xc8\v4.00\pic\sources\c99\common\doprnt.c: 1406:    *fmt = c
      +                          p+1;
  4090   001238  2993               	incf	vfpfcnvrt@cp& (0+255),w,b
  4091   00123A  C187  FFD9         	movff	vfpfcnvrt@fmt,fsr2l
  4092   00123E  C188  FFDA         	movff	vfpfcnvrt@fmt+1,fsr2h
  4093   001242  6EDF               	movwf	indf2,c
  4094   001244                     
  4095                           ; BSR set to: 1
  4096                           ;C:\Program Files\Microchip\xc8\v4.00\pic\sources\c99\common\doprnt.c: 1432:    return (
      +                          void) dtoa(fp, convarg.sint);;	Return value of _vfpfcnvrt is never used
  4097   001244  C185  F176         	movff	vfpfcnvrt@fp,dtoa@fp
  4098   001248  C186  F177         	movff	vfpfcnvrt@fp+1,dtoa@fp+1
  4099   00124C  C18D  F178         	movff	vfpfcnvrt@convarg,dtoa@d
  4100   001250  C18E  F179         	movff	vfpfcnvrt@convarg+1,dtoa@d+1
  4101   001254  C18F  F17A         	movff	vfpfcnvrt@convarg+2,dtoa@d+2
  4102   001258  C190  F17B         	movff	vfpfcnvrt@convarg+3,dtoa@d+3
  4103   00125C  ECB9  F014         	call	_dtoa	;wreg free
  4104   001260  EFD4  F009         	goto	l1288
  4105   001264                     l1281:
  4106                           
  4107                           ; BSR set to: 1
  4108                           ;C:\Program Files\Microchip\xc8\v4.00\pic\sources\c99\common\doprnt.c: 1656:   done = 0;
  4109   001264  6B91               	clrf	vfpfcnvrt@done& (0+255),b
  4110   001266                     
  4111                           ; BSR set to: 1
  4112                           ;C:\Program Files\Microchip\xc8\v4.00\pic\sources\c99\common\doprnt.c: 1657:   if ((*fmt
      +                          )[0] == 's') {
  4113   001266  C187  FFD9         	movff	vfpfcnvrt@fmt,fsr2l
  4114   00126A  C188  FFDA         	movff	vfpfcnvrt@fmt+1,fsr2h
  4115   00126E  CFDF FFF6          	movff	indf2,tblptrl
  4116   001272                     	if	1	;There is more than 1 active tblptr byte
  4117   001272  0E10               	movlw	high __smallconst
  4118   001274  6EF7               	movwf	tblptrh,c
  4119   001276                     	endif
  4120   001276                     	if	0	;tblptru may be non-zero
  4121   001276                     	endif
  4122   001276                     	if	0	;tblptru may be non-zero
  4123   001276                     	endif
  4124   001276  0008               	tblrd		*
  4125   001278  50F5               	movf	tablat,w,c
  4126   00127A  0A73               	xorlw	115
  4127   00127C  A4D8               	btfss	status,2,c
  4128   00127E  EF43  F009         	goto	u3971
  4129   001282  EF45  F009         	goto	u3970
  4130   001286                     u3971:
  4131   001286  EF4E  F009         	goto	l4458
  4132   00128A                     u3970:
  4133   00128A                     
  4134                           ; BSR set to: 1
  4135                           ;C:\Program Files\Microchip\xc8\v4.00\pic\sources\c99\common\doprnt.c: 1658:    ++*fmt;
  4136   00128A  C187  FFD9         	movff	vfpfcnvrt@fmt,fsr2l
  4137   00128E  C188  FFDA         	movff	vfpfcnvrt@fmt+1,fsr2h
  4138   001292  2ADF               	incf	indf2,f,c
  4139   001294                     l4456:
  4140                           
  4141                           ; BSR set to: 1
  4142                           ;C:\Program Files\Microchip\xc8\v4.00\pic\sources\c99\common\doprnt.c: 1659:    done = 1
      +                          ;
  4143   001294  0E01               	movlw	1
  4144   001296  6F91               	movwf	vfpfcnvrt@done& (0+255),b
  4145                           
  4146                           ;C:\Program Files\Microchip\xc8\v4.00\pic\sources\c99\common\doprnt.c: 1660:   }
  4147   001298  EF94  F009         	goto	l4468
  4148   00129C                     l4458:
  4149                           
  4150                           ; BSR set to: 1
  4151   00129C  C187  FFD9         	movff	vfpfcnvrt@fmt,fsr2l
  4152   0012A0  C188  FFDA         	movff	vfpfcnvrt@fmt+1,fsr2h
  4153   0012A4  CFDF FFF6          	movff	indf2,tblptrl
  4154   0012A8                     	if	1	;There is more than 1 active tblptr byte
  4155   0012A8  0E10               	movlw	high __smallconst
  4156   0012AA  6EF7               	movwf	tblptrh,c
  4157   0012AC                     	endif
  4158   0012AC                     	if	0	;tblptru may be non-zero
  4159   0012AC                     	endif
  4160   0012AC                     	if	0	;tblptru may be non-zero
  4161   0012AC                     	endif
  4162   0012AC  0008               	tblrd		*
  4163   0012AE  50F5               	movf	tablat,w,c
  4164   0012B0  0A6C               	xorlw	108
  4165   0012B2  A4D8               	btfss	status,2,c
  4166   0012B4  EF5E  F009         	goto	u3981
  4167   0012B8  EF60  F009         	goto	u3980
  4168   0012BC                     u3981:
  4169   0012BC  EF94  F009         	goto	l4468
  4170   0012C0                     u3980:
  4171   0012C0                     
  4172                           ; BSR set to: 1
  4173   0012C0  C187  FFD9         	movff	vfpfcnvrt@fmt,fsr2l
  4174   0012C4  C188  FFDA         	movff	vfpfcnvrt@fmt+1,fsr2h
  4175   0012C8  50DF               	movf	indf2,w,c
  4176   0012CA  6F8B               	movwf	??_vfpfcnvrt& (0+255),b
  4177   0012CC  0E01               	movlw	1
  4178   0012CE  278B               	addwf	??_vfpfcnvrt& (0+255),f,b
  4179   0012D0  C18B  FFF6         	movff	??_vfpfcnvrt,tblptrl
  4180   0012D4                     	if	1	;There is more than 1 active tblptr byte
  4181   0012D4  0E10               	movlw	high __smallconst
  4182   0012D6  6EF7               	movwf	tblptrh,c
  4183   0012D8                     	endif
  4184   0012D8                     	if	0	;tblptru may be non-zero
  4185   0012D8                     	endif
  4186   0012D8                     	if	0	;tblptru may be non-zero
  4187   0012D8                     	endif
  4188   0012D8  0008               	tblrd		*
  4189   0012DA  50F5               	movf	tablat,w,c
  4190   0012DC  0A6C               	xorlw	108
  4191   0012DE  A4D8               	btfss	status,2,c
  4192   0012E0  EF74  F009         	goto	u3991
  4193   0012E4  EF76  F009         	goto	u3990
  4194   0012E8                     u3991:
  4195   0012E8  EF94  F009         	goto	l4468
  4196   0012EC                     u3990:
  4197   0012EC                     
  4198                           ; BSR set to: 1
  4199   0012EC  C187  FFD9         	movff	vfpfcnvrt@fmt,fsr2l
  4200   0012F0  C188  FFDA         	movff	vfpfcnvrt@fmt+1,fsr2h
  4201   0012F4  50DF               	movf	indf2,w,c
  4202   0012F6  6F8B               	movwf	??_vfpfcnvrt& (0+255),b
  4203   0012F8  0E02               	movlw	2
  4204   0012FA  278B               	addwf	??_vfpfcnvrt& (0+255),f,b
  4205   0012FC  C18B  FFF6         	movff	??_vfpfcnvrt,tblptrl
  4206   001300                     	if	1	;There is more than 1 active tblptr byte
  4207   001300  0E10               	movlw	high __smallconst
  4208   001302  6EF7               	movwf	tblptrh,c
  4209   001304                     	endif
  4210   001304                     	if	0	;tblptru may be non-zero
  4211   001304                     	endif
  4212   001304                     	if	0	;tblptru may be non-zero
  4213   001304                     	endif
  4214   001304  0008               	tblrd		*
  4215   001306  50F5               	movf	tablat,w,c
  4216   001308  0A73               	xorlw	115
  4217   00130A  A4D8               	btfss	status,2,c
  4218   00130C  EF8A  F009         	goto	u4001
  4219   001310  EF8C  F009         	goto	u4000
  4220   001314                     u4001:
  4221   001314  EF94  F009         	goto	l4468
  4222   001318                     u4000:
  4223   001318                     
  4224                           ; BSR set to: 1
  4225                           ;C:\Program Files\Microchip\xc8\v4.00\pic\sources\c99\common\doprnt.c: 1662:    *fmt += 
      +                          3;
  4226   001318  C187  FFD9         	movff	vfpfcnvrt@fmt,fsr2l
  4227   00131C  C188  FFDA         	movff	vfpfcnvrt@fmt+1,fsr2h
  4228   001320  0E03               	movlw	3
  4229   001322  26DF               	addwf	indf2,f,c
  4230   001324  EF4A  F009         	goto	l4456
  4231   001328                     l4468:
  4232                           
  4233                           ; BSR set to: 1
  4234                           ;C:\Program Files\Microchip\xc8\v4.00\pic\sources\c99\common\doprnt.c: 1665:   if (done)
      +                           {
  4235   001328  5191               	movf	vfpfcnvrt@done& (0+255),w,b
  4236   00132A  B4D8               	btfsc	status,2,c
  4237   00132C  EF9A  F009         	goto	u4011
  4238   001330  EF9C  F009         	goto	u4010
  4239   001334                     u4011:
  4240   001334  EFB8  F009         	goto	l4474
  4241   001338                     u4010:
  4242   001338                     
  4243                           ; BSR set to: 1
  4244                           ;C:\Program Files\Microchip\xc8\v4.00\pic\sources\c99\common\doprnt.c: 1682:    return (
      +                          void) stoa(fp, (*(char * *)__va_arg(*(char * **)ap, (char *)0)));;	Return value of _vfpf
      +                          cnvrt is never used
  4245   001338  C185  F166         	movff	vfpfcnvrt@fp,stoa@fp
  4246   00133C  C186  F167         	movff	vfpfcnvrt@fp+1,stoa@fp+1
  4247   001340  C189  FFD9         	movff	vfpfcnvrt@ap,fsr2l
  4248   001344  C18A  FFDA         	movff	vfpfcnvrt@ap+1,fsr2h
  4249   001348  CFDF F18B          	movff	indf2,??_vfpfcnvrt
  4250   00134C  0E02               	movlw	2
  4251   00134E  26DE               	addwf	postinc2,f,c
  4252   001350  CFDF F18C          	movff	indf2,??_vfpfcnvrt+1
  4253   001354  0E00               	movlw	0
  4254   001356  22DD               	addwfc	postdec2,f,c
  4255   001358  C18B  FFD9         	movff	??_vfpfcnvrt,fsr2l
  4256   00135C  C18C  FFDA         	movff	??_vfpfcnvrt+1,fsr2h
  4257   001360  CFDE F168          	movff	postinc2,stoa@s
  4258   001364  CFDD F169          	movff	postdec2,stoa@s+1
  4259   001368  ECE6  F013         	call	_stoa	;wreg free
  4260   00136C  EFD4  F009         	goto	l1288
  4261   001370                     l4474:
  4262                           
  4263                           ;C:\Program Files\Microchip\xc8\v4.00\pic\sources\c99\common\doprnt.c: 1806:         ++*
      +                          fmt;
  4264   001370  C187  FFD9         	movff	vfpfcnvrt@fmt,fsr2l
  4265   001374  C188  FFDA         	movff	vfpfcnvrt@fmt+1,fsr2h
  4266   001378  2ADF               	incf	indf2,f,c
  4267   00137A  EFD4  F009         	goto	l1288
  4268   00137E                     l4478:
  4269                           
  4270                           ;C:\Program Files\Microchip\xc8\v4.00\pic\sources\c99\common\doprnt.c: 1811:     fputc((
      +                          int)(*fmt)[0], fp);
  4271   00137E  C187  FFD9         	movff	vfpfcnvrt@fmt,fsr2l
  4272   001382  C188  FFDA         	movff	vfpfcnvrt@fmt+1,fsr2h
  4273   001386  CFDF FFF6          	movff	indf2,tblptrl
  4274   00138A                     	if	1	;There is more than 1 active tblptr byte
  4275   00138A  0E10               	movlw	high __smallconst
  4276   00138C  6EF7               	movwf	tblptrh,c
  4277   00138E                     	endif
  4278   00138E                     	if	0	;tblptru may be non-zero
  4279   00138E                     	endif
  4280   00138E                     	if	0	;tblptru may be non-zero
  4281   00138E                     	endif
  4282   00138E  0008               	tblrd		*
  4283   001390  50F5               	movf	tablat,w,c
  4284   001392  0101               	movlb	1	; () banked
  4285   001394  6F5D               	movwf	fputc@c& (0+255),b
  4286   001396  6B5E               	clrf	(fputc@c+1)& (0+255),b
  4287   001398  C185  F15F         	movff	vfpfcnvrt@fp,fputc@fp
  4288   00139C  C186  F160         	movff	vfpfcnvrt@fp+1,fputc@fp+1
  4289   0013A0  ECC2  F019         	call	_fputc	;wreg free
  4290   0013A4  EFB8  F009         	goto	l4474
  4291   0013A8                     l1288:
  4292   0013A8  0012               	return		;funcret
  4293   0013AA                     __end_of_vfpfcnvrt:
  4294                           	callstack 0
  4295                           
  4296 ;; *************** function _stoa *****************
  4297 ;; Defined at:
  4298 ;;		line 942 in file "C:\Program Files\Microchip\xc8\v4.00\pic\sources\c99\common\doprnt.c"
  4299 ;; Parameters:    Size  Location     Type
  4300 ;;  fp              2    9[BANK1 ] PTR struct _IO_FILE
  4301 ;;		 -> sprintf@f(11), 
  4302 ;;  s               2   11[BANK1 ] PTR unsigned char 
  4303 ;;		 -> ?_sprintf(2), main@strrx(100), 
  4304 ;; Auto vars:     Size  Location     Type
  4305 ;;  l               2   21[BANK1 ] int 
  4306 ;;  cp              2   19[BANK1 ] PTR unsigned char 
  4307 ;;		 -> STR_4(7), ?_sprintf(2), main@strrx(100), 
  4308 ;;  w               2   17[BANK1 ] int 
  4309 ;;  p               2   15[BANK1 ] int 
  4310 ;; Return value:  Size  Location     Type
  4311 ;;                  1    wreg      void 
  4312 ;; Registers used:
  4313 ;;		wreg, fsr1l, fsr1h, fsr2l, fsr2h, status,2, status,0, tblptrl, tblptrh, tblptru, cstack
  4314 ;; Tracked objects:
  4315 ;;		On entry : 0/0
  4316 ;;		On exit  : 0/0
  4317 ;;		Unchanged: 0/0
  4318 ;; Data sizes:     COMRAM   BANK0   BANK1   BANK2   BANK3   BANK4   BANK5   BANK6   BANK7   BANK8   BANK9  BANK10  BANK1
      +1  BANK12  BANK13  BANK14
  4319 ;;      Params:         0       0       4       0       0       0       0       0       0       0       0       0       
      +0       0       0       0
  4320 ;;      Locals:         0       0       8       0       0       0       0       0       0       0       0       0       
      +0       0       0       0
  4321 ;;      Temps:          0       0       2       0       0       0       0       0       0       0       0       0       
      +0       0       0       0
  4322 ;;      Totals:         0       0      14       0       0       0       0       0       0       0       0       0       
      +0       0       0       0
  4323 ;;Total ram usage:       14 bytes
  4324 ;; Hardware stack levels used: 1
  4325 ;; Hardware stack levels required when called: 11
  4326 ;; This function calls:
  4327 ;;		_fputc
  4328 ;; This function is called by:
  4329 ;;		_vfpfcnvrt
  4330 ;; This function uses a non-reentrant model
  4331 ;;
  4332                           
  4333                           	psect	text8
  4334   0027CC                     __ptext8:
  4335                           	callstack 0
  4336   0027CC                     _stoa:
  4337                           	callstack 16
  4338   0027CC                     
  4339                           ;C:\Program Files\Microchip\xc8\v4.00\pic\sources\c99\common\doprnt.c: 942: static void 
      +                          stoa(FILE *fp, char *s);C:\Program Files\Microchip\xc8\v4.00\pic\sources\c99\common\dopr
      +                          nt.c: 943: {;C:\Program Files\Microchip\xc8\v4.00\pic\sources\c99\common\doprnt.c: 944: 
      +                              char *cp;;C:\Program Files\Microchip\xc8\v4.00\pic\sources\c99\common\doprnt.c: 945:
      +                               int l, p;;C:\Program Files\Microchip\xc8\v4.00\pic\sources\c99\common\doprnt.c: 947
      +                          :  int w;;C:\Program Files\Microchip\xc8\v4.00\pic\sources\c99\common\doprnt.c: 951:    
      +                           cp = s;
  4340   0027CC  C168  F170         	movff	stoa@s,stoa@cp
  4341   0027D0  C169  F171         	movff	stoa@s+1,stoa@cp+1
  4342                           
  4343                           ;C:\Program Files\Microchip\xc8\v4.00\pic\sources\c99\common\doprnt.c: 952:     if (!cp)
      +                           {
  4344   0027D4  0101               	movlb	1	; () banked
  4345   0027D6  5170               	movf	stoa@cp& (0+255),w,b
  4346   0027D8  1171               	iorwf	(stoa@cp+1)& (0+255),w,b
  4347   0027DA  A4D8               	btfss	status,2,c
  4348   0027DC  EFF2  F013         	goto	u3651
  4349   0027E0  EFF4  F013         	goto	u3650
  4350   0027E4                     u3651:
  4351   0027E4  EFFA  F013         	goto	l4248
  4352   0027E8                     u3650:
  4353   0027E8                     
  4354                           ; BSR set to: 1
  4355                           ;C:\Program Files\Microchip\xc8\v4.00\pic\sources\c99\common\doprnt.c: 953:         cp =
      +                           "(null)";
  4356   0027E8  0E64               	movlw	low STR_4
  4357   0027EA  6F70               	movwf	stoa@cp& (0+255),b
  4358   0027EC  5170               	movf	stoa@cp& (0+255),w,b
  4359   0027EE  A4D8               	btfss	status,2,c
  4360   0027F0  0E10               	movlw	high __smallconst
  4361   0027F2  6F71               	movwf	(stoa@cp+1)& (0+255),b
  4362   0027F4                     l4248:
  4363                           
  4364                           ; BSR set to: 1
  4365                           ;C:\Program Files\Microchip\xc8\v4.00\pic\sources\c99\common\doprnt.c: 957:  for (l = 0;
      +                           cp[l] != '\0'; l++) {
  4366   0027F4  6B73               	clrf	(stoa@l+1)& (0+255),b
  4367   0027F6  0E00               	movlw	0
  4368   0027F8  6F72               	movwf	stoa@l& (0+255),b
  4369   0027FA  EF02  F014         	goto	l4252
  4370   0027FE                     l4250:
  4371                           
  4372                           ;C:\Program Files\Microchip\xc8\v4.00\pic\sources\c99\common\doprnt.c: 957:  for (l = 0;
      +                           cp[l] != '\0'; l++) {
  4373   0027FE  0101               	movlb	1	; () banked
  4374   002800  4B72               	infsnz	stoa@l& (0+255),f,b
  4375   002802  2B73               	incf	(stoa@l+1)& (0+255),f,b
  4376   002804                     l4252:
  4377                           
  4378                           ; BSR set to: 1
  4379   002804  5172               	movf	stoa@l& (0+255),w,b
  4380   002806  2570               	addwf	stoa@cp& (0+255),w,b
  4381   002808  6F6A               	movwf	??_stoa& (0+255),b
  4382   00280A  5173               	movf	(stoa@l+1)& (0+255),w,b
  4383   00280C  2171               	addwfc	(stoa@cp+1)& (0+255),w,b
  4384   00280E  6F6B               	movwf	(??_stoa+1)& (0+255),b
  4385   002810  C16A  FFF6         	movff	??_stoa,tblptrl
  4386   002814  C16B  FFF7         	movff	??_stoa+1,tblptrh
  4387   002818  6AF8               	clrf	tblptru,c
  4388   00281A  0E0F               	movlw	(high __ramtop+-1)
  4389   00281C  64F7               	cpfsgt	tblptrh,c
  4390   00281E  D003               	bra	u3667
  4391   002820  0008               	tblrd		*
  4392   002822  50F5               	movf	tablat,w,c
  4393   002824  D005               	bra	u3660
  4394   002826                     u3667:
  4395   002826  CFF6 FFE1          	movff	tblptrl,fsr1l
  4396   00282A  CFF7 FFE2          	movff	tblptrh,fsr1h
  4397   00282E  50E7               	movf	indf1,w,c
  4398   002830                     u3660:
  4399   002830  0900               	iorlw	0
  4400   002832  A4D8               	btfss	status,2,c
  4401   002834  EF1E  F014         	goto	u3671
  4402   002838  EF20  F014         	goto	u3670
  4403   00283C                     u3671:
  4404   00283C  EFFF  F013         	goto	l4250
  4405   002840                     u3670:
  4406   002840                     
  4407                           ;C:\Program Files\Microchip\xc8\v4.00\pic\sources\c99\common\doprnt.c: 959:  };C:\Progra
      +                          m Files\Microchip\xc8\v4.00\pic\sources\c99\common\doprnt.c: 961:  if (!(prec < 0) && (p
      +                          rec < l)) {
  4408   002840  0101               	movlb	1	; () banked
  4409   002842  BF37               	btfsc	(_prec+1)& (0+255),7,b
  4410   002844  EF26  F014         	goto	u3681
  4411   002848  EF28  F014         	goto	u3680
  4412   00284C                     u3681:
  4413   00284C  EF3B  F014         	goto	l1249
  4414   002850                     u3680:
  4415   002850                     
  4416                           ; BSR set to: 1
  4417   002850  5172               	movf	stoa@l& (0+255),w,b
  4418   002852  5D36               	subwf	_prec& (0+255),w,b
  4419   002854  5137               	movf	(_prec+1)& (0+255),w,b
  4420   002856  0A80               	xorlw	128
  4421   002858  6F6A               	movwf	??_stoa& (0+255),b
  4422   00285A  5173               	movf	(stoa@l+1)& (0+255),w,b
  4423   00285C  0A80               	xorlw	128
  4424   00285E  596A               	subwfb	??_stoa& (0+255),w,b
  4425   002860  B0D8               	btfsc	status,0,c
  4426   002862  EF35  F014         	goto	u3691
  4427   002866  EF37  F014         	goto	u3690
  4428   00286A                     u3691:
  4429   00286A  EF3B  F014         	goto	l1249
  4430   00286E                     u3690:
  4431   00286E                     
  4432                           ; BSR set to: 1
  4433                           ;C:\Program Files\Microchip\xc8\v4.00\pic\sources\c99\common\doprnt.c: 962:   l = prec;
  4434   00286E  C136  F172         	movff	_prec,stoa@l
  4435   002872  C137  F173         	movff	_prec+1,stoa@l+1
  4436   002876                     l1249:
  4437                           
  4438                           ; BSR set to: 1
  4439                           ;C:\Program Files\Microchip\xc8\v4.00\pic\sources\c99\common\doprnt.c: 965:     p = l;
  4440   002876  C172  F16C         	movff	stoa@l,stoa@p
  4441   00287A  C173  F16D         	movff	stoa@l+1,stoa@p+1
  4442                           
  4443                           ;C:\Program Files\Microchip\xc8\v4.00\pic\sources\c99\common\doprnt.c: 969:     w = widt
      +                          h;
  4444   00287E  C134  F16E         	movff	_width,stoa@w
  4445   002882  C135  F16F         	movff	_width+1,stoa@w+1
  4446                           
  4447                           ;C:\Program Files\Microchip\xc8\v4.00\pic\sources\c99\common\doprnt.c: 970:     if (!(fl
      +                          ags & (1 << 0))) {
  4448   002886  B138               	btfsc	_flags& (0+255),0,b
  4449   002888  EF48  F014         	goto	u3701
  4450   00288C  EF4A  F014         	goto	u3700
  4451   002890                     u3701:
  4452   002890  EF87  F014         	goto	l4272
  4453   002894                     u3700:
  4454   002894  EF58  F014         	goto	l4266
  4455   002898                     l4262:
  4456                           
  4457                           ; BSR set to: 1
  4458                           ;C:\Program Files\Microchip\xc8\v4.00\pic\sources\c99\common\doprnt.c: 972:             
      +                          fputc(' ', fp);
  4459   002898  6B5E               	clrf	(fputc@c+1)& (0+255),b
  4460   00289A  0E20               	movlw	32
  4461   00289C  6F5D               	movwf	fputc@c& (0+255),b
  4462   00289E  C166  F15F         	movff	stoa@fp,fputc@fp
  4463   0028A2  C167  F160         	movff	stoa@fp+1,fputc@fp+1
  4464   0028A6  ECC2  F019         	call	_fputc	;wreg free
  4465   0028AA                     
  4466                           ;C:\Program Files\Microchip\xc8\v4.00\pic\sources\c99\common\doprnt.c: 973:             
      +                          ++l;
  4467   0028AA  0101               	movlb	1	; () banked
  4468   0028AC  4B72               	infsnz	stoa@l& (0+255),f,b
  4469   0028AE  2B73               	incf	(stoa@l+1)& (0+255),f,b
  4470   0028B0                     l4266:
  4471                           
  4472                           ; BSR set to: 1
  4473                           ;C:\Program Files\Microchip\xc8\v4.00\pic\sources\c99\common\doprnt.c: 971:         whil
      +                          e (l < w) {
  4474   0028B0  516E               	movf	stoa@w& (0+255),w,b
  4475   0028B2  5D72               	subwf	stoa@l& (0+255),w,b
  4476   0028B4  5173               	movf	(stoa@l+1)& (0+255),w,b
  4477   0028B6  0A80               	xorlw	128
  4478   0028B8  6F6A               	movwf	??_stoa& (0+255),b
  4479   0028BA  516F               	movf	(stoa@w+1)& (0+255),w,b
  4480   0028BC  0A80               	xorlw	128
  4481   0028BE  596A               	subwfb	??_stoa& (0+255),w,b
  4482   0028C0  A0D8               	btfss	status,0,c
  4483   0028C2  EF65  F014         	goto	u3711
  4484   0028C6  EF67  F014         	goto	u3710
  4485   0028CA                     u3711:
  4486   0028CA  EF4C  F014         	goto	l4262
  4487   0028CE                     u3710:
  4488   0028CE  EF87  F014         	goto	l4272
  4489   0028D2                     l4268:
  4490                           
  4491                           ; BSR set to: 1
  4492                           ;C:\Program Files\Microchip\xc8\v4.00\pic\sources\c99\common\doprnt.c: 980:         fput
      +                          c(*cp, fp);
  4493   0028D2  C170  FFF6         	movff	stoa@cp,tblptrl
  4494   0028D6  C171  FFF7         	movff	stoa@cp+1,tblptrh
  4495   0028DA  6AF8               	clrf	tblptru,c
  4496   0028DC  0E0F               	movlw	(high __ramtop+-1)
  4497   0028DE  64F7               	cpfsgt	tblptrh,c
  4498   0028E0  D003               	bra	u3727
  4499   0028E2  0008               	tblrd		*
  4500   0028E4  50F5               	movf	tablat,w,c
  4501   0028E6  D005               	bra	u3720
  4502   0028E8                     u3727:
  4503   0028E8  CFF6 FFE1          	movff	tblptrl,fsr1l
  4504   0028EC  CFF7 FFE2          	movff	tblptrh,fsr1h
  4505   0028F0  50E7               	movf	indf1,w,c
  4506   0028F2                     u3720:
  4507   0028F2  0101               	movlb	1	; () banked
  4508   0028F4  6F6A               	movwf	??_stoa& (0+255),b
  4509   0028F6  516A               	movf	??_stoa& (0+255),w,b
  4510   0028F8  6F5D               	movwf	fputc@c& (0+255),b
  4511   0028FA  6B5E               	clrf	(fputc@c+1)& (0+255),b
  4512   0028FC  C166  F15F         	movff	stoa@fp,fputc@fp
  4513   002900  C167  F160         	movff	stoa@fp+1,fputc@fp+1
  4514   002904  ECC2  F019         	call	_fputc	;wreg free
  4515   002908                     
  4516                           ;C:\Program Files\Microchip\xc8\v4.00\pic\sources\c99\common\doprnt.c: 981:         ++cp
      +                          ;
  4517   002908  0101               	movlb	1	; () banked
  4518   00290A  4B70               	infsnz	stoa@cp& (0+255),f,b
  4519   00290C  2B71               	incf	(stoa@cp+1)& (0+255),f,b
  4520   00290E                     l4272:
  4521                           
  4522                           ; BSR set to: 1
  4523                           ;C:\Program Files\Microchip\xc8\v4.00\pic\sources\c99\common\doprnt.c: 979:     while (p
      +                          --) {
  4524   00290E  076C               	decf	stoa@p& (0+255),f,b
  4525   002910  A0D8               	btfss	status,0,c
  4526   002912  076D               	decf	(stoa@p+1)& (0+255),f,b
  4527   002914  296C               	incf	stoa@p& (0+255),w,b
  4528   002916  E106               	bnz	u3731
  4529   002918  296D               	incf	(stoa@p+1)& (0+255),w,b
  4530   00291A  A4D8               	btfss	status,2,c
  4531   00291C  EF92  F014         	goto	u3731
  4532   002920  EF94  F014         	goto	u3730
  4533   002924                     u3731:
  4534   002924  EF69  F014         	goto	l4268
  4535   002928                     u3730:
  4536   002928                     
  4537                           ; BSR set to: 1
  4538                           ;C:\Program Files\Microchip\xc8\v4.00\pic\sources\c99\common\doprnt.c: 986:     if (flag
      +                          s & (1 << 0)) {
  4539   002928  A138               	btfss	_flags& (0+255),0,b
  4540   00292A  EF99  F014         	goto	u3741
  4541   00292E  EF9B  F014         	goto	u3740
  4542   002932                     u3741:
  4543   002932  EFB8  F014         	goto	l1261
  4544   002936                     u3740:
  4545   002936  EFA9  F014         	goto	l4280
  4546   00293A                     l4276:
  4547                           
  4548                           ; BSR set to: 1
  4549                           ;C:\Program Files\Microchip\xc8\v4.00\pic\sources\c99\common\doprnt.c: 988:             
      +                          fputc(' ', fp);
  4550   00293A  6B5E               	clrf	(fputc@c+1)& (0+255),b
  4551   00293C  0E20               	movlw	32
  4552   00293E  6F5D               	movwf	fputc@c& (0+255),b
  4553   002940  C166  F15F         	movff	stoa@fp,fputc@fp
  4554   002944  C167  F160         	movff	stoa@fp+1,fputc@fp+1
  4555   002948  ECC2  F019         	call	_fputc	;wreg free
  4556   00294C                     
  4557                           ;C:\Program Files\Microchip\xc8\v4.00\pic\sources\c99\common\doprnt.c: 989:             
      +                          ++l;
  4558   00294C  0101               	movlb	1	; () banked
  4559   00294E  4B72               	infsnz	stoa@l& (0+255),f,b
  4560   002950  2B73               	incf	(stoa@l+1)& (0+255),f,b
  4561   002952                     l4280:
  4562                           
  4563                           ; BSR set to: 1
  4564                           ;C:\Program Files\Microchip\xc8\v4.00\pic\sources\c99\common\doprnt.c: 987:         whil
      +                          e (l < w) {
  4565   002952  516E               	movf	stoa@w& (0+255),w,b
  4566   002954  5D72               	subwf	stoa@l& (0+255),w,b
  4567   002956  5173               	movf	(stoa@l+1)& (0+255),w,b
  4568   002958  0A80               	xorlw	128
  4569   00295A  6F6A               	movwf	??_stoa& (0+255),b
  4570   00295C  516F               	movf	(stoa@w+1)& (0+255),w,b
  4571   00295E  0A80               	xorlw	128
  4572   002960  596A               	subwfb	??_stoa& (0+255),w,b
  4573   002962  A0D8               	btfss	status,0,c
  4574   002964  EFB6  F014         	goto	u3751
  4575   002968  EFB8  F014         	goto	u3750
  4576   00296C                     u3751:
  4577   00296C  EF9D  F014         	goto	l4276
  4578   002970                     u3750:
  4579   002970                     l1261:
  4580                           
  4581                           ; BSR set to: 1
  4582   002970  0012               	return		;funcret
  4583   002972                     __end_of_stoa:
  4584                           	callstack 0
  4585                           
  4586 ;; *************** function _read_prec_or_width *****************
  4587 ;; Defined at:
  4588 ;;		line 1158 in file "C:\Program Files\Microchip\xc8\v4.00\pic\sources\c99\common\doprnt.c"
  4589 ;; Parameters:    Size  Location     Type
  4590 ;;  fmt             2    0[BANK1 ] PTR PTR const unsigned c
  4591 ;;		 -> vfprintf@cfmt(1), 
  4592 ;;  ap              2    2[BANK1 ] PTR PTR void [1]
  4593 ;;		 -> sprintf@ap(2), 
  4594 ;; Auto vars:     Size  Location     Type
  4595 ;;  c               1    6[BANK1 ] unsigned char 
  4596 ;;  n               2    7[BANK1 ] int 
  4597 ;; Return value:  Size  Location     Type
  4598 ;;                  2    0[BANK1 ] int 
  4599 ;; Registers used:
  4600 ;;		wreg, fsr2l, fsr2h, status,2, status,0, tblptrl, tblptrh, tblptru, prodl, prodh
  4601 ;; Tracked objects:
  4602 ;;		On entry : 0/0
  4603 ;;		On exit  : 0/0
  4604 ;;		Unchanged: 0/0
  4605 ;; Data sizes:     COMRAM   BANK0   BANK1   BANK2   BANK3   BANK4   BANK5   BANK6   BANK7   BANK8   BANK9  BANK10  BANK1
      +1  BANK12  BANK13  BANK14
  4606 ;;      Params:         0       0       4       0       0       0       0       0       0       0       0       0       
      +0       0       0       0
  4607 ;;      Locals:         0       0       3       0       0       0       0       0       0       0       0       0       
      +0       0       0       0
  4608 ;;      Temps:          0       0       2       0       0       0       0       0       0       0       0       0       
      +0       0       0       0
  4609 ;;      Totals:         0       0       9       0       0       0       0       0       0       0       0       0       
      +0       0       0       0
  4610 ;;Total ram usage:        9 bytes
  4611 ;; Hardware stack levels used: 1
  4612 ;; Hardware stack levels required when called: 10
  4613 ;; This function calls:
  4614 ;;		Nothing
  4615 ;; This function is called by:
  4616 ;;		_vfpfcnvrt
  4617 ;; This function uses a non-reentrant model
  4618 ;;
  4619                           
  4620                           	psect	text9
  4621   00351A                     __ptext9:
  4622                           	callstack 0
  4623   00351A                     _read_prec_or_width:
  4624                           	callstack 17
  4625   00351A                     
  4626                           ;C:\Program Files\Microchip\xc8\v4.00\pic\sources\c99\common\doprnt.c: 1159:     int n =
      +                           0;
  4627   00351A  0101               	movlb	1	; () banked
  4628   00351C  6B65               	clrf	(read_prec_or_width@n+1)& (0+255),b
  4629   00351E  0E00               	movlw	0
  4630   003520  6F64               	movwf	read_prec_or_width@n& (0+255),b
  4631   003522                     
  4632                           ; BSR set to: 1
  4633                           ;C:\Program Files\Microchip\xc8\v4.00\pic\sources\c99\common\doprnt.c: 1160:     if ((*f
      +                          mt)[0] == '*') {
  4634   003522  C15D  FFD9         	movff	read_prec_or_width@fmt,fsr2l
  4635   003526  C15E  FFDA         	movff	read_prec_or_width@fmt+1,fsr2h
  4636   00352A  CFDF FFF6          	movff	indf2,tblptrl
  4637   00352E                     	if	1	;There is more than 1 active tblptr byte
  4638   00352E  0E10               	movlw	high __smallconst
  4639   003530  6EF7               	movwf	tblptrh,c
  4640   003532                     	endif
  4641   003532                     	if	0	;tblptru may be non-zero
  4642   003532                     	endif
  4643   003532                     	if	0	;tblptru may be non-zero
  4644   003532                     	endif
  4645   003532  0008               	tblrd		*
  4646   003534  50F5               	movf	tablat,w,c
  4647   003536  0A2A               	xorlw	42
  4648   003538  A4D8               	btfss	status,2,c
  4649   00353A  EFA1  F01A         	goto	u3761
  4650   00353E  EFA3  F01A         	goto	u3760
  4651   003542                     u3761:
  4652   003542  EFD2  F01A         	goto	l4294
  4653   003546                     u3760:
  4654   003546                     
  4655                           ; BSR set to: 1
  4656                           ;C:\Program Files\Microchip\xc8\v4.00\pic\sources\c99\common\doprnt.c: 1161:         ++*
      +                          fmt;
  4657   003546  C15D  FFD9         	movff	read_prec_or_width@fmt,fsr2l
  4658   00354A  C15E  FFDA         	movff	read_prec_or_width@fmt+1,fsr2h
  4659   00354E  2ADF               	incf	indf2,f,c
  4660   003550                     
  4661                           ; BSR set to: 1
  4662                           ;C:\Program Files\Microchip\xc8\v4.00\pic\sources\c99\common\doprnt.c: 1162:         n =
      +                           (*(int *)__va_arg(*(int **)*ap, (int)0));
  4663   003550  C15F  FFD9         	movff	read_prec_or_width@ap,fsr2l
  4664   003554  C160  FFDA         	movff	read_prec_or_width@ap+1,fsr2h
  4665   003558  CFDF F161          	movff	indf2,??_read_prec_or_width
  4666   00355C  0E02               	movlw	2
  4667   00355E  26DE               	addwf	postinc2,f,c
  4668   003560  CFDF F162          	movff	indf2,??_read_prec_or_width+1
  4669   003564  0E00               	movlw	0
  4670   003566  22DD               	addwfc	postdec2,f,c
  4671   003568  C161  FFD9         	movff	??_read_prec_or_width,fsr2l
  4672   00356C  C162  FFDA         	movff	??_read_prec_or_width+1,fsr2h
  4673   003570  CFDE F164          	movff	postinc2,read_prec_or_width@n
  4674   003574  CFDD F165          	movff	postdec2,read_prec_or_width@n+1
  4675                           
  4676                           ;C:\Program Files\Microchip\xc8\v4.00\pic\sources\c99\common\doprnt.c: 1163:     } else 
      +                          {
  4677   003578  EFE6  F01A         	goto	l1265
  4678   00357C                     l4290:
  4679                           
  4680                           ; BSR set to: 1
  4681                           ;C:\Program Files\Microchip\xc8\v4.00\pic\sources\c99\common\doprnt.c: 1166:            
      +                           n = n * 10 + c;
  4682   00357C  0E0A               	movlw	10
  4683   00357E  0364               	mulwf	read_prec_or_width@n& (0+255),b
  4684   003580  CFF3 F161          	movff	prodl,??_read_prec_or_width
  4685   003584  CFF4 F162          	movff	prodh,??_read_prec_or_width+1
  4686   003588  0365               	mulwf	(read_prec_or_width@n+1)& (0+255),b
  4687   00358A  50F3               	movf	prodl,w,c
  4688   00358C  2762               	addwf	(??_read_prec_or_width+1)& (0+255),f,b
  4689   00358E  5163               	movf	read_prec_or_width@c& (0+255),w,b
  4690   003590  2561               	addwf	??_read_prec_or_width& (0+255),w,b
  4691   003592  6F64               	movwf	read_prec_or_width@n& (0+255),b
  4692   003594  0E00               	movlw	0
  4693   003596  2162               	addwfc	(??_read_prec_or_width+1)& (0+255),w,b
  4694   003598  6F65               	movwf	(read_prec_or_width@n+1)& (0+255),b
  4695   00359A                     
  4696                           ; BSR set to: 1
  4697                           ;C:\Program Files\Microchip\xc8\v4.00\pic\sources\c99\common\doprnt.c: 1167:            
      +                           ++*fmt;
  4698   00359A  C15D  FFD9         	movff	read_prec_or_width@fmt,fsr2l
  4699   00359E  C15E  FFDA         	movff	read_prec_or_width@fmt+1,fsr2h
  4700   0035A2  2ADF               	incf	indf2,f,c
  4701   0035A4                     l4294:
  4702                           
  4703                           ; BSR set to: 1
  4704                           ;C:\Program Files\Microchip\xc8\v4.00\pic\sources\c99\common\doprnt.c: 1165:         whi
      +                          le ((c = ((unsigned)(*fmt)[0]) - '0') < 10) {
  4705   0035A4  C15D  FFD9         	movff	read_prec_or_width@fmt,fsr2l
  4706   0035A8  C15E  FFDA         	movff	read_prec_or_width@fmt+1,fsr2h
  4707   0035AC  CFDF FFF6          	movff	indf2,tblptrl
  4708   0035B0                     	if	1	;There is more than 1 active tblptr byte
  4709   0035B0  0E10               	movlw	high __smallconst
  4710   0035B2  6EF7               	movwf	tblptrh,c
  4711   0035B4                     	endif
  4712   0035B4                     	if	0	;tblptru may be non-zero
  4713   0035B4                     	endif
  4714   0035B4                     	if	0	;tblptru may be non-zero
  4715   0035B4                     	endif
  4716   0035B4  0008               	tblrd		*
  4717   0035B6  50F5               	movf	tablat,w,c
  4718   0035B8  0FD0               	addlw	208
  4719   0035BA  6F63               	movwf	read_prec_or_width@c& (0+255),b
  4720   0035BC  0E09               	movlw	9
  4721   0035BE  6563               	cpfsgt	read_prec_or_width@c& (0+255),b
  4722   0035C0  EFE4  F01A         	goto	u3771
  4723   0035C4  EFE6  F01A         	goto	u3770
  4724   0035C8                     u3771:
  4725   0035C8  EFBE  F01A         	goto	l4290
  4726   0035CC                     u3770:
  4727   0035CC                     l1265:
  4728                           
  4729                           ; BSR set to: 1
  4730                           ;C:\Program Files\Microchip\xc8\v4.00\pic\sources\c99\common\doprnt.c: 1170:     return 
      +                          n;
  4731   0035CC  C164  F15D         	movff	read_prec_or_width@n,?_read_prec_or_width
  4732   0035D0  C165  F15E         	movff	read_prec_or_width@n+1,?_read_prec_or_width+1
  4733   0035D4                     
  4734                           ; BSR set to: 1
  4735   0035D4  0012               	return		;funcret
  4736   0035D6                     __end_of_read_prec_or_width:
  4737                           	callstack 0
  4738                           
  4739 ;; *************** function _dtoa *****************
  4740 ;; Defined at:
  4741 ;;		line 513 in file "C:\Program Files\Microchip\xc8\v4.00\pic\sources\c99\common\doprnt.c"
  4742 ;; Parameters:    Size  Location     Type
  4743 ;;  fp              2   25[BANK1 ] PTR struct _IO_FILE
  4744 ;;		 -> sprintf@f(11), 
  4745 ;;  d               4   27[BANK1 ] long 
  4746 ;; Auto vars:     Size  Location     Type
  4747 ;;  i               2   38[BANK1 ] int 
  4748 ;;  p               2   35[BANK1 ] int 
  4749 ;;  w               2   33[BANK1 ] int 
  4750 ;;  s               1   37[BANK1 ] unsigned char 
  4751 ;; Return value:  Size  Location     Type
  4752 ;;                  1    wreg      void 
  4753 ;; Registers used:
  4754 ;;		wreg, fsr1l, fsr1h, fsr2l, fsr2h, status,2, status,0, cstack
  4755 ;; Tracked objects:
  4756 ;;		On entry : 0/0
  4757 ;;		On exit  : 0/0
  4758 ;;		Unchanged: 0/0
  4759 ;; Data sizes:     COMRAM   BANK0   BANK1   BANK2   BANK3   BANK4   BANK5   BANK6   BANK7   BANK8   BANK9  BANK10  BANK1
      +1  BANK12  BANK13  BANK14
  4760 ;;      Params:         0       0       6       0       0       0       0       0       0       0       0       0       
      +0       0       0       0
  4761 ;;      Locals:         0       0       9       0       0       0       0       0       0       0       0       0       
      +0       0       0       0
  4762 ;;      Temps:          0       0       0       0       0       0       0       0       0       0       0       0       
      +0       0       0       0
  4763 ;;      Totals:         0       0      15       0       0       0       0       0       0       0       0       0       
      +0       0       0       0
  4764 ;;Total ram usage:       15 bytes
  4765 ;; Hardware stack levels used: 1
  4766 ;; Hardware stack levels required when called: 13
  4767 ;; This function calls:
  4768 ;;		___aldiv
  4769 ;;		___almod
  4770 ;;		_abs
  4771 ;;		_pad
  4772 ;; This function is called by:
  4773 ;;		_vfpfcnvrt
  4774 ;; This function uses a non-reentrant model
  4775 ;;
  4776                           
  4777                           	psect	text10
  4778   002972                     __ptext10:
  4779                           	callstack 0
  4780   002972                     _dtoa:
  4781                           	callstack 14
  4782   002972                     
  4783                           ;C:\Program Files\Microchip\xc8\v4.00\pic\sources\c99\common\doprnt.c: 513: static void 
      +                          dtoa(FILE *fp, vfpf_sint_t d);C:\Program Files\Microchip\xc8\v4.00\pic\sources\c99\commo
      +                          n\doprnt.c: 514: {;C:\Program Files\Microchip\xc8\v4.00\pic\sources\c99\common\doprnt.c:
      +                           515:  char s;;C:\Program Files\Microchip\xc8\v4.00\pic\sources\c99\common\doprnt.c: 516
      +                          :     int i, w;;C:\Program Files\Microchip\xc8\v4.00\pic\sources\c99\common\doprnt.c: 51
      +                          8:  int p;;C:\Program Files\Microchip\xc8\v4.00\pic\sources\c99\common\doprnt.c: 524:   
      +                            s = d < 0 ? 1 : 0;
  4784   002972  0101               	movlb	1	; () banked
  4785   002974  BF7B               	btfsc	(dtoa@d+3)& (0+255),7,b
  4786   002976  EFBF  F014         	goto	u3561
  4787   00297A  EFC2  F014         	goto	u3560
  4788   00297E                     u3561:
  4789   00297E  0E01               	movlw	1
  4790   002980  EFC3  F014         	goto	u3570
  4791   002984                     u3560:
  4792   002984  0E00               	movlw	0
  4793   002986                     u3570:
  4794   002986  6F82               	movwf	dtoa@s& (0+255),b
  4795                           
  4796                           ;C:\Program Files\Microchip\xc8\v4.00\pic\sources\c99\common\doprnt.c: 533:     p = (0 <
      +                          = prec) ? prec : 1;
  4797   002988  BF37               	btfsc	(_prec+1)& (0+255),7,b
  4798   00298A  EFCB  F014         	goto	u3580
  4799   00298E  EFC9  F014         	goto	u3581
  4800   002992                     u3581:
  4801   002992  EFD0  F014         	goto	l1227
  4802   002996                     u3580:
  4803   002996                     
  4804                           ; BSR set to: 1
  4805   002996  6B81               	clrf	(dtoa@p+1)& (0+255),b
  4806   002998  0E01               	movlw	1
  4807   00299A  6F80               	movwf	dtoa@p& (0+255),b
  4808   00299C  EFD4  F014         	goto	l1229
  4809   0029A0                     l1227:
  4810                           
  4811                           ; BSR set to: 1
  4812   0029A0  C136  F180         	movff	_prec,dtoa@p
  4813   0029A4  C137  F181         	movff	_prec+1,dtoa@p+1
  4814   0029A8                     l1229:
  4815                           
  4816                           ; BSR set to: 1
  4817                           ;C:\Program Files\Microchip\xc8\v4.00\pic\sources\c99\common\doprnt.c: 535:     w = widt
      +                          h;
  4818   0029A8  C134  F17E         	movff	_width,dtoa@w
  4819   0029AC  C135  F17F         	movff	_width+1,dtoa@w+1
  4820   0029B0                     
  4821                           ; BSR set to: 1
  4822                           ;C:\Program Files\Microchip\xc8\v4.00\pic\sources\c99\common\doprnt.c: 536:     if (s
  4823   0029B0  5182               	movf	dtoa@s& (0+255),w,b
  4824   0029B2  B4D8               	btfsc	status,2,c
  4825   0029B4  EFDE  F014         	goto	u3591
  4826   0029B8  EFE0  F014         	goto	u3590
  4827   0029BC                     u3591:
  4828   0029BC  EFF5  F014         	goto	l1230
  4829   0029C0                     u3590:
  4830   0029C0                     
  4831                           ; BSR set to: 1
  4832                           ;C:\Program Files\Microchip\xc8\v4.00\pic\sources\c99\common\doprnt.c: 540:     ) {;C:\P
      +                          rogram Files\Microchip\xc8\v4.00\pic\sources\c99\common\doprnt.c: 541:         --w;
  4833   0029C0  077E               	decf	dtoa@w& (0+255),f,b
  4834   0029C2  A0D8               	btfss	status,0,c
  4835   0029C4  077F               	decf	(dtoa@w+1)& (0+255),f,b
  4836   0029C6                     
  4837                           ; BSR set to: 1
  4838                           ;C:\Program Files\Microchip\xc8\v4.00\pic\sources\c99\common\doprnt.c: 542:   s = s ? '-
      +                          ' : '+';
  4839   0029C6  5182               	movf	dtoa@s& (0+255),w,b
  4840   0029C8  A4D8               	btfss	status,2,c
  4841   0029CA  EFE9  F014         	goto	u3601
  4842   0029CE  EFEB  F014         	goto	u3600
  4843   0029D2                     u3601:
  4844   0029D2  EFF0  F014         	goto	l4212
  4845   0029D6                     u3600:
  4846   0029D6                     
  4847                           ; BSR set to: 1
  4848   0029D6  6B7D               	clrf	(_dtoa$2306+1)& (0+255),b
  4849   0029D8  0E2B               	movlw	43
  4850   0029DA  6F7C               	movwf	_dtoa$2306& (0+255),b
  4851   0029DC  EFF3  F014         	goto	l4214
  4852   0029E0                     l4212:
  4853                           
  4854                           ; BSR set to: 1
  4855   0029E0  6B7D               	clrf	(_dtoa$2306+1)& (0+255),b
  4856   0029E2  0E2D               	movlw	45
  4857   0029E4  6F7C               	movwf	_dtoa$2306& (0+255),b
  4858   0029E6                     l4214:
  4859                           
  4860                           ; BSR set to: 1
  4861   0029E6  C17C  F182         	movff	_dtoa$2306,dtoa@s
  4862   0029EA                     l1230:
  4863                           
  4864                           ; BSR set to: 1
  4865                           ;C:\Program Files\Microchip\xc8\v4.00\pic\sources\c99\common\doprnt.c: 552:     i = size
      +                          of(dbuf) - 1;
  4866   0029EA  6B84               	clrf	(dtoa@i+1)& (0+255),b
  4867   0029EC  0E1F               	movlw	31
  4868   0029EE  6F83               	movwf	dtoa@i& (0+255),b
  4869   0029F0                     
  4870                           ; BSR set to: 1
  4871                           ;C:\Program Files\Microchip\xc8\v4.00\pic\sources\c99\common\doprnt.c: 553:     dbuf[i] 
      +                          = '\0';
  4872   0029F0  6B5A               	clrf	(_dbuf+31)& (0+255),b
  4873                           
  4874                           ;C:\Program Files\Microchip\xc8\v4.00\pic\sources\c99\common\doprnt.c: 554:     while (!
      +                          (i < 1) && (d != 0
  4875   0029F2  EF40  F015         	goto	l4228
  4876   0029F6                     l4218:
  4877                           
  4878                           ; BSR set to: 1
  4879                           ;C:\Program Files\Microchip\xc8\v4.00\pic\sources\c99\common\doprnt.c: 563:     )) {;C:\
      +                          Program Files\Microchip\xc8\v4.00\pic\sources\c99\common\doprnt.c: 564:         --i;
  4880   0029F6  0783               	decf	dtoa@i& (0+255),f,b
  4881   0029F8  A0D8               	btfss	status,0,c
  4882   0029FA  0784               	decf	(dtoa@i+1)& (0+255),f,b
  4883   0029FC                     
  4884                           ; BSR set to: 1
  4885                           ;C:\Program Files\Microchip\xc8\v4.00\pic\sources\c99\common\doprnt.c: 565:         dbuf
      +                          [i] = (char)((int)'0' + abs(d % 10));
  4886   0029FC  0E3B               	movlw	low _dbuf
  4887   0029FE  2583               	addwf	dtoa@i& (0+255),w,b
  4888   002A00  6ED9               	movwf	fsr2l,c
  4889   002A02  0E01               	movlw	high _dbuf
  4890   002A04  2184               	addwfc	(dtoa@i+1)& (0+255),w,b
  4891   002A06  6EDA               	movwf	fsr2h,c
  4892   002A08  C178  F15D         	movff	dtoa@d,___almod@dividend
  4893   002A0C  C179  F15E         	movff	dtoa@d+1,___almod@dividend+1
  4894   002A10  C17A  F15F         	movff	dtoa@d+2,___almod@dividend+2
  4895   002A14  C17B  F160         	movff	dtoa@d+3,___almod@dividend+3
  4896   002A18  0E0A               	movlw	10
  4897   002A1A  6F61               	movwf	___almod@divisor& (0+255),b
  4898   002A1C  0E00               	movlw	0
  4899   002A1E  6F62               	movwf	(___almod@divisor+1)& (0+255),b
  4900   002A20  0E00               	movlw	0
  4901   002A22  6F63               	movwf	(___almod@divisor+2)& (0+255),b
  4902   002A24  0E00               	movlw	0
  4903   002A26  6F64               	movwf	(___almod@divisor+3)& (0+255),b
  4904   002A28  EC97  F016         	call	___almod	;wreg free
  4905   002A2C  C15D  F167         	movff	?___almod,abs@a
  4906   002A30  C15E  F168         	movff	?___almod+1,abs@a+1
  4907   002A34  EC86  F021         	call	_abs	;wreg free
  4908   002A38  0101               	movlb	1	; () banked
  4909   002A3A  5167               	movf	?_abs& (0+255),w,b
  4910   002A3C  0F30               	addlw	48
  4911   002A3E  6EDF               	movwf	indf2,c
  4912   002A40                     
  4913                           ; BSR set to: 1
  4914                           ;C:\Program Files\Microchip\xc8\v4.00\pic\sources\c99\common\doprnt.c: 567:         --p;
  4915   002A40  0780               	decf	dtoa@p& (0+255),f,b
  4916   002A42  A0D8               	btfss	status,0,c
  4917   002A44  0781               	decf	(dtoa@p+1)& (0+255),f,b
  4918   002A46                     
  4919                           ; BSR set to: 1
  4920                           ;C:\Program Files\Microchip\xc8\v4.00\pic\sources\c99\common\doprnt.c: 571:         --w;
  4921   002A46  077E               	decf	dtoa@w& (0+255),f,b
  4922   002A48  A0D8               	btfss	status,0,c
  4923   002A4A  077F               	decf	(dtoa@w+1)& (0+255),f,b
  4924   002A4C                     
  4925                           ; BSR set to: 1
  4926                           ;C:\Program Files\Microchip\xc8\v4.00\pic\sources\c99\common\doprnt.c: 572:         d = 
      +                          d / 10;
  4927   002A4C  C178  F15D         	movff	dtoa@d,___aldiv@dividend
  4928   002A50  C179  F15E         	movff	dtoa@d+1,___aldiv@dividend+1
  4929   002A54  C17A  F15F         	movff	dtoa@d+2,___aldiv@dividend+2
  4930   002A58  C17B  F160         	movff	dtoa@d+3,___aldiv@dividend+3
  4931   002A5C  0E0A               	movlw	10
  4932   002A5E  6F61               	movwf	___aldiv@divisor& (0+255),b
  4933   002A60  0E00               	movlw	0
  4934   002A62  6F62               	movwf	(___aldiv@divisor+1)& (0+255),b
  4935   002A64  0E00               	movlw	0
  4936   002A66  6F63               	movwf	(___aldiv@divisor+2)& (0+255),b
  4937   002A68  0E00               	movlw	0
  4938   002A6A  6F64               	movwf	(___aldiv@divisor+3)& (0+255),b
  4939   002A6C  EC11  F016         	call	___aldiv	;wreg free
  4940   002A70  C15D  F178         	movff	?___aldiv,dtoa@d
  4941   002A74  C15E  F179         	movff	?___aldiv+1,dtoa@d+1
  4942   002A78  C15F  F17A         	movff	?___aldiv+2,dtoa@d+2
  4943   002A7C  C160  F17B         	movff	?___aldiv+3,dtoa@d+3
  4944   002A80                     l4228:
  4945                           
  4946                           ;C:\Program Files\Microchip\xc8\v4.00\pic\sources\c99\common\doprnt.c: 554:     while (!
      +                          (i < 1) && (d != 0
  4947   002A80  0101               	movlb	1	; () banked
  4948   002A82  BF84               	btfsc	(dtoa@i+1)& (0+255),7,b
  4949   002A84  EF4C  F015         	goto	u3611
  4950   002A88  5184               	movf	(dtoa@i+1)& (0+255),w,b
  4951   002A8A  E108               	bnz	u3610
  4952   002A8C  0583               	decf	dtoa@i& (0+255),w,b
  4953   002A8E  A0D8               	btfss	status,0,c
  4954   002A90  EF4C  F015         	goto	u3611
  4955   002A94  EF4E  F015         	goto	u3610
  4956   002A98                     u3611:
  4957   002A98  EF66  F015         	goto	l4234
  4958   002A9C                     u3610:
  4959   002A9C                     
  4960                           ; BSR set to: 1
  4961   002A9C  5178               	movf	dtoa@d& (0+255),w,b
  4962   002A9E  1179               	iorwf	(dtoa@d+1)& (0+255),w,b
  4963   002AA0  117A               	iorwf	(dtoa@d+2)& (0+255),w,b
  4964   002AA2  117B               	iorwf	(dtoa@d+3)& (0+255),w,b
  4965   002AA4  A4D8               	btfss	status,2,c
  4966   002AA6  EF57  F015         	goto	u3621
  4967   002AAA  EF59  F015         	goto	u3620
  4968   002AAE                     u3621:
  4969   002AAE  EFFB  F014         	goto	l4218
  4970   002AB2                     u3620:
  4971   002AB2                     
  4972                           ; BSR set to: 1
  4973   002AB2  BF81               	btfsc	(dtoa@p+1)& (0+255),7,b
  4974   002AB4  EF66  F015         	goto	u3630
  4975   002AB8  5181               	movf	(dtoa@p+1)& (0+255),w,b
  4976   002ABA  E106               	bnz	u3631
  4977   002ABC  0580               	decf	dtoa@p& (0+255),w,b
  4978   002ABE  B0D8               	btfsc	status,0,c
  4979   002AC0  EF64  F015         	goto	u3631
  4980   002AC4  EF66  F015         	goto	u3630
  4981   002AC8                     u3631:
  4982   002AC8  EFFB  F014         	goto	l4218
  4983   002ACC                     u3630:
  4984   002ACC                     l4234:
  4985                           
  4986                           ; BSR set to: 1
  4987                           ;C:\Program Files\Microchip\xc8\v4.00\pic\sources\c99\common\doprnt.c: 576:     if (s !=
      +                           0) {
  4988   002ACC  5182               	movf	dtoa@s& (0+255),w,b
  4989   002ACE  B4D8               	btfsc	status,2,c
  4990   002AD0  EF6C  F015         	goto	u3641
  4991   002AD4  EF6E  F015         	goto	u3640
  4992   002AD8                     u3641:
  4993   002AD8  EF79  F015         	goto	l4240
  4994   002ADC                     u3640:
  4995   002ADC                     
  4996                           ; BSR set to: 1
  4997                           ;C:\Program Files\Microchip\xc8\v4.00\pic\sources\c99\common\doprnt.c: 577:         --i;
  4998   002ADC  0783               	decf	dtoa@i& (0+255),f,b
  4999   002ADE  A0D8               	btfss	status,0,c
  5000   002AE0  0784               	decf	(dtoa@i+1)& (0+255),f,b
  5001   002AE2                     
  5002                           ; BSR set to: 1
  5003                           ;C:\Program Files\Microchip\xc8\v4.00\pic\sources\c99\common\doprnt.c: 578:         dbuf
      +                          [i] = s;
  5004   002AE2  0E3B               	movlw	low _dbuf
  5005   002AE4  2583               	addwf	dtoa@i& (0+255),w,b
  5006   002AE6  6ED9               	movwf	fsr2l,c
  5007   002AE8  0E01               	movlw	high _dbuf
  5008   002AEA  2184               	addwfc	(dtoa@i+1)& (0+255),w,b
  5009   002AEC  6EDA               	movwf	fsr2h,c
  5010   002AEE  C182  FFDF         	movff	dtoa@s,indf2
  5011   002AF2                     l4240:
  5012                           
  5013                           ; BSR set to: 1
  5014                           ;C:\Program Files\Microchip\xc8\v4.00\pic\sources\c99\common\doprnt.c: 582:     return (
      +                          void) pad(fp, &dbuf[i], w);
  5015   002AF2  C176  F16D         	movff	dtoa@fp,pad@fp
  5016   002AF6  C177  F16E         	movff	dtoa@fp+1,pad@fp+1
  5017   002AFA  0E3B               	movlw	low _dbuf
  5018   002AFC  2583               	addwf	dtoa@i& (0+255),w,b
  5019   002AFE  6F6F               	movwf	pad@buf& (0+255),b
  5020   002B00  0E01               	movlw	high _dbuf
  5021   002B02  2184               	addwfc	(dtoa@i+1)& (0+255),w,b
  5022   002B04  6F70               	movwf	(pad@buf+1)& (0+255),b
  5023   002B06  C17E  F171         	movff	dtoa@w,pad@p
  5024   002B0A  C17F  F172         	movff	dtoa@w+1,pad@p+1
  5025   002B0E  ECEB  F01C         	call	_pad	;wreg free
  5026   002B12  0012               	return		;funcret
  5027   002B14                     __end_of_dtoa:
  5028                           	callstack 0
  5029                           
  5030 ;; *************** function _pad *****************
  5031 ;; Defined at:
  5032 ;;		line 193 in file "C:\Program Files\Microchip\xc8\v4.00\pic\sources\c99\common\doprnt.c"
  5033 ;; Parameters:    Size  Location     Type
  5034 ;;  fp              2   16[BANK1 ] PTR struct _IO_FILE
  5035 ;;		 -> sprintf@f(11), 
  5036 ;;  buf             2   18[BANK1 ] PTR unsigned char 
  5037 ;;		 -> dbuf(32), 
  5038 ;;  p               2   20[BANK1 ] int 
  5039 ;; Auto vars:     Size  Location     Type
  5040 ;;  i               2   23[BANK1 ] int 
  5041 ;; Return value:  Size  Location     Type
  5042 ;;                  1    wreg      void 
  5043 ;; Registers used:
  5044 ;;		wreg, fsr1l, fsr1h, fsr2l, fsr2h, status,2, status,0, cstack
  5045 ;; Tracked objects:
  5046 ;;		On entry : 0/0
  5047 ;;		On exit  : 0/0
  5048 ;;		Unchanged: 0/0
  5049 ;; Data sizes:     COMRAM   BANK0   BANK1   BANK2   BANK3   BANK4   BANK5   BANK6   BANK7   BANK8   BANK9  BANK10  BANK1
      +1  BANK12  BANK13  BANK14
  5050 ;;      Params:         0       0       6       0       0       0       0       0       0       0       0       0       
      +0       0       0       0
  5051 ;;      Locals:         0       0       2       0       0       0       0       0       0       0       0       0       
      +0       0       0       0
  5052 ;;      Temps:          0       0       1       0       0       0       0       0       0       0       0       0       
      +0       0       0       0
  5053 ;;      Totals:         0       0       9       0       0       0       0       0       0       0       0       0       
      +0       0       0       0
  5054 ;;Total ram usage:        9 bytes
  5055 ;; Hardware stack levels used: 1
  5056 ;; Hardware stack levels required when called: 12
  5057 ;; This function calls:
  5058 ;;		_fputc
  5059 ;;		_fputs
  5060 ;; This function is called by:
  5061 ;;		_dtoa
  5062 ;; This function uses a non-reentrant model
  5063 ;;
  5064                           
  5065                           	psect	text11
  5066   0039D6                     __ptext11:
  5067                           	callstack 0
  5068   0039D6                     _pad:
  5069                           	callstack 14
  5070   0039D6                     
  5071                           ;C:\Program Files\Microchip\xc8\v4.00\pic\sources\c99\common\doprnt.c: 193: static void 
      +                          pad(FILE *fp, char *buf, int p);C:\Program Files\Microchip\xc8\v4.00\pic\sources\c99\com
      +                          mon\doprnt.c: 194: {;C:\Program Files\Microchip\xc8\v4.00\pic\sources\c99\common\doprnt.
      +                          c: 195:     int i;;C:\Program Files\Microchip\xc8\v4.00\pic\sources\c99\common\doprnt.c:
      +                           199:     if (flags & (1 << 0)) {
  5072   0039D6  0101               	movlb	1	; () banked
  5073   0039D8  A138               	btfss	_flags& (0+255),0,b
  5074   0039DA  EFF1  F01C         	goto	u3481
  5075   0039DE  EFF3  F01C         	goto	u3480
  5076   0039E2                     u3481:
  5077   0039E2  EFFD  F01C         	goto	l4160
  5078   0039E6                     u3480:
  5079   0039E6                     
  5080                           ; BSR set to: 1
  5081                           ;C:\Program Files\Microchip\xc8\v4.00\pic\sources\c99\common\doprnt.c: 200:         fput
      +                          s((const char *)buf, fp);
  5082   0039E6  C16F  F166         	movff	pad@buf,fputs@s
  5083   0039EA  C170  F167         	movff	pad@buf+1,fputs@s+1
  5084   0039EE  C16D  F168         	movff	pad@fp,fputs@fp
  5085   0039F2  C16E  F169         	movff	pad@fp+1,fputs@fp+1
  5086   0039F6  EC20  F021         	call	_fputs	;wreg free
  5087   0039FA                     l4160:
  5088                           
  5089                           ;C:\Program Files\Microchip\xc8\v4.00\pic\sources\c99\common\doprnt.c: 205:  if (p < 0) 
      +                          {
  5090   0039FA  0101               	movlb	1	; () banked
  5091   0039FC  BF72               	btfsc	(pad@p+1)& (0+255),7,b
  5092   0039FE  EF05  F01D         	goto	u3490
  5093   003A02  EF03  F01D         	goto	u3491
  5094   003A06                     u3491:
  5095   003A06  EF08  F01D         	goto	l1218
  5096   003A0A                     u3490:
  5097   003A0A                     
  5098                           ; BSR set to: 1
  5099                           ;C:\Program Files\Microchip\xc8\v4.00\pic\sources\c99\common\doprnt.c: 206:   p = 0;
  5100   003A0A  6B72               	clrf	(pad@p+1)& (0+255),b
  5101   003A0C  0E00               	movlw	0
  5102   003A0E  6F71               	movwf	pad@p& (0+255),b
  5103   003A10                     l1218:
  5104                           
  5105                           ; BSR set to: 1
  5106                           ;C:\Program Files\Microchip\xc8\v4.00\pic\sources\c99\common\doprnt.c: 208:     i = 0;
  5107   003A10  6B75               	clrf	(pad@i+1)& (0+255),b
  5108   003A12  0E00               	movlw	0
  5109   003A14  6F74               	movwf	pad@i& (0+255),b
  5110                           
  5111                           ;C:\Program Files\Microchip\xc8\v4.00\pic\sources\c99\common\doprnt.c: 209:     while (i
      +                           < p) {
  5112   003A16  EF19  F01D         	goto	l4168
  5113   003A1A                     l4164:
  5114                           
  5115                           ; BSR set to: 1
  5116                           ;C:\Program Files\Microchip\xc8\v4.00\pic\sources\c99\common\doprnt.c: 210:         fput
      +                          c(' ', fp);
  5117   003A1A  6B5E               	clrf	(fputc@c+1)& (0+255),b
  5118   003A1C  0E20               	movlw	32
  5119   003A1E  6F5D               	movwf	fputc@c& (0+255),b
  5120   003A20  C16D  F15F         	movff	pad@fp,fputc@fp
  5121   003A24  C16E  F160         	movff	pad@fp+1,fputc@fp+1
  5122   003A28  ECC2  F019         	call	_fputc	;wreg free
  5123   003A2C                     
  5124                           ;C:\Program Files\Microchip\xc8\v4.00\pic\sources\c99\common\doprnt.c: 211:         ++i;
  5125   003A2C  0101               	movlb	1	; () banked
  5126   003A2E  4B74               	infsnz	pad@i& (0+255),f,b
  5127   003A30  2B75               	incf	(pad@i+1)& (0+255),f,b
  5128   003A32                     l4168:
  5129                           
  5130                           ; BSR set to: 1
  5131                           ;C:\Program Files\Microchip\xc8\v4.00\pic\sources\c99\common\doprnt.c: 209:     while (i
      +                           < p) {
  5132   003A32  5171               	movf	pad@p& (0+255),w,b
  5133   003A34  5D74               	subwf	pad@i& (0+255),w,b
  5134   003A36  5175               	movf	(pad@i+1)& (0+255),w,b
  5135   003A38  0A80               	xorlw	128
  5136   003A3A  6F73               	movwf	??_pad& (0+255),b
  5137   003A3C  5172               	movf	(pad@p+1)& (0+255),w,b
  5138   003A3E  0A80               	xorlw	128
  5139   003A40  5973               	subwfb	??_pad& (0+255),w,b
  5140   003A42  A0D8               	btfss	status,0,c
  5141   003A44  EF26  F01D         	goto	u3501
  5142   003A48  EF28  F01D         	goto	u3500
  5143   003A4C                     u3501:
  5144   003A4C  EF0D  F01D         	goto	l4164
  5145   003A50                     u3500:
  5146   003A50                     
  5147                           ; BSR set to: 1
  5148                           ;C:\Program Files\Microchip\xc8\v4.00\pic\sources\c99\common\doprnt.c: 216:     if (!(fl
      +                          ags & (1 << 0))) {
  5149   003A50  B138               	btfsc	_flags& (0+255),0,b
  5150   003A52  EF2D  F01D         	goto	u3511
  5151   003A56  EF2F  F01D         	goto	u3510
  5152   003A5A                     u3511:
  5153   003A5A  EF39  F01D         	goto	l1223
  5154   003A5E                     u3510:
  5155   003A5E                     
  5156                           ; BSR set to: 1
  5157                           ;C:\Program Files\Microchip\xc8\v4.00\pic\sources\c99\common\doprnt.c: 218:         fput
      +                          s((const char *)buf, fp);
  5158   003A5E  C16F  F166         	movff	pad@buf,fputs@s
  5159   003A62  C170  F167         	movff	pad@buf+1,fputs@s+1
  5160   003A66  C16D  F168         	movff	pad@fp,fputs@fp
  5161   003A6A  C16E  F169         	movff	pad@fp+1,fputs@fp+1
  5162   003A6E  EC20  F021         	call	_fputs	;wreg free
  5163   003A72                     l1223:
  5164   003A72  0012               	return		;funcret
  5165   003A74                     __end_of_pad:
  5166                           	callstack 0
  5167                           
  5168 ;; *************** function _fputs *****************
  5169 ;; Defined at:
  5170 ;;		line 8 in file "C:\Program Files\Microchip\xc8\v4.00\pic\sources\c99\common\nf_fputs.c"
  5171 ;; Parameters:    Size  Location     Type
  5172 ;;  s               2    9[BANK1 ] PTR const unsigned char 
  5173 ;;		 -> dbuf(32), 
  5174 ;;  fp              2   11[BANK1 ] PTR struct _IO_FILE
  5175 ;;		 -> sprintf@f(11), 
  5176 ;; Auto vars:     Size  Location     Type
  5177 ;;  i               2   14[BANK1 ] int 
  5178 ;;  c               1   13[BANK1 ] unsigned char 
  5179 ;; Return value:  Size  Location     Type
  5180 ;;                  2    9[BANK1 ] int 
  5181 ;; Registers used:
  5182 ;;		wreg, fsr1l, fsr1h, fsr2l, fsr2h, status,2, status,0, cstack
  5183 ;; Tracked objects:
  5184 ;;		On entry : 0/0
  5185 ;;		On exit  : 0/0
  5186 ;;		Unchanged: 0/0
  5187 ;; Data sizes:     COMRAM   BANK0   BANK1   BANK2   BANK3   BANK4   BANK5   BANK6   BANK7   BANK8   BANK9  BANK10  BANK1
      +1  BANK12  BANK13  BANK14
  5188 ;;      Params:         0       0       4       0       0       0       0       0       0       0       0       0       
      +0       0       0       0
  5189 ;;      Locals:         0       0       3       0       0       0       0       0       0       0       0       0       
      +0       0       0       0
  5190 ;;      Temps:          0       0       0       0       0       0       0       0       0       0       0       0       
      +0       0       0       0
  5191 ;;      Totals:         0       0       7       0       0       0       0       0       0       0       0       0       
      +0       0       0       0
  5192 ;;Total ram usage:        7 bytes
  5193 ;; Hardware stack levels used: 1
  5194 ;; Hardware stack levels required when called: 11
  5195 ;; This function calls:
  5196 ;;		_fputc
  5197 ;; This function is called by:
  5198 ;;		_pad
  5199 ;; This function uses a non-reentrant model
  5200 ;;
  5201                           
  5202                           	psect	text12
  5203   004240                     __ptext12:
  5204                           	callstack 0
  5205   004240                     _fputs:
  5206                           	callstack 14
  5207   004240  0101               	movlb	1	; () banked
  5208   004242  6B6C               	clrf	(fputs@i+1)& (0+255),b
  5209   004244  0E00               	movlw	0
  5210   004246  6F6B               	movwf	fputs@i& (0+255),b
  5211   004248  EF32  F021         	goto	l4074
  5212   00424C                     l4070:
  5213                           
  5214                           ; BSR set to: 1
  5215   00424C  C16A  F15D         	movff	fputs@c,fputc@c
  5216   004250  6B5E               	clrf	(fputc@c+1)& (0+255),b
  5217   004252  C168  F15F         	movff	fputs@fp,fputc@fp
  5218   004256  C169  F160         	movff	fputs@fp+1,fputc@fp+1
  5219   00425A  ECC2  F019         	call	_fputc	;wreg free
  5220   00425E  0101               	movlb	1	; () banked
  5221   004260  4B6B               	infsnz	fputs@i& (0+255),f,b
  5222   004262  2B6C               	incf	(fputs@i+1)& (0+255),f,b
  5223   004264                     l4074:
  5224                           
  5225                           ; BSR set to: 1
  5226   004264  516B               	movf	fputs@i& (0+255),w,b
  5227   004266  2566               	addwf	fputs@s& (0+255),w,b
  5228   004268  6ED9               	movwf	fsr2l,c
  5229   00426A  516C               	movf	(fputs@i+1)& (0+255),w,b
  5230   00426C  2167               	addwfc	(fputs@s+1)& (0+255),w,b
  5231   00426E  6EDA               	movwf	fsr2h,c
  5232   004270  50DF               	movf	indf2,w,c
  5233   004272  6F6A               	movwf	fputs@c& (0+255),b
  5234   004274  516A               	movf	fputs@c& (0+255),w,b
  5235   004276  A4D8               	btfss	status,2,c
  5236   004278  EF40  F021         	goto	u3351
  5237   00427C  EF42  F021         	goto	u3350
  5238   004280                     u3351:
  5239   004280  EF26  F021         	goto	l4070
  5240   004284                     u3350:
  5241   004284                     
  5242                           ; BSR set to: 1
  5243   004284  0012               	return		;funcret
  5244   004286                     __end_of_fputs:
  5245                           	callstack 0
  5246                           
  5247 ;; *************** function _fputc *****************
  5248 ;; Defined at:
  5249 ;;		line 8 in file "C:\Program Files\Microchip\xc8\v4.00\pic\sources\c99\common\nf_fputc.c"
  5250 ;; Parameters:    Size  Location     Type
  5251 ;;  c               2    0[BANK1 ] int 
  5252 ;;  fp              2    2[BANK1 ] PTR struct _IO_FILE
  5253 ;;		 -> sprintf@f(11), 
  5254 ;; Auto vars:     Size  Location     Type
  5255 ;;		None
  5256 ;; Return value:  Size  Location     Type
  5257 ;;                  2    0[BANK1 ] int 
  5258 ;; Registers used:
  5259 ;;		wreg, fsr1l, fsr1h, fsr2l, fsr2h, status,2, status,0, cstack
  5260 ;; Tracked objects:
  5261 ;;		On entry : 0/0
  5262 ;;		On exit  : 0/0
  5263 ;;		Unchanged: 0/0
  5264 ;; Data sizes:     COMRAM   BANK0   BANK1   BANK2   BANK3   BANK4   BANK5   BANK6   BANK7   BANK8   BANK9  BANK10  BANK1
      +1  BANK12  BANK13  BANK14
  5265 ;;      Params:         0       0       4       0       0       0       0       0       0       0       0       0       
      +0       0       0       0
  5266 ;;      Locals:         0       0       0       0       0       0       0       0       0       0       0       0       
      +0       0       0       0
  5267 ;;      Temps:          0       0       5       0       0       0       0       0       0       0       0       0       
      +0       0       0       0
  5268 ;;      Totals:         0       0       9       0       0       0       0       0       0       0       0       0       
      +0       0       0       0
  5269 ;;Total ram usage:        9 bytes
  5270 ;; Hardware stack levels used: 1
  5271 ;; Hardware stack levels required when called: 10
  5272 ;; This function calls:
  5273 ;;		_putch
  5274 ;; This function is called by:
  5275 ;;		_pad
  5276 ;;		_stoa
  5277 ;;		_vfpfcnvrt
  5278 ;;		_fputs
  5279 ;; This function uses a non-reentrant model
  5280 ;;
  5281                           
  5282                           	psect	text13
  5283   003384                     __ptext13:
  5284                           	callstack 0
  5285   003384                     _fputc:
  5286                           	callstack 14
  5287   003384  0101               	movlb	1	; () banked
  5288   003386  515F               	movf	fputc@fp& (0+255),w,b
  5289   003388  1160               	iorwf	(fputc@fp+1)& (0+255),w,b
  5290   00338A  B4D8               	btfsc	status,2,c
  5291   00338C  EFCA  F019         	goto	u3311
  5292   003390  EFCC  F019         	goto	u3310
  5293   003394                     u3311:
  5294   003394  EFD5  F019         	goto	l4058
  5295   003398                     u3310:
  5296   003398                     
  5297                           ; BSR set to: 1
  5298   003398  515F               	movf	fputc@fp& (0+255),w,b
  5299   00339A  1160               	iorwf	(fputc@fp+1)& (0+255),w,b
  5300   00339C  A4D8               	btfss	status,2,c
  5301   00339E  EFD3  F019         	goto	u3321
  5302   0033A2  EFD5  F019         	goto	u3320
  5303   0033A6                     u3321:
  5304   0033A6  EFDA  F019         	goto	l4060
  5305   0033AA                     u3320:
  5306   0033AA                     l4058:
  5307                           
  5308                           ; BSR set to: 1
  5309   0033AA  515D               	movf	fputc@c& (0+255),w,b
  5310   0033AC  EC1B  F022         	call	_putch
  5311   0033B0  EF27  F01A         	goto	l1317
  5312   0033B4                     l4060:
  5313                           
  5314                           ; BSR set to: 1
  5315   0033B4  EE20 F009          	lfsr	2,9
  5316   0033B8  515F               	movf	fputc@fp& (0+255),w,b
  5317   0033BA  26D9               	addwf	fsr2l,f,c
  5318   0033BC  5160               	movf	(fputc@fp+1)& (0+255),w,b
  5319   0033BE  22DA               	addwfc	fsr2h,f,c
  5320   0033C0  50DE               	movf	postinc2,w,c
  5321   0033C2  10DE               	iorwf	postinc2,w,c
  5322   0033C4  B4D8               	btfsc	status,2,c
  5323   0033C6  EFE7  F019         	goto	u3331
  5324   0033CA  EFE9  F019         	goto	u3330
  5325   0033CE                     u3331:
  5326   0033CE  EF04  F01A         	goto	l4064
  5327   0033D2                     u3330:
  5328   0033D2                     
  5329                           ; BSR set to: 1
  5330   0033D2  EE20 F009          	lfsr	2,9
  5331   0033D6  515F               	movf	fputc@fp& (0+255),w,b
  5332   0033D8  26D9               	addwf	fsr2l,f,c
  5333   0033DA  5160               	movf	(fputc@fp+1)& (0+255),w,b
  5334   0033DC  22DA               	addwfc	fsr2h,f,c
  5335   0033DE  EE10 F002          	lfsr	1,2
  5336   0033E2  515F               	movf	fputc@fp& (0+255),w,b
  5337   0033E4  26E1               	addwf	fsr1l,f,c
  5338   0033E6  5160               	movf	(fputc@fp+1)& (0+255),w,b
  5339   0033E8  22E2               	addwfc	fsr1h,f,c
  5340   0033EA  50DE               	movf	postinc2,w,c
  5341   0033EC  5CE6               	subwf	postinc1,w,c
  5342   0033EE  50E6               	movf	postinc1,w,c
  5343   0033F0  0A80               	xorlw	128
  5344   0033F2  6F65               	movwf	(??_fputc+4)& (0+255),b
  5345   0033F4  50DE               	movf	postinc2,w,c
  5346   0033F6  0A80               	xorlw	128
  5347   0033F8  5965               	subwfb	(??_fputc+4)& (0+255),w,b
  5348   0033FA  B0D8               	btfsc	status,0,c
  5349   0033FC  EF02  F01A         	goto	u3341
  5350   003400  EF04  F01A         	goto	u3340
  5351   003404                     u3341:
  5352   003404  EF27  F01A         	goto	l1317
  5353   003408                     u3340:
  5354   003408                     l4064:
  5355                           
  5356                           ; BSR set to: 1
  5357   003408  EE20 F002          	lfsr	2,2
  5358   00340C  515F               	movf	fputc@fp& (0+255),w,b
  5359   00340E  26D9               	addwf	fsr2l,f,c
  5360   003410  5160               	movf	(fputc@fp+1)& (0+255),w,b
  5361   003412  22DA               	addwfc	fsr2h,f,c
  5362   003414  CFDE F161          	movff	postinc2,??_fputc
  5363   003418  CFDD F162          	movff	postdec2,??_fputc+1
  5364   00341C  C15F  FFD9         	movff	fputc@fp,fsr2l
  5365   003420  C160  FFDA         	movff	fputc@fp+1,fsr2h
  5366   003424  CFDE F163          	movff	postinc2,??_fputc+2
  5367   003428  CFDD F164          	movff	postdec2,??_fputc+3
  5368   00342C  5161               	movf	??_fputc& (0+255),w,b
  5369   00342E  2563               	addwf	(??_fputc+2)& (0+255),w,b
  5370   003430  6ED9               	movwf	fsr2l,c
  5371   003432  5162               	movf	(??_fputc+1)& (0+255),w,b
  5372   003434  2164               	addwfc	(??_fputc+3)& (0+255),w,b
  5373   003436  6EDA               	movwf	fsr2h,c
  5374   003438  C15D  FFDF         	movff	fputc@c,indf2
  5375   00343C  EE20 F002          	lfsr	2,2
  5376   003440  515F               	movf	fputc@fp& (0+255),w,b
  5377   003442  26D9               	addwf	fsr2l,f,c
  5378   003444  5160               	movf	(fputc@fp+1)& (0+255),w,b
  5379   003446  22DA               	addwfc	fsr2h,f,c
  5380   003448  2ADE               	incf	postinc2,f,c
  5381   00344A  0E00               	movlw	0
  5382   00344C  22DD               	addwfc	postdec2,f,c
  5383   00344E                     l1317:
  5384   00344E  0012               	return		;funcret
  5385   003450                     __end_of_fputc:
  5386                           	callstack 0
  5387                           
  5388 ;; *************** function _putch *****************
  5389 ;; Defined at:
  5390 ;;		line 7 in file "C:\Program Files\Microchip\xc8\v4.00\pic\sources\c99\common\putch.c"
  5391 ;; Parameters:    Size  Location     Type
  5392 ;;  c               1    wreg     unsigned char 
  5393 ;; Auto vars:     Size  Location     Type
  5394 ;;  c               1    0[COMRAM] unsigned char 
  5395 ;; Return value:  Size  Location     Type
  5396 ;;                  1    wreg      void 
  5397 ;; Registers used:
  5398 ;;		wreg
  5399 ;; Tracked objects:
  5400 ;;		On entry : 0/0
  5401 ;;		On exit  : 0/0
  5402 ;;		Unchanged: 0/0
  5403 ;; Data sizes:     COMRAM   BANK0   BANK1   BANK2   BANK3   BANK4   BANK5   BANK6   BANK7   BANK8   BANK9  BANK10  BANK1
      +1  BANK12  BANK13  BANK14
  5404 ;;      Params:         0       0       0       0       0       0       0       0       0       0       0       0       
      +0       0       0       0
  5405 ;;      Locals:         0       0       0       0       0       0       0       0       0       0       0       0       
      +0       0       0       0
  5406 ;;      Temps:          0       0       0       0       0       0       0       0       0       0       0       0       
      +0       0       0       0
  5407 ;;      Totals:         0       0       0       0       0       0       0       0       0       0       0       0       
      +0       0       0       0
  5408 ;;Total ram usage:        0 bytes
  5409 ;; Hardware stack levels used: 1
  5410 ;; Hardware stack levels required when called: 10
  5411 ;; This function calls:
  5412 ;;		Nothing
  5413 ;; This function is called by:
  5414 ;;		_fputc
  5415 ;; This function uses a non-reentrant model
  5416 ;;
  5417                           
  5418                           	psect	text14
  5419   004436                     __ptext14:
  5420                           	callstack 0
  5421   004436                     _putch:
  5422                           	callstack 13
  5423   004436  0012               	return		;funcret
  5424   004438                     __end_of_putch:
  5425                           	callstack 0
  5426                           
  5427 ;; *************** function _abs *****************
  5428 ;; Defined at:
  5429 ;;		line 1 in file "C:\Program Files\Microchip\xc8\v4.00\pic\sources\c99\common\abs.c"
  5430 ;; Parameters:    Size  Location     Type
  5431 ;;  a               2   10[BANK1 ] int 
  5432 ;; Auto vars:     Size  Location     Type
  5433 ;;		None
  5434 ;; Return value:  Size  Location     Type
  5435 ;;                  2   10[BANK1 ] int 
  5436 ;; Registers used:
  5437 ;;		wreg, status,2, status,0
  5438 ;; Tracked objects:
  5439 ;;		On entry : 0/0
  5440 ;;		On exit  : 0/0
  5441 ;;		Unchanged: 0/0
  5442 ;; Data sizes:     COMRAM   BANK0   BANK1   BANK2   BANK3   BANK4   BANK5   BANK6   BANK7   BANK8   BANK9  BANK10  BANK1
      +1  BANK12  BANK13  BANK14
  5443 ;;      Params:         0       0       2       0       0       0       0       0       0       0       0       0       
      +0       0       0       0
  5444 ;;      Locals:         0       0       0       0       0       0       0       0       0       0       0       0       
      +0       0       0       0
  5445 ;;      Temps:          0       0       2       0       0       0       0       0       0       0       0       0       
      +0       0       0       0
  5446 ;;      Totals:         0       0       4       0       0       0       0       0       0       0       0       0       
      +0       0       0       0
  5447 ;;Total ram usage:        4 bytes
  5448 ;; Hardware stack levels used: 1
  5449 ;; Hardware stack levels required when called: 10
  5450 ;; This function calls:
  5451 ;;		Nothing
  5452 ;; This function is called by:
  5453 ;;		_dtoa
  5454 ;; This function uses a non-reentrant model
  5455 ;;
  5456                           
  5457                           	psect	text15
  5458   00430C                     __ptext15:
  5459                           	callstack 0
  5460   00430C                     _abs:
  5461                           	callstack 16
  5462   00430C  0101               	movlb	1	; () banked
  5463   00430E  BF68               	btfsc	(abs@a+1)& (0+255),7,b
  5464   004310  EF8C  F021         	goto	u3521
  5465   004314  EF8E  F021         	goto	u3520
  5466   004318                     u3521:
  5467   004318  EF94  F021         	goto	l1302
  5468   00431C                     u3520:
  5469   00431C                     
  5470                           ; BSR set to: 1
  5471   00431C  C167  F167         	movff	abs@a,?_abs
  5472   004320  C168  F168         	movff	abs@a+1,?_abs+1
  5473   004324  EFA0  F021         	goto	l1305
  5474   004328                     l1302:
  5475                           
  5476                           ; BSR set to: 1
  5477   004328  C167  F169         	movff	abs@a,??_abs
  5478   00432C  C168  F16A         	movff	abs@a+1,??_abs+1
  5479   004330  1F69               	comf	??_abs& (0+255),f,b
  5480   004332  1F6A               	comf	(??_abs+1)& (0+255),f,b
  5481   004334  4B69               	infsnz	??_abs& (0+255),f,b
  5482   004336  2B6A               	incf	(??_abs+1)& (0+255),f,b
  5483   004338  C169  F167         	movff	??_abs,?_abs
  5484   00433C  C16A  F168         	movff	??_abs+1,?_abs+1
  5485   004340                     l1305:
  5486                           
  5487                           ; BSR set to: 1
  5488   004340  0012               	return		;funcret
  5489   004342                     __end_of_abs:
  5490                           	callstack 0
  5491                           
  5492 ;; *************** function _read_RTCC *****************
  5493 ;; Defined at:
  5494 ;;		line 55 in file "RTC.c"
  5495 ;; Parameters:    Size  Location     Type
  5496 ;;  me              2    0[BANK1 ] const PTR struct .
  5497 ;;		 -> DateTime(8), 
  5498 ;; Auto vars:     Size  Location     Type
  5499 ;;		None
  5500 ;; Return value:  Size  Location     Type
  5501 ;;                  1    wreg      void 
  5502 ;; Registers used:
  5503 ;;		wreg, fsr2l, fsr2h, status,2, status,0, cstack
  5504 ;; Tracked objects:
  5505 ;;		On entry : 0/0
  5506 ;;		On exit  : 0/0
  5507 ;;		Unchanged: 0/0
  5508 ;; Data sizes:     COMRAM   BANK0   BANK1   BANK2   BANK3   BANK4   BANK5   BANK6   BANK7   BANK8   BANK9  BANK10  BANK1
      +1  BANK12  BANK13  BANK14
  5509 ;;      Params:         0       0       2       0       0       0       0       0       0       0       0       0       
      +0       0       0       0
  5510 ;;      Locals:         0       0       0       0       0       0       0       0       0       0       0       0       
      +0       0       0       0
  5511 ;;      Temps:          0       0       0       0       0       0       0       0       0       0       0       0       
      +0       0       0       0
  5512 ;;      Totals:         0       0       2       0       0       0       0       0       0       0       0       0       
      +0       0       0       0
  5513 ;;Total ram usage:        2 bytes
  5514 ;; Hardware stack levels used: 1
  5515 ;; Hardware stack levels required when called: 11
  5516 ;; This function calls:
  5517 ;;		_unlock_RTCC
  5518 ;; This function is called by:
  5519 ;;		_main
  5520 ;; This function uses a non-reentrant model
  5521 ;;
  5522                           
  5523                           	psect	text16
  5524   003894                     __ptext16:
  5525                           	callstack 0
  5526   003894                     _read_RTCC:
  5527                           	callstack 19
  5528   003894                     l342:
  5529   003894  010F               	movlb	15	; () banked
  5530   003896  B93F               	btfsc	63,4,b	;volatile
  5531   003898  EF50  F01C         	goto	u4561
  5532   00389C  EF52  F01C         	goto	u4560
  5533   0038A0                     u4561:
  5534   0038A0  EF4A  F01C         	goto	l342
  5535   0038A4                     u4560:
  5536   0038A4                     
  5537                           ; BSR set to: 15
  5538                           ;RTC.c: 58:   INTCONbits.GIE = 0;
  5539   0038A4  9EF2               	bcf	242,7,c	;volatile
  5540   0038A6                     
  5541                           ; BSR set to: 15
  5542                           ;RTC.c: 59:   unlock_RTCC();
  5543   0038A6  EC0D  F022         	call	_unlock_RTCC	;wreg free
  5544   0038AA                     
  5545                           ;RTC.c: 61:   RTCCFGbits.RTCPTR1 = 1;
  5546   0038AA  010F               	movlb	15	; () banked
  5547   0038AC  833F               	bsf	63,1,b	;volatile
  5548   0038AE                     
  5549                           ; BSR set to: 15
  5550                           ;RTC.c: 62:   RTCCFGbits.RTCPTR0 = 1;
  5551   0038AE  813F               	bsf	63,0,b	;volatile
  5552   0038B0                     
  5553                           ; BSR set to: 15
  5554                           ;RTC.c: 64:   me->YEAR = RTCVALL;
  5555   0038B0  C15D  FFD9         	movff	read_RTCC@me,fsr2l
  5556   0038B4  C15E  FFDA         	movff	read_RTCC@me+1,fsr2h
  5557   0038B8  CF98 FFDF          	movff	3992,indf2	;volatile
  5558   0038BC                     
  5559                           ; BSR set to: 15
  5560                           ;RTC.c: 65:   me->unknown = RTCVALH;
  5561   0038BC  0101               	movlb	1	; () banked
  5562   0038BE  EE20 F007          	lfsr	2,7
  5563   0038C2  515D               	movf	read_RTCC@me& (0+255),w,b
  5564   0038C4  26D9               	addwf	fsr2l,f,c
  5565   0038C6  515E               	movf	(read_RTCC@me+1)& (0+255),w,b
  5566   0038C8  22DA               	addwfc	fsr2h,f,c
  5567   0038CA  CF99 FFDF          	movff	3993,indf2	;volatile
  5568   0038CE                     
  5569                           ; BSR set to: 1
  5570                           ;RTC.c: 67:   me->DAY = RTCVALL;
  5571   0038CE  EE20 F002          	lfsr	2,2
  5572   0038D2  515D               	movf	read_RTCC@me& (0+255),w,b
  5573   0038D4  26D9               	addwf	fsr2l,f,c
  5574   0038D6  515E               	movf	(read_RTCC@me+1)& (0+255),w,b
  5575   0038D8  22DA               	addwfc	fsr2h,f,c
  5576   0038DA  CF98 FFDF          	movff	3992,indf2	;volatile
  5577   0038DE                     
  5578                           ; BSR set to: 1
  5579                           ;RTC.c: 68:   me->MONTH = RTCVALH;
  5580   0038DE  EE20 F001          	lfsr	2,1
  5581   0038E2  515D               	movf	read_RTCC@me& (0+255),w,b
  5582   0038E4  26D9               	addwf	fsr2l,f,c
  5583   0038E6  515E               	movf	(read_RTCC@me+1)& (0+255),w,b
  5584   0038E8  22DA               	addwfc	fsr2h,f,c
  5585   0038EA  CF99 FFDF          	movff	3993,indf2	;volatile
  5586   0038EE                     
  5587                           ; BSR set to: 1
  5588                           ;RTC.c: 70:   me->HOURS = RTCVALL;
  5589   0038EE  EE20 F004          	lfsr	2,4
  5590   0038F2  515D               	movf	read_RTCC@me& (0+255),w,b
  5591   0038F4  26D9               	addwf	fsr2l,f,c
  5592   0038F6  515E               	movf	(read_RTCC@me+1)& (0+255),w,b
  5593   0038F8  22DA               	addwfc	fsr2h,f,c
  5594   0038FA  CF98 FFDF          	movff	3992,indf2	;volatile
  5595   0038FE                     
  5596                           ; BSR set to: 1
  5597                           ;RTC.c: 71:   me->WEEKDAY = RTCVALH;
  5598   0038FE  EE20 F003          	lfsr	2,3
  5599   003902  515D               	movf	read_RTCC@me& (0+255),w,b
  5600   003904  26D9               	addwf	fsr2l,f,c
  5601   003906  515E               	movf	(read_RTCC@me+1)& (0+255),w,b
  5602   003908  22DA               	addwfc	fsr2h,f,c
  5603   00390A  CF99 FFDF          	movff	3993,indf2	;volatile
  5604   00390E                     
  5605                           ; BSR set to: 1
  5606                           ;RTC.c: 73:   me->SECONDS = RTCVALL;
  5607   00390E  EE20 F006          	lfsr	2,6
  5608   003912  515D               	movf	read_RTCC@me& (0+255),w,b
  5609   003914  26D9               	addwf	fsr2l,f,c
  5610   003916  515E               	movf	(read_RTCC@me+1)& (0+255),w,b
  5611   003918  22DA               	addwfc	fsr2h,f,c
  5612   00391A  CF98 FFDF          	movff	3992,indf2	;volatile
  5613   00391E                     
  5614                           ; BSR set to: 1
  5615                           ;RTC.c: 74:   me->MINUTES = RTCVALH;
  5616   00391E  EE20 F005          	lfsr	2,5
  5617   003922  515D               	movf	read_RTCC@me& (0+255),w,b
  5618   003924  26D9               	addwf	fsr2l,f,c
  5619   003926  515E               	movf	(read_RTCC@me+1)& (0+255),w,b
  5620   003928  22DA               	addwfc	fsr2h,f,c
  5621   00392A  CF99 FFDF          	movff	3993,indf2	;volatile
  5622   00392E                     
  5623                           ; BSR set to: 1
  5624                           ;RTC.c: 76:   RTCWREN = 0;
  5625   00392E  010F               	movlb	15	; () banked
  5626   003930  9B3F               	bcf	63,5,b	;volatile
  5627   003932                     
  5628                           ; BSR set to: 15
  5629                           ;RTC.c: 77:   INTCONbits.GIE = 1;
  5630   003932  8EF2               	bsf	242,7,c	;volatile
  5631   003934                     
  5632                           ; BSR set to: 15
  5633   003934  0012               	return		;funcret
  5634   003936                     __end_of_read_RTCC:
  5635                           	callstack 0
  5636                           
  5637 ;; *************** function _unlock_RTCC *****************
  5638 ;; Defined at:
  5639 ;;		line 8 in file "RTC.c"
  5640 ;; Parameters:    Size  Location     Type
  5641 ;;		None
  5642 ;; Auto vars:     Size  Location     Type
  5643 ;;		None
  5644 ;; Return value:  Size  Location     Type
  5645 ;;                  1    wreg      void 
  5646 ;; Registers used:
  5647 ;;		None
  5648 ;; Tracked objects:
  5649 ;;		On entry : 0/0
  5650 ;;		On exit  : 0/0
  5651 ;;		Unchanged: 0/0
  5652 ;; Data sizes:     COMRAM   BANK0   BANK1   BANK2   BANK3   BANK4   BANK5   BANK6   BANK7   BANK8   BANK9  BANK10  BANK1
      +1  BANK12  BANK13  BANK14
  5653 ;;      Params:         0       0       0       0       0       0       0       0       0       0       0       0       
      +0       0       0       0
  5654 ;;      Locals:         0       0       0       0       0       0       0       0       0       0       0       0       
      +0       0       0       0
  5655 ;;      Temps:          0       0       0       0       0       0       0       0       0       0       0       0       
      +0       0       0       0
  5656 ;;      Totals:         0       0       0       0       0       0       0       0       0       0       0       0       
      +0       0       0       0
  5657 ;;Total ram usage:        0 bytes
  5658 ;; Hardware stack levels used: 1
  5659 ;; Hardware stack levels required when called: 10
  5660 ;; This function calls:
  5661 ;;		Nothing
  5662 ;; This function is called by:
  5663 ;;		_write_RTCC
  5664 ;;		_read_RTCC
  5665 ;; This function uses a non-reentrant model
  5666 ;;
  5667                           
  5668                           	psect	text17
  5669   00441A                     __ptext17:
  5670                           	callstack 0
  5671   00441A                     _unlock_RTCC:
  5672                           	callstack 19
  5673   00441A  010F               	movlb	15	;# 
  5674   00441C  0E55               	movlw	85	;# 
  5675   00441E  6EA7               	movwf	4007,c	;# 
  5676   004420  0EAA               	movlw	170	;# 
  5677   004422  6EA7               	movwf	4007,c	;# 
  5678   004424  8B3F               	bsf	3903,5,b	;# 
  5679   004426  0012               	return		;funcret
  5680   004428                     __end_of_unlock_RTCC:
  5681                           	callstack 0
  5682                           
  5683 ;; *************** function _dbio_putstring *****************
  5684 ;; Defined at:
  5685 ;;		line 110 in file "dbio.c"
  5686 ;; Parameters:    Size  Location     Type
  5687 ;;  str             2   52[BANK1 ] PTR unsigned char 
  5688 ;;		 -> main@strtx(100), 
  5689 ;;  Nmax            2   54[BANK1 ] unsigned short 
  5690 ;; Auto vars:     Size  Location     Type
  5691 ;;  str_len         2   58[BANK1 ] unsigned short 
  5692 ;;  byte            1   60[BANK1 ] unsigned char 
  5693 ;; Return value:  Size  Location     Type
  5694 ;;                  2   52[BANK1 ] short 
  5695 ;; Registers used:
  5696 ;;		wreg, fsr1l, fsr1h, fsr2l, fsr2h, status,2, status,0, prodl, prodh, cstack
  5697 ;; Tracked objects:
  5698 ;;		On entry : 0/0
  5699 ;;		On exit  : 0/0
  5700 ;;		Unchanged: 0/0
  5701 ;; Data sizes:     COMRAM   BANK0   BANK1   BANK2   BANK3   BANK4   BANK5   BANK6   BANK7   BANK8   BANK9  BANK10  BANK1
      +1  BANK12  BANK13  BANK14
  5702 ;;      Params:         0       0       4       0       0       0       0       0       0       0       0       0       
      +0       0       0       0
  5703 ;;      Locals:         0       0       3       0       0       0       0       0       0       0       0       0       
      +0       0       0       0
  5704 ;;      Temps:          0       0       2       0       0       0       0       0       0       0       0       0       
      +0       0       0       0
  5705 ;;      Totals:         0       0       9       0       0       0       0       0       0       0       0       0       
      +0       0       0       0
  5706 ;;Total ram usage:        9 bytes
  5707 ;; Hardware stack levels used: 1
  5708 ;; Hardware stack levels required when called: 12
  5709 ;; This function calls:
  5710 ;;		_RingBuf_Available
  5711 ;;		_RingBuf_DataPut
  5712 ;;		_RingBuf_DataRead
  5713 ;;		_dbio_strnlen
  5714 ;; This function is called by:
  5715 ;;		_main
  5716 ;; This function uses a non-reentrant model
  5717 ;;
  5718                           
  5719                           	psect	text18
  5720   003690                     __ptext18:
  5721                           	callstack 0
  5722   003690                     _dbio_putstring:
  5723                           	callstack 18
  5724   003690                     
  5725                           ;dbio.c: 110: int16_t dbio_putstring(char* str, uint16_t Nmax);dbio.c: 111: {;dbio.c: 11
      +                          2:   static uint16_t buf_len = 0;;dbio.c: 113:   uint16_t str_len;;dbio.c: 114:   uint8_
      +                          t byte;;dbio.c: 115:   INTCONbits.GIE = 0;
  5726   003690  9EF2               	bcf	242,7,c	;volatile
  5727   003692                     
  5728                           ;dbio.c: 116:   RingBuf_Available(&buf_len, &TXringbuf);
  5729   003692  0E5B               	movlw	low dbio_putstring@buf_len
  5730   003694  0101               	movlb	1	; () banked
  5731   003696  6F5D               	movwf	RingBuf_Available@len& (0+255),b
  5732   003698  0E01               	movlw	high dbio_putstring@buf_len
  5733   00369A  6F5E               	movwf	(RingBuf_Available@len+1)& (0+255),b
  5734   00369C  0ED3               	movlw	low _TXringbuf
  5735   00369E  6F5F               	movwf	RingBuf_Available@rb& (0+255),b
  5736   0036A0  EC0D  F017         	call	_RingBuf_Available	;wreg free
  5737   0036A4                     
  5738                           ;dbio.c: 117:   INTCONbits.GIE = 1;
  5739   0036A4  8EF2               	bsf	242,7,c	;volatile
  5740   0036A6                     
  5741                           ;dbio.c: 118:   if((buf_len + Nmax + 1) > 200) return -1;
  5742   0036A6  0101               	movlb	1	; () banked
  5743   0036A8  5193               	movf	dbio_putstring@Nmax& (0+255),w,b
  5744   0036AA  255B               	addwf	dbio_putstring@buf_len& (0+255),w,b
  5745   0036AC  6F95               	movwf	??_dbio_putstring& (0+255),b
  5746   0036AE  5194               	movf	(dbio_putstring@Nmax+1)& (0+255),w,b
  5747   0036B0  215C               	addwfc	(dbio_putstring@buf_len+1)& (0+255),w,b
  5748   0036B2  6F96               	movwf	(??_dbio_putstring+1)& (0+255),b
  5749   0036B4  0E01               	movlw	1
  5750   0036B6  2795               	addwf	??_dbio_putstring& (0+255),f,b
  5751   0036B8  0E00               	movlw	0
  5752   0036BA  2396               	addwfc	(??_dbio_putstring+1)& (0+255),f,b
  5753   0036BC  5196               	movf	(??_dbio_putstring+1)& (0+255),w,b
  5754   0036BE  E109               	bnz	u4540
  5755   0036C0  0EC9               	movlw	201
  5756   0036C2  5D95               	subwf	??_dbio_putstring& (0+255),w,b
  5757   0036C4  A0D8               	btfss	status,0,c
  5758   0036C6  EF67  F01B         	goto	u4541
  5759   0036CA  EF69  F01B         	goto	u4540
  5760   0036CE                     u4541:
  5761   0036CE  EF6B  F01B         	goto	l5060
  5762   0036D2                     u4540:
  5763   0036D2  EFA0  F01B         	goto	l307
  5764   0036D6                     l5060:
  5765                           
  5766                           ; BSR set to: 1
  5767                           ;dbio.c: 120:   str_len = dbio_strnlen(str, Nmax);
  5768   0036D6  C191  F15D         	movff	dbio_putstring@str,dbio_strnlen@str
  5769   0036DA  C192  F15E         	movff	dbio_putstring@str+1,dbio_strnlen@str+1
  5770   0036DE  C193  F15F         	movff	dbio_putstring@Nmax,dbio_strnlen@N
  5771   0036E2  C194  F160         	movff	dbio_putstring@Nmax+1,dbio_strnlen@N+1
  5772   0036E6  EC65  F01F         	call	_dbio_strnlen	;wreg free
  5773   0036EA  C15D  F197         	movff	?_dbio_strnlen,dbio_putstring@str_len
  5774   0036EE  C15E  F198         	movff	?_dbio_strnlen+1,dbio_putstring@str_len+1
  5775   0036F2                     
  5776                           ;dbio.c: 121:   INTCONbits.GIE = 0;
  5777   0036F2  9EF2               	bcf	242,7,c	;volatile
  5778   0036F4                     
  5779                           ;dbio.c: 122:   RingBuf_DataPut(str, str_len, &TXringbuf);
  5780   0036F4  C191  F16A         	movff	dbio_putstring@str,RingBuf_DataPut@data
  5781   0036F8  C192  F16B         	movff	dbio_putstring@str+1,RingBuf_DataPut@data+1
  5782   0036FC  C197  F16C         	movff	dbio_putstring@str_len,RingBuf_DataPut@len
  5783   003700  C198  F16D         	movff	dbio_putstring@str_len+1,RingBuf_DataPut@len+1
  5784   003704  0ED3               	movlw	low _TXringbuf
  5785   003706  0101               	movlb	1	; () banked
  5786   003708  6F6E               	movwf	RingBuf_DataPut@rb& (0+255),b
  5787   00370A  ECD5  F009         	call	_RingBuf_DataPut	;wreg free
  5788   00370E                     
  5789                           ;dbio.c: 123:   INTCONbits.GIE = 1;
  5790   00370E  8EF2               	bsf	242,7,c	;volatile
  5791   003710                     
  5792                           ;dbio.c: 124:   if(TX1IF)
  5793   003710  A89E               	btfss	3998,4,c	;volatile
  5794   003712  EF8D  F01B         	goto	u4551
  5795   003716  EF8F  F01B         	goto	u4550
  5796   00371A                     u4551:
  5797   00371A  EFA0  F01B         	goto	l307
  5798   00371E                     u4550:
  5799   00371E                     
  5800                           ;dbio.c: 125:   {;dbio.c: 126:     INTCONbits.GIE = 0;
  5801   00371E  9EF2               	bcf	242,7,c	;volatile
  5802   003720                     
  5803                           ;dbio.c: 127:     RingBuf_DataRead(&byte, 1, &TXringbuf);
  5804   003720  0E99               	movlw	low dbio_putstring@byte
  5805   003722  0101               	movlb	1	; () banked
  5806   003724  6F85               	movwf	RingBuf_DataRead@data& (0+255),b
  5807   003726  0E01               	movlw	high dbio_putstring@byte
  5808   003728  6F86               	movwf	(RingBuf_DataRead@data+1)& (0+255),b
  5809   00372A  6B88               	clrf	(RingBuf_DataRead@len+1)& (0+255),b
  5810   00372C  0E01               	movlw	1
  5811   00372E  6F87               	movwf	RingBuf_DataRead@len& (0+255),b
  5812   003730  0ED3               	movlw	low _TXringbuf
  5813   003732  6F89               	movwf	RingBuf_DataRead@rb& (0+255),b
  5814   003734  EC6E  F018         	call	_RingBuf_DataRead	;wreg free
  5815   003738                     
  5816                           ;dbio.c: 128:     INTCONbits.GIE = 1;
  5817   003738  8EF2               	bsf	242,7,c	;volatile
  5818   00373A                     
  5819                           ;dbio.c: 129:     TXREG = byte;
  5820   00373A  C199  FFAE         	movff	dbio_putstring@byte,4014	;volatile
  5821   00373E                     
  5822                           ;dbio.c: 130:     PIE1bits.TX1IE = 1;
  5823   00373E  889D               	bsf	157,4,c	;volatile
  5824   003740                     l307:
  5825   003740  0012               	return		;funcret
  5826   003742                     __end_of_dbio_putstring:
  5827                           	callstack 0
  5828                           
  5829 ;; *************** function _dbio_strnlen *****************
  5830 ;; Defined at:
  5831 ;;		line 100 in file "dbio.c"
  5832 ;; Parameters:    Size  Location     Type
  5833 ;;  str             2    0[BANK1 ] PTR const unsigned char 
  5834 ;;		 -> main@strtx(100), 
  5835 ;;  N               2    2[BANK1 ] unsigned short 
  5836 ;; Auto vars:     Size  Location     Type
  5837 ;;  i               2    4[BANK1 ] unsigned short 
  5838 ;; Return value:  Size  Location     Type
  5839 ;;                  2    0[BANK1 ] unsigned short 
  5840 ;; Registers used:
  5841 ;;		wreg, fsr2l, fsr2h, status,2, status,0
  5842 ;; Tracked objects:
  5843 ;;		On entry : 0/0
  5844 ;;		On exit  : 0/0
  5845 ;;		Unchanged: 0/0
  5846 ;; Data sizes:     COMRAM   BANK0   BANK1   BANK2   BANK3   BANK4   BANK5   BANK6   BANK7   BANK8   BANK9  BANK10  BANK1
      +1  BANK12  BANK13  BANK14
  5847 ;;      Params:         0       0       4       0       0       0       0       0       0       0       0       0       
      +0       0       0       0
  5848 ;;      Locals:         0       0       2       0       0       0       0       0       0       0       0       0       
      +0       0       0       0
  5849 ;;      Temps:          0       0       0       0       0       0       0       0       0       0       0       0       
      +0       0       0       0
  5850 ;;      Totals:         0       0       6       0       0       0       0       0       0       0       0       0       
      +0       0       0       0
  5851 ;;Total ram usage:        6 bytes
  5852 ;; Hardware stack levels used: 1
  5853 ;; Hardware stack levels required when called: 10
  5854 ;; This function calls:
  5855 ;;		Nothing
  5856 ;; This function is called by:
  5857 ;;		_dbio_putstring
  5858 ;; This function uses a non-reentrant model
  5859 ;;
  5860                           
  5861                           	psect	text19
  5862   003ECA                     __ptext19:
  5863                           	callstack 0
  5864   003ECA                     _dbio_strnlen:
  5865                           	callstack 19
  5866   003ECA                     
  5867                           ;dbio.c: 100: uint16_t dbio_strnlen(const char* str, uint16_t N);dbio.c: 101: {;dbio.c: 
      +                          102:   for(uint16_t i = 0; i < N; i++)
  5868   003ECA  0101               	movlb	1	; () banked
  5869   003ECC  6B62               	clrf	(dbio_strnlen@i+1)& (0+255),b
  5870   003ECE  0E00               	movlw	0
  5871   003ED0  6F61               	movwf	dbio_strnlen@i& (0+255),b
  5872   003ED2  EF83  F01F         	goto	l4770
  5873   003ED6                     l4764:
  5874                           
  5875                           ; BSR set to: 1
  5876                           ;dbio.c: 103:   {;dbio.c: 104:     if(str[i]) continue;
  5877   003ED6  5161               	movf	dbio_strnlen@i& (0+255),w,b
  5878   003ED8  255D               	addwf	dbio_strnlen@str& (0+255),w,b
  5879   003EDA  6ED9               	movwf	fsr2l,c
  5880   003EDC  5162               	movf	(dbio_strnlen@i+1)& (0+255),w,b
  5881   003EDE  215E               	addwfc	(dbio_strnlen@str+1)& (0+255),w,b
  5882   003EE0  6EDA               	movwf	fsr2h,c
  5883   003EE2  50DF               	movf	indf2,w,c
  5884   003EE4  B4D8               	btfsc	status,2,c
  5885   003EE6  EF77  F01F         	goto	u4301
  5886   003EEA  EF79  F01F         	goto	u4300
  5887   003EEE                     u4301:
  5888   003EEE  EF7B  F01F         	goto	l298
  5889   003EF2                     u4300:
  5890   003EF2  EF81  F01F         	goto	l4768
  5891   003EF6                     l298:
  5892                           
  5893                           ; BSR set to: 1
  5894                           ;dbio.c: 105:     return i;
  5895   003EF6  C161  F15D         	movff	dbio_strnlen@i,?_dbio_strnlen
  5896   003EFA  C162  F15E         	movff	dbio_strnlen@i+1,?_dbio_strnlen+1
  5897   003EFE  EF92  F01F         	goto	l300
  5898   003F02                     l4768:
  5899                           
  5900                           ; BSR set to: 1
  5901                           ;dbio.c: 102:   for(uint16_t i = 0; i < N; i++)
  5902   003F02  4B61               	infsnz	dbio_strnlen@i& (0+255),f,b
  5903   003F04  2B62               	incf	(dbio_strnlen@i+1)& (0+255),f,b
  5904   003F06                     l4770:
  5905                           
  5906                           ; BSR set to: 1
  5907   003F06  515F               	movf	dbio_strnlen@N& (0+255),w,b
  5908   003F08  5D61               	subwf	dbio_strnlen@i& (0+255),w,b
  5909   003F0A  5160               	movf	(dbio_strnlen@N+1)& (0+255),w,b
  5910   003F0C  5962               	subwfb	(dbio_strnlen@i+1)& (0+255),w,b
  5911   003F0E  A0D8               	btfss	status,0,c
  5912   003F10  EF8C  F01F         	goto	u4311
  5913   003F14  EF8E  F01F         	goto	u4310
  5914   003F18                     u4311:
  5915   003F18  EF6B  F01F         	goto	l4764
  5916   003F1C                     u4310:
  5917   003F1C                     
  5918                           ; BSR set to: 1
  5919                           ;dbio.c: 106:   };dbio.c: 107:   return N;
  5920   003F1C  C15F  F15D         	movff	dbio_strnlen@N,?_dbio_strnlen
  5921   003F20  C160  F15E         	movff	dbio_strnlen@N+1,?_dbio_strnlen+1
  5922   003F24                     l300:
  5923                           
  5924                           ; BSR set to: 1
  5925   003F24  0012               	return		;funcret
  5926   003F26                     __end_of_dbio_strnlen:
  5927                           	callstack 0
  5928                           
  5929 ;; *************** function _RingBuf_DataPut *****************
  5930 ;; Defined at:
  5931 ;;		line 57 in file "ringbuf.c"
  5932 ;; Parameters:    Size  Location     Type
  5933 ;;  data            2   13[BANK1 ] PTR const void 
  5934 ;;		 -> RXbyte_cbk@byte(1), main@strtx(100), 
  5935 ;;  len             2   15[BANK1 ] unsigned short 
  5936 ;;  rb              1   17[BANK1 ] PTR volatile struct RING
  5937 ;;		 -> RXringbuf(10), TXringbuf(10), 
  5938 ;; Auto vars:     Size  Location     Type
  5939 ;;  avaldat         2   42[BANK1 ] unsigned short 
  5940 ;;  space           2   40[BANK1 ] unsigned int 
  5941 ;;  s_addr          2   38[BANK1 ] unsigned int 
  5942 ;;  input           2   36[BANK1 ] PTR const unsigned char 
  5943 ;;		 -> RXbyte_cbk@byte(1), main@strtx(100), 
  5944 ;;  len_tmp         2   34[BANK1 ] unsigned short 
  5945 ;; Return value:  Size  Location     Type
  5946 ;;                  1    wreg      enum E691
  5947 ;; Registers used:
  5948 ;;		wreg, fsr1l, fsr1h, fsr2l, fsr2h, status,2, status,0, prodl, prodh, cstack
  5949 ;; Tracked objects:
  5950 ;;		On entry : 0/0
  5951 ;;		On exit  : 0/0
  5952 ;;		Unchanged: 0/0
  5953 ;; Data sizes:     COMRAM   BANK0   BANK1   BANK2   BANK3   BANK4   BANK5   BANK6   BANK7   BANK8   BANK9  BANK10  BANK1
      +1  BANK12  BANK13  BANK14
  5954 ;;      Params:         0       0       5       0       0       0       0       0       0       0       0       0       
      +0       0       0       0
  5955 ;;      Locals:         0       0      10       0       0       0       0       0       0       0       0       0       
      +0       0       0       0
  5956 ;;      Temps:          0       0      16       0       0       0       0       0       0       0       0       0       
      +0       0       0       0
  5957 ;;      Totals:         0       0      31       0       0       0       0       0       0       0       0       0       
      +0       0       0       0
  5958 ;;Total ram usage:       31 bytes
  5959 ;; Hardware stack levels used: 1
  5960 ;; Hardware stack levels required when called: 11
  5961 ;; This function calls:
  5962 ;;		_RingBuf_Available
  5963 ;;		_memcpy
  5964 ;; This function is called by:
  5965 ;;		_dbio_putstring
  5966 ;; This function uses a non-reentrant model
  5967 ;;
  5968                           
  5969                           	psect	text20
  5970   0013AA                     __ptext20:
  5971                           	callstack 0
  5972   0013AA                     _RingBuf_DataPut:
  5973                           	callstack 18
  5974   0013AA                     
  5975                           ;ringbuf.c: 58:     if (rb->buf == ((void*)0)) return RINGBUF_PARAM_ERR;
  5976   0013AA  0101               	movlb	1	; () banked
  5977   0013AC  516E               	movf	RingBuf_DataPut@rb& (0+255),w,b
  5978   0013AE  6ED9               	movwf	fsr2l,c
  5979   0013B0  6ADA               	clrf	fsr2h,c
  5980   0013B2  50DE               	movf	postinc2,w,c
  5981   0013B4  10DE               	iorwf	postinc2,w,c
  5982   0013B6  A4D8               	btfss	status,2,c
  5983   0013B8  EFE0  F009         	goto	u4201
  5984   0013BC  EFE2  F009         	goto	u4200
  5985   0013C0                     u4201:
  5986   0013C0  EFE4  F009         	goto	l4694
  5987   0013C4                     u4200:
  5988   0013C4  EF6B  F00B         	goto	l197
  5989   0013C8                     l4694:
  5990                           
  5991                           ; BSR set to: 1
  5992                           ;ringbuf.c: 59:     if (len > rb->size)
  5993   0013C8  516E               	movf	RingBuf_DataPut@rb& (0+255),w,b
  5994   0013CA  6ED9               	movwf	fsr2l,c
  5995   0013CC  6ADA               	clrf	fsr2h,c
  5996   0013CE  0E06               	movlw	6
  5997   0013D0  26D9               	addwf	fsr2l,f,c
  5998   0013D2  516C               	movf	RingBuf_DataPut@len& (0+255),w,b
  5999   0013D4  5CDE               	subwf	postinc2,w,c
  6000   0013D6  516D               	movf	(RingBuf_DataPut@len+1)& (0+255),w,b
  6001   0013D8  58DE               	subwfb	postinc2,w,c
  6002   0013DA  B0D8               	btfsc	status,0,c
  6003   0013DC  EFF2  F009         	goto	u4211
  6004   0013E0  EFF4  F009         	goto	u4210
  6005   0013E4                     u4211:
  6006   0013E4  EFF6  F009         	goto	l4698
  6007   0013E8                     u4210:
  6008   0013E8  EF6B  F00B         	goto	l197
  6009   0013EC                     l4698:
  6010                           
  6011                           ; BSR set to: 1
  6012                           ;ringbuf.c: 61:     const char *input = data;
  6013   0013EC  C16A  F181         	movff	RingBuf_DataPut@data,RingBuf_DataPut@input
  6014   0013F0  C16B  F182         	movff	RingBuf_DataPut@data+1,RingBuf_DataPut@input+1
  6015   0013F4                     
  6016                           ; BSR set to: 1
  6017                           ;ringbuf.c: 63:     size_t s_addr = 0;
  6018   0013F4  6B84               	clrf	(RingBuf_DataPut@s_addr+1)& (0+255),b
  6019   0013F6  0E00               	movlw	0
  6020   0013F8  6F83               	movwf	RingBuf_DataPut@s_addr& (0+255),b
  6021   0013FA                     
  6022                           ; BSR set to: 1
  6023                           ;ringbuf.c: 65:     size_t space = rb->size - rb->head;
  6024   0013FA  516E               	movf	RingBuf_DataPut@rb& (0+255),w,b
  6025   0013FC  6ED9               	movwf	fsr2l,c
  6026   0013FE  6ADA               	clrf	fsr2h,c
  6027   001400  0E04               	movlw	4
  6028   001402  26D9               	addwf	fsr2l,f,c
  6029   001404  CFDE F16F          	movff	postinc2,??_RingBuf_DataPut
  6030   001408  CFDD F170          	movff	postdec2,??_RingBuf_DataPut+1
  6031   00140C  516E               	movf	RingBuf_DataPut@rb& (0+255),w,b
  6032   00140E  6ED9               	movwf	fsr2l,c
  6033   001410  6ADA               	clrf	fsr2h,c
  6034   001412  0E06               	movlw	6
  6035   001414  26D9               	addwf	fsr2l,f,c
  6036   001416  CFDE F171          	movff	postinc2,??_RingBuf_DataPut+2
  6037   00141A  CFDD F172          	movff	postdec2,??_RingBuf_DataPut+3
  6038   00141E  516F               	movf	??_RingBuf_DataPut& (0+255),w,b
  6039   001420  5D71               	subwf	(??_RingBuf_DataPut+2)& (0+255),w,b
  6040   001422  6F85               	movwf	RingBuf_DataPut@space& (0+255),b
  6041   001424  5170               	movf	(??_RingBuf_DataPut+1)& (0+255),w,b
  6042   001426  5972               	subwfb	(??_RingBuf_DataPut+3)& (0+255),w,b
  6043   001428  6F86               	movwf	(RingBuf_DataPut@space+1)& (0+255),b
  6044   00142A                     
  6045                           ; BSR set to: 1
  6046                           ;ringbuf.c: 68:     uint16_t avaldat = 0;
  6047   00142A  6B88               	clrf	(RingBuf_DataPut@avaldat+1)& (0+255),b
  6048   00142C  0E00               	movlw	0
  6049   00142E  6F87               	movwf	RingBuf_DataPut@avaldat& (0+255),b
  6050   001430                     
  6051                           ; BSR set to: 1
  6052                           ;ringbuf.c: 69:     RingBuf_Available(&avaldat, rb);
  6053   001430  0E87               	movlw	low RingBuf_DataPut@avaldat
  6054   001432  6F5D               	movwf	RingBuf_Available@len& (0+255),b
  6055   001434  0E01               	movlw	high RingBuf_DataPut@avaldat
  6056   001436  6F5E               	movwf	(RingBuf_Available@len+1)& (0+255),b
  6057   001438  C16E  F15F         	movff	RingBuf_DataPut@rb,RingBuf_Available@rb
  6058   00143C  EC0D  F017         	call	_RingBuf_Available	;wreg free
  6059   001440                     
  6060                           ;ringbuf.c: 70:     uint16_t len_tmp = len;
  6061   001440  C16C  F17F         	movff	RingBuf_DataPut@len,RingBuf_DataPut@len_tmp
  6062   001444  C16D  F180         	movff	RingBuf_DataPut@len+1,RingBuf_DataPut@len_tmp+1
  6063   001448                     
  6064                           ;ringbuf.c: 72:     if (len > space) {
  6065   001448  0101               	movlb	1	; () banked
  6066   00144A  516C               	movf	RingBuf_DataPut@len& (0+255),w,b
  6067   00144C  5D85               	subwf	RingBuf_DataPut@space& (0+255),w,b
  6068   00144E  516D               	movf	(RingBuf_DataPut@len+1)& (0+255),w,b
  6069   001450  5986               	subwfb	(RingBuf_DataPut@space+1)& (0+255),w,b
  6070   001452  B0D8               	btfsc	status,0,c
  6071   001454  EF2E  F00A         	goto	u4221
  6072   001458  EF30  F00A         	goto	u4220
  6073   00145C                     u4221:
  6074   00145C  EF8C  F00A         	goto	l4720
  6075   001460                     u4220:
  6076   001460                     
  6077                           ; BSR set to: 1
  6078                           ;ringbuf.c: 74:         memcpy(&rb->buf[rb->head*rb->cell_size], &input[s_addr * rb->cel
      +                          l_size], space * rb->cell_size);
  6079   001460  516E               	movf	RingBuf_DataPut@rb& (0+255),w,b
  6080   001462  6ED9               	movwf	fsr2l,c
  6081   001464  6ADA               	clrf	fsr2h,c
  6082   001466  0E08               	movlw	8
  6083   001468  26D9               	addwf	fsr2l,f,c
  6084   00146A  CFDE F16F          	movff	postinc2,??_RingBuf_DataPut
  6085   00146E  CFDD F170          	movff	postdec2,??_RingBuf_DataPut+1
  6086   001472  516E               	movf	RingBuf_DataPut@rb& (0+255),w,b
  6087   001474  6ED9               	movwf	fsr2l,c
  6088   001476  6ADA               	clrf	fsr2h,c
  6089   001478  0E04               	movlw	4
  6090   00147A  26D9               	addwf	fsr2l,f,c
  6091   00147C  CFDE F171          	movff	postinc2,??_RingBuf_DataPut+2
  6092   001480  CFDD F172          	movff	postdec2,??_RingBuf_DataPut+3
  6093   001484  516F               	movf	??_RingBuf_DataPut& (0+255),w,b
  6094   001486  0371               	mulwf	(??_RingBuf_DataPut+2)& (0+255),b
  6095   001488  CFF3 F173          	movff	prodl,??_RingBuf_DataPut+4
  6096   00148C  CFF4 F174          	movff	prodh,??_RingBuf_DataPut+5
  6097   001490  0372               	mulwf	(??_RingBuf_DataPut+3)& (0+255),b
  6098   001492  50F3               	movf	prodl,w,c
  6099   001494  2774               	addwf	(??_RingBuf_DataPut+5)& (0+255),f,b
  6100   001496  5170               	movf	(??_RingBuf_DataPut+1)& (0+255),w,b
  6101   001498  0371               	mulwf	(??_RingBuf_DataPut+2)& (0+255),b
  6102   00149A  50F3               	movf	prodl,w,c
  6103   00149C  2774               	addwf	(??_RingBuf_DataPut+5)& (0+255),f,b
  6104   00149E  516E               	movf	RingBuf_DataPut@rb& (0+255),w,b
  6105   0014A0  6ED9               	movwf	fsr2l,c
  6106   0014A2  6ADA               	clrf	fsr2h,c
  6107   0014A4  CFDE F175          	movff	postinc2,??_RingBuf_DataPut+6
  6108   0014A8  CFDD F176          	movff	postdec2,??_RingBuf_DataPut+7
  6109   0014AC  5173               	movf	(??_RingBuf_DataPut+4)& (0+255),w,b
  6110   0014AE  2575               	addwf	(??_RingBuf_DataPut+6)& (0+255),w,b
  6111   0014B0  6F5D               	movwf	memcpy@d1& (0+255),b
  6112   0014B2  5174               	movf	(??_RingBuf_DataPut+5)& (0+255),w,b
  6113   0014B4  2176               	addwfc	(??_RingBuf_DataPut+7)& (0+255),w,b
  6114   0014B6  6F5E               	movwf	(memcpy@d1+1)& (0+255),b
  6115   0014B8  C181  F15F         	movff	RingBuf_DataPut@input,memcpy@s1
  6116   0014BC  C182  F160         	movff	RingBuf_DataPut@input+1,memcpy@s1+1
  6117   0014C0  516E               	movf	RingBuf_DataPut@rb& (0+255),w,b
  6118   0014C2  6ED9               	movwf	fsr2l,c
  6119   0014C4  6ADA               	clrf	fsr2h,c
  6120   0014C6  0E08               	movlw	8
  6121   0014C8  26D9               	addwf	fsr2l,f,c
  6122   0014CA  CFDE F177          	movff	postinc2,??_RingBuf_DataPut+8
  6123   0014CE  CFDD F178          	movff	postdec2,??_RingBuf_DataPut+9
  6124   0014D2  5185               	movf	RingBuf_DataPut@space& (0+255),w,b
  6125   0014D4  0377               	mulwf	(??_RingBuf_DataPut+8)& (0+255),b
  6126   0014D6  CFF3 F179          	movff	prodl,??_RingBuf_DataPut+10
  6127   0014DA  CFF4 F17A          	movff	prodh,??_RingBuf_DataPut+11
  6128   0014DE  0378               	mulwf	(??_RingBuf_DataPut+9)& (0+255),b
  6129   0014E0  50F3               	movf	prodl,w,c
  6130   0014E2  277A               	addwf	(??_RingBuf_DataPut+11)& (0+255),f,b
  6131   0014E4  5186               	movf	(RingBuf_DataPut@space+1)& (0+255),w,b
  6132   0014E6  0377               	mulwf	(??_RingBuf_DataPut+8)& (0+255),b
  6133   0014E8  50F3               	movf	prodl,w,c
  6134   0014EA  277A               	addwf	(??_RingBuf_DataPut+11)& (0+255),f,b
  6135   0014EC  C179  F161         	movff	??_RingBuf_DataPut+10,memcpy@n
  6136   0014F0  C17A  F162         	movff	??_RingBuf_DataPut+11,memcpy@n+1
  6137   0014F4  ECE9  F01F         	call	_memcpy	;wreg free
  6138   0014F8                     
  6139                           ;ringbuf.c: 76:         rb->head = 0;
  6140   0014F8  0101               	movlb	1	; () banked
  6141   0014FA  516E               	movf	RingBuf_DataPut@rb& (0+255),w,b
  6142   0014FC  6ED9               	movwf	fsr2l,c
  6143   0014FE  6ADA               	clrf	fsr2h,c
  6144   001500  0E04               	movlw	4
  6145   001502  26D9               	addwf	fsr2l,f,c
  6146   001504  6ADE               	clrf	postinc2,c
  6147   001506  6ADD               	clrf	postdec2,c
  6148   001508                     
  6149                           ; BSR set to: 1
  6150                           ;ringbuf.c: 78:         s_addr = space;
  6151   001508  C185  F183         	movff	RingBuf_DataPut@space,RingBuf_DataPut@s_addr
  6152   00150C  C186  F184         	movff	RingBuf_DataPut@space+1,RingBuf_DataPut@s_addr+1
  6153   001510                     
  6154                           ; BSR set to: 1
  6155                           ;ringbuf.c: 80:         len -= space;
  6156   001510  5185               	movf	RingBuf_DataPut@space& (0+255),w,b
  6157   001512  5F6C               	subwf	RingBuf_DataPut@len& (0+255),f,b
  6158   001514  5186               	movf	(RingBuf_DataPut@space+1)& (0+255),w,b
  6159   001516  5B6D               	subwfb	(RingBuf_DataPut@len+1)& (0+255),f,b
  6160   001518                     l4720:
  6161                           
  6162                           ; BSR set to: 1
  6163                           ;ringbuf.c: 83:     memcpy(&rb->buf[rb->head*rb->cell_size], &input[s_addr * rb->cell_si
      +                          ze], len * rb->cell_size);
  6164   001518  516E               	movf	RingBuf_DataPut@rb& (0+255),w,b
  6165   00151A  6ED9               	movwf	fsr2l,c
  6166   00151C  6ADA               	clrf	fsr2h,c
  6167   00151E  0E08               	movlw	8
  6168   001520  26D9               	addwf	fsr2l,f,c
  6169   001522  CFDE F16F          	movff	postinc2,??_RingBuf_DataPut
  6170   001526  CFDD F170          	movff	postdec2,??_RingBuf_DataPut+1
  6171   00152A  516E               	movf	RingBuf_DataPut@rb& (0+255),w,b
  6172   00152C  6ED9               	movwf	fsr2l,c
  6173   00152E  6ADA               	clrf	fsr2h,c
  6174   001530  0E04               	movlw	4
  6175   001532  26D9               	addwf	fsr2l,f,c
  6176   001534  CFDE F171          	movff	postinc2,??_RingBuf_DataPut+2
  6177   001538  CFDD F172          	movff	postdec2,??_RingBuf_DataPut+3
  6178   00153C  516F               	movf	??_RingBuf_DataPut& (0+255),w,b
  6179   00153E  0371               	mulwf	(??_RingBuf_DataPut+2)& (0+255),b
  6180   001540  CFF3 F173          	movff	prodl,??_RingBuf_DataPut+4
  6181   001544  CFF4 F174          	movff	prodh,??_RingBuf_DataPut+5
  6182   001548  0372               	mulwf	(??_RingBuf_DataPut+3)& (0+255),b
  6183   00154A  50F3               	movf	prodl,w,c
  6184   00154C  2774               	addwf	(??_RingBuf_DataPut+5)& (0+255),f,b
  6185   00154E  5170               	movf	(??_RingBuf_DataPut+1)& (0+255),w,b
  6186   001550  0371               	mulwf	(??_RingBuf_DataPut+2)& (0+255),b
  6187   001552  50F3               	movf	prodl,w,c
  6188   001554  2774               	addwf	(??_RingBuf_DataPut+5)& (0+255),f,b
  6189   001556  516E               	movf	RingBuf_DataPut@rb& (0+255),w,b
  6190   001558  6ED9               	movwf	fsr2l,c
  6191   00155A  6ADA               	clrf	fsr2h,c
  6192   00155C  CFDE F175          	movff	postinc2,??_RingBuf_DataPut+6
  6193   001560  CFDD F176          	movff	postdec2,??_RingBuf_DataPut+7
  6194   001564  5173               	movf	(??_RingBuf_DataPut+4)& (0+255),w,b
  6195   001566  2575               	addwf	(??_RingBuf_DataPut+6)& (0+255),w,b
  6196   001568  6F5D               	movwf	memcpy@d1& (0+255),b
  6197   00156A  5174               	movf	(??_RingBuf_DataPut+5)& (0+255),w,b
  6198   00156C  2176               	addwfc	(??_RingBuf_DataPut+7)& (0+255),w,b
  6199   00156E  6F5E               	movwf	(memcpy@d1+1)& (0+255),b
  6200   001570  516E               	movf	RingBuf_DataPut@rb& (0+255),w,b
  6201   001572  6ED9               	movwf	fsr2l,c
  6202   001574  6ADA               	clrf	fsr2h,c
  6203   001576  0E08               	movlw	8
  6204   001578  26D9               	addwf	fsr2l,f,c
  6205   00157A  CFDE F177          	movff	postinc2,??_RingBuf_DataPut+8
  6206   00157E  CFDD F178          	movff	postdec2,??_RingBuf_DataPut+9
  6207   001582  5183               	movf	RingBuf_DataPut@s_addr& (0+255),w,b
  6208   001584  0377               	mulwf	(??_RingBuf_DataPut+8)& (0+255),b
  6209   001586  CFF3 F179          	movff	prodl,??_RingBuf_DataPut+10
  6210   00158A  CFF4 F17A          	movff	prodh,??_RingBuf_DataPut+11
  6211   00158E  0378               	mulwf	(??_RingBuf_DataPut+9)& (0+255),b
  6212   001590  50F3               	movf	prodl,w,c
  6213   001592  277A               	addwf	(??_RingBuf_DataPut+11)& (0+255),f,b
  6214   001594  5184               	movf	(RingBuf_DataPut@s_addr+1)& (0+255),w,b
  6215   001596  0377               	mulwf	(??_RingBuf_DataPut+8)& (0+255),b
  6216   001598  50F3               	movf	prodl,w,c
  6217   00159A  277A               	addwf	(??_RingBuf_DataPut+11)& (0+255),f,b
  6218   00159C  5179               	movf	(??_RingBuf_DataPut+10)& (0+255),w,b
  6219   00159E  2581               	addwf	RingBuf_DataPut@input& (0+255),w,b
  6220   0015A0  6F5F               	movwf	memcpy@s1& (0+255),b
  6221   0015A2  517A               	movf	(??_RingBuf_DataPut+11)& (0+255),w,b
  6222   0015A4  2182               	addwfc	(RingBuf_DataPut@input+1)& (0+255),w,b
  6223   0015A6  6F60               	movwf	(memcpy@s1+1)& (0+255),b
  6224   0015A8  516E               	movf	RingBuf_DataPut@rb& (0+255),w,b
  6225   0015AA  6ED9               	movwf	fsr2l,c
  6226   0015AC  6ADA               	clrf	fsr2h,c
  6227   0015AE  0E08               	movlw	8
  6228   0015B0  26D9               	addwf	fsr2l,f,c
  6229   0015B2  CFDE F17B          	movff	postinc2,??_RingBuf_DataPut+12
  6230   0015B6  CFDD F17C          	movff	postdec2,??_RingBuf_DataPut+13
  6231   0015BA  516C               	movf	RingBuf_DataPut@len& (0+255),w,b
  6232   0015BC  037B               	mulwf	(??_RingBuf_DataPut+12)& (0+255),b
  6233   0015BE  CFF3 F17D          	movff	prodl,??_RingBuf_DataPut+14
  6234   0015C2  CFF4 F17E          	movff	prodh,??_RingBuf_DataPut+15
  6235   0015C6  037C               	mulwf	(??_RingBuf_DataPut+13)& (0+255),b
  6236   0015C8  50F3               	movf	prodl,w,c
  6237   0015CA  277E               	addwf	(??_RingBuf_DataPut+15)& (0+255),f,b
  6238   0015CC  516D               	movf	(RingBuf_DataPut@len+1)& (0+255),w,b
  6239   0015CE  037B               	mulwf	(??_RingBuf_DataPut+12)& (0+255),b
  6240   0015D0  50F3               	movf	prodl,w,c
  6241   0015D2  277E               	addwf	(??_RingBuf_DataPut+15)& (0+255),f,b
  6242   0015D4  C17D  F161         	movff	??_RingBuf_DataPut+14,memcpy@n
  6243   0015D8  C17E  F162         	movff	??_RingBuf_DataPut+15,memcpy@n+1
  6244   0015DC  ECE9  F01F         	call	_memcpy	;wreg free
  6245   0015E0                     
  6246                           ;ringbuf.c: 85:     rb->head += len;
  6247   0015E0  0101               	movlb	1	; () banked
  6248   0015E2  516E               	movf	RingBuf_DataPut@rb& (0+255),w,b
  6249   0015E4  6ED9               	movwf	fsr2l,c
  6250   0015E6  6ADA               	clrf	fsr2h,c
  6251   0015E8  0E04               	movlw	4
  6252   0015EA  26D9               	addwf	fsr2l,f,c
  6253   0015EC  516C               	movf	RingBuf_DataPut@len& (0+255),w,b	;volatile
  6254   0015EE  26DE               	addwf	postinc2,f,c
  6255   0015F0  516D               	movf	(RingBuf_DataPut@len+1)& (0+255),w,b	;volatile
  6256   0015F2  22DD               	addwfc	postdec2,f,c
  6257   0015F4                     
  6258                           ; BSR set to: 1
  6259                           ;ringbuf.c: 86:     if (rb->head >= rb->size)
  6260   0015F4  516E               	movf	RingBuf_DataPut@rb& (0+255),w,b
  6261   0015F6  6ED9               	movwf	fsr2l,c
  6262   0015F8  6ADA               	clrf	fsr2h,c
  6263   0015FA  0E06               	movlw	6
  6264   0015FC  26D9               	addwf	fsr2l,f,c
  6265   0015FE  516E               	movf	RingBuf_DataPut@rb& (0+255),w,b
  6266   001600  6EE1               	movwf	fsr1l,c
  6267   001602  6AE2               	clrf	fsr1h,c
  6268   001604  0E04               	movlw	4
  6269   001606  26E1               	addwf	fsr1l,f,c
  6270   001608  50DE               	movf	postinc2,w,c
  6271   00160A  5CE6               	subwf	postinc1,w,c
  6272   00160C  50DE               	movf	postinc2,w,c
  6273   00160E  58E6               	subwfb	postinc1,w,c
  6274   001610  A0D8               	btfss	status,0,c
  6275   001612  EF0D  F00B         	goto	u4231
  6276   001616  EF0F  F00B         	goto	u4230
  6277   00161A                     u4231:
  6278   00161A  EF21  F00B         	goto	l200
  6279   00161E                     u4230:
  6280   00161E                     
  6281                           ; BSR set to: 1
  6282                           ;ringbuf.c: 87:         rb->head -= rb->size;
  6283   00161E  516E               	movf	RingBuf_DataPut@rb& (0+255),w,b
  6284   001620  6ED9               	movwf	fsr2l,c
  6285   001622  6ADA               	clrf	fsr2h,c
  6286   001624  0E06               	movlw	6
  6287   001626  26D9               	addwf	fsr2l,f,c
  6288   001628  CFDE F16F          	movff	postinc2,??_RingBuf_DataPut
  6289   00162C  CFDD F170          	movff	postdec2,??_RingBuf_DataPut+1
  6290   001630  516E               	movf	RingBuf_DataPut@rb& (0+255),w,b
  6291   001632  6ED9               	movwf	fsr2l,c
  6292   001634  6ADA               	clrf	fsr2h,c
  6293   001636  0E04               	movlw	4
  6294   001638  26D9               	addwf	fsr2l,f,c
  6295   00163A  516F               	movf	??_RingBuf_DataPut& (0+255),w,b
  6296   00163C  5EDE               	subwf	postinc2,f,c
  6297   00163E  5170               	movf	(??_RingBuf_DataPut+1)& (0+255),w,b
  6298   001640  5ADD               	subwfb	postdec2,f,c
  6299   001642                     l200:
  6300                           
  6301                           ; BSR set to: 1
  6302                           ;ringbuf.c: 90:     if((rb->size - avaldat) <= len_tmp) rb->tail = rb->head + 1;
  6303   001642  516E               	movf	RingBuf_DataPut@rb& (0+255),w,b
  6304   001644  6ED9               	movwf	fsr2l,c
  6305   001646  6ADA               	clrf	fsr2h,c
  6306   001648  0E06               	movlw	6
  6307   00164A  26D9               	addwf	fsr2l,f,c
  6308   00164C  CFDE F16F          	movff	postinc2,??_RingBuf_DataPut
  6309   001650  CFDD F170          	movff	postdec2,??_RingBuf_DataPut+1
  6310   001654  5187               	movf	RingBuf_DataPut@avaldat& (0+255),w,b
  6311   001656  5F6F               	subwf	??_RingBuf_DataPut& (0+255),f,b
  6312   001658  5188               	movf	(RingBuf_DataPut@avaldat+1)& (0+255),w,b
  6313   00165A  5B70               	subwfb	(??_RingBuf_DataPut+1)& (0+255),f,b
  6314   00165C  516F               	movf	??_RingBuf_DataPut& (0+255),w,b
  6315   00165E  5D7F               	subwf	RingBuf_DataPut@len_tmp& (0+255),w,b
  6316   001660  5170               	movf	(??_RingBuf_DataPut+1)& (0+255),w,b
  6317   001662  5980               	subwfb	(RingBuf_DataPut@len_tmp+1)& (0+255),w,b
  6318   001664  A0D8               	btfss	status,0,c
  6319   001666  EF37  F00B         	goto	u4241
  6320   00166A  EF39  F00B         	goto	u4240
  6321   00166E                     u4241:
  6322   00166E  EF4F  F00B         	goto	l4730
  6323   001672                     u4240:
  6324   001672                     
  6325                           ; BSR set to: 1
  6326   001672  516E               	movf	RingBuf_DataPut@rb& (0+255),w,b
  6327   001674  6ED9               	movwf	fsr2l,c
  6328   001676  6ADA               	clrf	fsr2h,c
  6329   001678  0E04               	movlw	4
  6330   00167A  26D9               	addwf	fsr2l,f,c
  6331   00167C  CFDE F16F          	movff	postinc2,??_RingBuf_DataPut
  6332   001680  CFDD F170          	movff	postdec2,??_RingBuf_DataPut+1
  6333   001684  0E01               	movlw	1
  6334   001686  276F               	addwf	??_RingBuf_DataPut& (0+255),f,b
  6335   001688  0E00               	movlw	0
  6336   00168A  2370               	addwfc	(??_RingBuf_DataPut+1)& (0+255),f,b
  6337   00168C  516E               	movf	RingBuf_DataPut@rb& (0+255),w,b
  6338   00168E  6ED9               	movwf	fsr2l,c
  6339   001690  6ADA               	clrf	fsr2h,c
  6340   001692  0E02               	movlw	2
  6341   001694  26D9               	addwf	fsr2l,f,c
  6342   001696  C16F  FFDE         	movff	??_RingBuf_DataPut,postinc2
  6343   00169A  C170  FFDD         	movff	??_RingBuf_DataPut+1,postdec2
  6344   00169E                     l4730:
  6345                           
  6346                           ; BSR set to: 1
  6347                           ;ringbuf.c: 92:     if (rb->tail >= rb->size)
  6348   00169E  516E               	movf	RingBuf_DataPut@rb& (0+255),w,b
  6349   0016A0  6ED9               	movwf	fsr2l,c
  6350   0016A2  6ADA               	clrf	fsr2h,c
  6351   0016A4  0E06               	movlw	6
  6352   0016A6  26D9               	addwf	fsr2l,f,c
  6353   0016A8  516E               	movf	RingBuf_DataPut@rb& (0+255),w,b
  6354   0016AA  6EE1               	movwf	fsr1l,c
  6355   0016AC  6AE2               	clrf	fsr1h,c
  6356   0016AE  0E02               	movlw	2
  6357   0016B0  26E1               	addwf	fsr1l,f,c
  6358   0016B2  50DE               	movf	postinc2,w,c
  6359   0016B4  5CE6               	subwf	postinc1,w,c
  6360   0016B6  50DE               	movf	postinc2,w,c
  6361   0016B8  58E6               	subwfb	postinc1,w,c
  6362   0016BA  A0D8               	btfss	status,0,c
  6363   0016BC  EF62  F00B         	goto	u4251
  6364   0016C0  EF64  F00B         	goto	u4250
  6365   0016C4                     u4251:
  6366   0016C4  EF6B  F00B         	goto	l197
  6367   0016C8                     u4250:
  6368   0016C8                     
  6369                           ; BSR set to: 1
  6370                           ;ringbuf.c: 93:         rb->tail = 0;
  6371   0016C8  516E               	movf	RingBuf_DataPut@rb& (0+255),w,b
  6372   0016CA  6ED9               	movwf	fsr2l,c
  6373   0016CC  6ADA               	clrf	fsr2h,c
  6374   0016CE  0E02               	movlw	2
  6375   0016D0  26D9               	addwf	fsr2l,f,c
  6376   0016D2  6ADE               	clrf	postinc2,c
  6377   0016D4  6ADD               	clrf	postdec2,c
  6378   0016D6                     l197:
  6379                           
  6380                           ; BSR set to: 1
  6381   0016D6  0012               	return		;funcret
  6382   0016D8                     __end_of_RingBuf_DataPut:
  6383                           	callstack 0
  6384                           
  6385 ;; *************** function _dbio_init *****************
  6386 ;; Defined at:
  6387 ;;		line 46 in file "dbio.c"
  6388 ;; Parameters:    Size  Location     Type
  6389 ;;		None
  6390 ;; Auto vars:     Size  Location     Type
  6391 ;;		None
  6392 ;; Return value:  Size  Location     Type
  6393 ;;                  1    wreg      void 
  6394 ;; Registers used:
  6395 ;;		wreg, fsr1l, fsr1h, fsr2l, fsr2h, status,2, status,0, prodl, prodh, cstack
  6396 ;; Tracked objects:
  6397 ;;		On entry : 0/0
  6398 ;;		On exit  : 0/0
  6399 ;;		Unchanged: 0/0
  6400 ;; Data sizes:     COMRAM   BANK0   BANK1   BANK2   BANK3   BANK4   BANK5   BANK6   BANK7   BANK8   BANK9  BANK10  BANK1
      +1  BANK12  BANK13  BANK14
  6401 ;;      Params:         0       0       0       0       0       0       0       0       0       0       0       0       
      +0       0       0       0
  6402 ;;      Locals:         0       0       0       0       0       0       0       0       0       0       0       0       
      +0       0       0       0
  6403 ;;      Temps:          0       0       0       0       0       0       0       0       0       0       0       0       
      +0       0       0       0
  6404 ;;      Totals:         0       0       0       0       0       0       0       0       0       0       0       0       
      +0       0       0       0
  6405 ;;Total ram usage:        0 bytes
  6406 ;; Hardware stack levels used: 1
  6407 ;; Hardware stack levels required when called: 12
  6408 ;; This function calls:
  6409 ;;		_RingBuf_Init
  6410 ;;		_UART1_Init
  6411 ;;		_sys_regiter_IRQ_clbk
  6412 ;; This function is called by:
  6413 ;;		_main
  6414 ;; This function uses a non-reentrant model
  6415 ;;
  6416                           
  6417                           	psect	text21
  6418   003E00                     __ptext21:
  6419                           	callstack 0
  6420   003E00                     _dbio_init:
  6421                           	callstack 18
  6422   003E00                     
  6423                           ;dbio.c: 48:   RingBuf_Init(RXbuf, 200, 1, &RXringbuf);
  6424   003E00  0E00               	movlw	low _RXbuf
  6425   003E02  0101               	movlb	1	; () banked
  6426   003E04  6F60               	movwf	RingBuf_Init@buf& (0+255),b
  6427   003E06  0E03               	movlw	high _RXbuf
  6428   003E08  6F61               	movwf	(RingBuf_Init@buf+1)& (0+255),b
  6429   003E0A  6B63               	clrf	(RingBuf_Init@size+1)& (0+255),b
  6430   003E0C  0EC8               	movlw	200
  6431   003E0E  6F62               	movwf	RingBuf_Init@size& (0+255),b
  6432   003E10  6B65               	clrf	(RingBuf_Init@cellsize+1)& (0+255),b
  6433   003E12  0E01               	movlw	1
  6434   003E14  6F64               	movwf	RingBuf_Init@cellsize& (0+255),b
  6435   003E16  0EDD               	movlw	low _RXringbuf
  6436   003E18  6F66               	movwf	RingBuf_Init@rb& (0+255),b
  6437   003E1A  EC43  F021         	call	_RingBuf_Init	;wreg free
  6438                           
  6439                           ;dbio.c: 49:   RingBuf_Init(TXbuf, 200, 1, &TXringbuf);
  6440   003E1E  0E00               	movlw	low _TXbuf
  6441   003E20  0101               	movlb	1	; () banked
  6442   003E22  6F60               	movwf	RingBuf_Init@buf& (0+255),b
  6443   003E24  0E04               	movlw	high _TXbuf
  6444   003E26  6F61               	movwf	(RingBuf_Init@buf+1)& (0+255),b
  6445   003E28  6B63               	clrf	(RingBuf_Init@size+1)& (0+255),b
  6446   003E2A  0EC8               	movlw	200
  6447   003E2C  6F62               	movwf	RingBuf_Init@size& (0+255),b
  6448   003E2E  6B65               	clrf	(RingBuf_Init@cellsize+1)& (0+255),b
  6449   003E30  0E01               	movlw	1
  6450   003E32  6F64               	movwf	RingBuf_Init@cellsize& (0+255),b
  6451   003E34  0ED3               	movlw	low _TXringbuf
  6452   003E36  6F66               	movwf	RingBuf_Init@rb& (0+255),b
  6453   003E38  EC43  F021         	call	_RingBuf_Init	;wreg free
  6454   003E3C                     
  6455                           ;dbio.c: 50:   sys_regiter_IRQ_clbk(RXbyte_cbk, 0);
  6456   003E3C  0E7C               	movlw	low _RXbyte_cbk
  6457   003E3E  0101               	movlb	1	; () banked
  6458   003E40  6F5D               	movwf	sys_regiter_IRQ_clbk@cbk& (0+255),b
  6459   003E42  0E3F               	movlw	high _RXbyte_cbk
  6460   003E44  6F5E               	movwf	(sys_regiter_IRQ_clbk@cbk+1)& (0+255),b
  6461   003E46  0E00               	movlw	0
  6462   003E48  6F5F               	movwf	sys_regiter_IRQ_clbk@IPrio& (0+255),b
  6463   003E4A  EC0E  F01E         	call	_sys_regiter_IRQ_clbk	;wreg free
  6464   003E4E                     
  6465                           ;dbio.c: 51:   sys_regiter_IRQ_clbk(TXbyte_cbk, 0);
  6466   003E4E  0E90               	movlw	low _TXbyte_cbk
  6467   003E50  0101               	movlb	1	; () banked
  6468   003E52  6F5D               	movwf	sys_regiter_IRQ_clbk@cbk& (0+255),b
  6469   003E54  0E3D               	movlw	high _TXbyte_cbk
  6470   003E56  6F5E               	movwf	(sys_regiter_IRQ_clbk@cbk+1)& (0+255),b
  6471   003E58  0E00               	movlw	0
  6472   003E5A  6F5F               	movwf	sys_regiter_IRQ_clbk@IPrio& (0+255),b
  6473   003E5C  EC0E  F01E         	call	_sys_regiter_IRQ_clbk	;wreg free
  6474   003E60                     
  6475                           ;dbio.c: 52:   UART1_Init();
  6476   003E60  EC28  F01A         	call	_UART1_Init	;wreg free
  6477   003E64                     
  6478                           ;dbio.c: 53:   PIE1bits.RC1IE = 1;
  6479   003E64  8A9D               	bsf	157,5,c	;volatile
  6480   003E66  0012               	return		;funcret
  6481   003E68                     __end_of_dbio_init:
  6482                           	callstack 0
  6483                           
  6484 ;; *************** function _UART1_Init *****************
  6485 ;; Defined at:
  6486 ;;		line 133 in file "system.c"
  6487 ;; Parameters:    Size  Location     Type
  6488 ;;		None
  6489 ;; Auto vars:     Size  Location     Type
  6490 ;;  freq            4    0        long 
  6491 ;;  SPBRG_VAL       2   18[BANK1 ] unsigned short 
  6492 ;; Return value:  Size  Location     Type
  6493 ;;                  1    wreg      void 
  6494 ;; Registers used:
  6495 ;;		wreg, status,2, status,0, cstack
  6496 ;; Tracked objects:
  6497 ;;		On entry : 0/0
  6498 ;;		On exit  : 0/0
  6499 ;;		Unchanged: 0/0
  6500 ;; Data sizes:     COMRAM   BANK0   BANK1   BANK2   BANK3   BANK4   BANK5   BANK6   BANK7   BANK8   BANK9  BANK10  BANK1
      +1  BANK12  BANK13  BANK14
  6501 ;;      Params:         0       0       0       0       0       0       0       0       0       0       0       0       
      +0       0       0       0
  6502 ;;      Locals:         0       0       6       0       0       0       0       0       0       0       0       0       
      +0       0       0       0
  6503 ;;      Temps:          0       0       0       0       0       0       0       0       0       0       0       0       
      +0       0       0       0
  6504 ;;      Totals:         0       0       6       0       0       0       0       0       0       0       0       0       
      +0       0       0       0
  6505 ;;Total ram usage:        6 bytes
  6506 ;; Hardware stack levels used: 1
  6507 ;; Hardware stack levels required when called: 11
  6508 ;; This function calls:
  6509 ;;		___aldiv
  6510 ;;		___almod
  6511 ;; This function is called by:
  6512 ;;		_dbio_init
  6513 ;; This function uses a non-reentrant model
  6514 ;;
  6515                           
  6516                           	psect	text22
  6517   003450                     __ptext22:
  6518                           	callstack 0
  6519   003450                     _UART1_Init:
  6520                           	callstack 18
  6521   003450                     
  6522                           ;system.c: 135:   RCSTA1bits.SPEN = 0;
  6523   003450  9EAC               	bcf	172,7,c	;volatile
  6524                           
  6525                           ;system.c: 136:   TXSTA1bits.TXEN = 0;
  6526   003452  9AAD               	bcf	173,5,c	;volatile
  6527                           
  6528                           ;system.c: 138:   TRISCbits.TRISC7 = 1;
  6529   003454  8E94               	bsf	148,7,c	;volatile
  6530                           
  6531                           ;system.c: 139:   TRISCbits.TRISC6 = 0;
  6532   003456  9C94               	bcf	148,6,c	;volatile
  6533                           
  6534                           ;system.c: 141:   RCSTA1bits.RX9 = 0;
  6535   003458  9CAC               	bcf	172,6,c	;volatile
  6536                           
  6537                           ;system.c: 142:   RCSTA1bits.SREN = 0;
  6538   00345A  9AAC               	bcf	172,5,c	;volatile
  6539                           
  6540                           ;system.c: 144:   TXSTA1bits.CSRC = 1;
  6541   00345C  8EAD               	bsf	173,7,c	;volatile
  6542                           
  6543                           ;system.c: 145:   TXSTA1bits.TX9 = 0;
  6544   00345E  9CAD               	bcf	173,6,c	;volatile
  6545                           
  6546                           ;system.c: 146:   TXSTA1bits.SYNC = 0;
  6547   003460  98AD               	bcf	173,4,c	;volatile
  6548                           
  6549                           ;system.c: 147:   TXSTA1bits.BRGH = 1;
  6550   003462  84AD               	bsf	173,2,c	;volatile
  6551                           
  6552                           ;system.c: 149:   BAUDCON1bits.ABDEN = 0;
  6553   003464  907E               	bcf	126,0,c	;volatile
  6554                           
  6555                           ;system.c: 150:   BAUDCON1bits.RXDTP = 0;
  6556   003466  9A7E               	bcf	126,5,c	;volatile
  6557                           
  6558                           ;system.c: 151:   BAUDCON1bits.TXCKP = 0;
  6559   003468  987E               	bcf	126,4,c	;volatile
  6560                           
  6561                           ;system.c: 152:   BAUDCON1bits.BRG16 = 1;
  6562   00346A  867E               	bsf	126,3,c	;volatile
  6563   00346C                     
  6564                           ;system.c: 155:   uint16_t SPBRG_VAL = (uint16_t)((freq/(4 * 230400L)) + (((freq % (4 * 
      +                          230400L)) >= (2 * 230400L)) ? 0 : -1));
  6565   00346C  0E00               	movlw	0
  6566   00346E  0101               	movlb	1	; () banked
  6567   003470  6F5D               	movwf	___almod@dividend& (0+255),b
  6568   003472  0E6C               	movlw	108
  6569   003474  6F5E               	movwf	(___almod@dividend+1)& (0+255),b
  6570   003476  0EDC               	movlw	220
  6571   003478  6F5F               	movwf	(___almod@dividend+2)& (0+255),b
  6572   00347A  0E02               	movlw	2
  6573   00347C  6F60               	movwf	(___almod@dividend+3)& (0+255),b
  6574   00347E  0E00               	movlw	0
  6575   003480  6F61               	movwf	___almod@divisor& (0+255),b
  6576   003482  0E10               	movlw	16
  6577   003484  6F62               	movwf	(___almod@divisor+1)& (0+255),b
  6578   003486  0E0E               	movlw	14
  6579   003488  6F63               	movwf	(___almod@divisor+2)& (0+255),b
  6580   00348A  0E00               	movlw	0
  6581   00348C  6F64               	movwf	(___almod@divisor+3)& (0+255),b
  6582   00348E  EC97  F016         	call	___almod	;wreg free
  6583   003492  0101               	movlb	1	; () banked
  6584   003494  BF60               	btfsc	(?___almod+3)& (0+255),7,b
  6585   003496  EF5A  F01A         	goto	u4190
  6586   00349A  5160               	movf	(?___almod+3)& (0+255),w,b
  6587   00349C  E109               	bnz	u4191
  6588   00349E  0E08               	movlw	8
  6589   0034A0  5D5E               	subwf	(?___almod+1)& (0+255),w,b
  6590   0034A2  0E07               	movlw	7
  6591   0034A4  595F               	subwfb	(?___almod+2)& (0+255),w,b
  6592   0034A6  B0D8               	btfsc	status,0,c
  6593   0034A8  EF58  F01A         	goto	u4191
  6594   0034AC  EF5A  F01A         	goto	u4190
  6595   0034B0                     u4191:
  6596   0034B0  EF60  F01A         	goto	l4658
  6597   0034B4                     u4190:
  6598   0034B4                     
  6599                           ; BSR set to: 1
  6600   0034B4  696B               	setf	_UART1_Init$828& (0+255),b
  6601   0034B6  696C               	setf	(_UART1_Init$828+1)& (0+255),b
  6602   0034B8  696D               	setf	(_UART1_Init$828+2)& (0+255),b
  6603   0034BA  696E               	setf	(_UART1_Init$828+3)& (0+255),b
  6604   0034BC  EF68  F01A         	goto	l4660
  6605   0034C0                     l4658:
  6606                           
  6607                           ; BSR set to: 1
  6608   0034C0  0E00               	movlw	0
  6609   0034C2  6F6B               	movwf	_UART1_Init$828& (0+255),b
  6610   0034C4  0E00               	movlw	0
  6611   0034C6  6F6C               	movwf	(_UART1_Init$828+1)& (0+255),b
  6612   0034C8  0E00               	movlw	0
  6613   0034CA  6F6D               	movwf	(_UART1_Init$828+2)& (0+255),b
  6614   0034CC  0E00               	movlw	0
  6615   0034CE  6F6E               	movwf	(_UART1_Init$828+3)& (0+255),b
  6616   0034D0                     l4660:
  6617                           
  6618                           ; BSR set to: 1
  6619   0034D0  0E00               	movlw	0
  6620   0034D2  6F5D               	movwf	___aldiv@dividend& (0+255),b
  6621   0034D4  0E6C               	movlw	108
  6622   0034D6  6F5E               	movwf	(___aldiv@dividend+1)& (0+255),b
  6623   0034D8  0EDC               	movlw	220
  6624   0034DA  6F5F               	movwf	(___aldiv@dividend+2)& (0+255),b
  6625   0034DC  0E02               	movlw	2
  6626   0034DE  6F60               	movwf	(___aldiv@dividend+3)& (0+255),b
  6627   0034E0  0E00               	movlw	0
  6628   0034E2  6F61               	movwf	___aldiv@divisor& (0+255),b
  6629   0034E4  0E10               	movlw	16
  6630   0034E6  6F62               	movwf	(___aldiv@divisor+1)& (0+255),b
  6631   0034E8  0E0E               	movlw	14
  6632   0034EA  6F63               	movwf	(___aldiv@divisor+2)& (0+255),b
  6633   0034EC  0E00               	movlw	0
  6634   0034EE  6F64               	movwf	(___aldiv@divisor+3)& (0+255),b
  6635   0034F0  EC11  F016         	call	___aldiv	;wreg free
  6636   0034F4  0101               	movlb	1	; () banked
  6637   0034F6  516B               	movf	_UART1_Init$828& (0+255),w,b
  6638   0034F8  255D               	addwf	?___aldiv& (0+255),w,b
  6639   0034FA  6F6F               	movwf	UART1_Init@SPBRG_VAL& (0+255),b
  6640   0034FC  516C               	movf	(_UART1_Init$828+1)& (0+255),w,b
  6641   0034FE  215E               	addwfc	(?___aldiv+1)& (0+255),w,b
  6642   003500  6F70               	movwf	(UART1_Init@SPBRG_VAL+1)& (0+255),b
  6643   003502                     
  6644                           ; BSR set to: 1
  6645                           ;system.c: 157:   SPBRGH1 = (uint8_t)(SPBRG_VAL >> 8);
  6646   003502  5170               	movf	(UART1_Init@SPBRG_VAL+1)& (0+255),w,b
  6647   003504  6E7F               	movwf	127,c	;volatile
  6648   003506                     
  6649                           ; BSR set to: 1
  6650                           ;system.c: 158:   SPBRG1 = (uint8_t)(SPBRG_VAL);
  6651   003506  C16F  FFB0         	movff	UART1_Init@SPBRG_VAL,4016	;volatile
  6652   00350A                     
  6653                           ; BSR set to: 1
  6654                           ;system.c: 160:   TXSTA1bits.TXEN = 1;
  6655   00350A  8AAD               	bsf	173,5,c	;volatile
  6656   00350C                     
  6657                           ; BSR set to: 1
  6658                           ;system.c: 161:   RCSTA1bits.CREN = 1;
  6659   00350C  88AC               	bsf	172,4,c	;volatile
  6660   00350E                     
  6661                           ; BSR set to: 1
  6662                           ;system.c: 164:   PIE1bits.TX1IE = 0;
  6663   00350E  989D               	bcf	157,4,c	;volatile
  6664   003510                     
  6665                           ; BSR set to: 1
  6666                           ;system.c: 165:   PIE1bits.RC1IE = 1;
  6667   003510  8A9D               	bsf	157,5,c	;volatile
  6668   003512                     
  6669                           ; BSR set to: 1
  6670                           ;system.c: 167:   IPR1bits.RCIP = 0;
  6671   003512  9A9F               	bcf	159,5,c	;volatile
  6672   003514                     
  6673                           ; BSR set to: 1
  6674                           ;system.c: 168:   IPR1bits.TXIP = 0;
  6675   003514  989F               	bcf	159,4,c	;volatile
  6676   003516                     
  6677                           ; BSR set to: 1
  6678                           ;system.c: 170:   RCSTA1bits.SPEN = 1;
  6679   003516  8EAC               	bsf	172,7,c	;volatile
  6680   003518                     
  6681                           ; BSR set to: 1
  6682   003518  0012               	return		;funcret
  6683   00351A                     __end_of_UART1_Init:
  6684                           	callstack 0
  6685                           
  6686 ;; *************** function ___almod *****************
  6687 ;; Defined at:
  6688 ;;		line 7 in file "C:\Program Files\Microchip\xc8\v4.00\pic\sources\c99\common\almod.c"
  6689 ;; Parameters:    Size  Location     Type
  6690 ;;  dividend        4    0[BANK1 ] long 
  6691 ;;  divisor         4    4[BANK1 ] long 
  6692 ;; Auto vars:     Size  Location     Type
  6693 ;;  sign            1    9[BANK1 ] unsigned char 
  6694 ;;  counter         1    8[BANK1 ] unsigned char 
  6695 ;; Return value:  Size  Location     Type
  6696 ;;                  4    0[BANK1 ] long 
  6697 ;; Registers used:
  6698 ;;		wreg, status,2, status,0
  6699 ;; Tracked objects:
  6700 ;;		On entry : 0/0
  6701 ;;		On exit  : 0/0
  6702 ;;		Unchanged: 0/0
  6703 ;; Data sizes:     COMRAM   BANK0   BANK1   BANK2   BANK3   BANK4   BANK5   BANK6   BANK7   BANK8   BANK9  BANK10  BANK1
      +1  BANK12  BANK13  BANK14
  6704 ;;      Params:         0       0       8       0       0       0       0       0       0       0       0       0       
      +0       0       0       0
  6705 ;;      Locals:         0       0       2       0       0       0       0       0       0       0       0       0       
      +0       0       0       0
  6706 ;;      Temps:          0       0       0       0       0       0       0       0       0       0       0       0       
      +0       0       0       0
  6707 ;;      Totals:         0       0      10       0       0       0       0       0       0       0       0       0       
      +0       0       0       0
  6708 ;;Total ram usage:       10 bytes
  6709 ;; Hardware stack levels used: 1
  6710 ;; Hardware stack levels required when called: 10
  6711 ;; This function calls:
  6712 ;;		Nothing
  6713 ;; This function is called by:
  6714 ;;		_UART1_Init
  6715 ;;		_dtoa
  6716 ;; This function uses a non-reentrant model
  6717 ;;
  6718                           
  6719                           	psect	text23
  6720   002D2E                     __ptext23:
  6721                           	callstack 0
  6722   002D2E                     ___almod:
  6723                           	callstack 16
  6724   002D2E  0101               	movlb	1	; () banked
  6725   002D30  6B66               	clrf	___almod@sign& (0+255),b
  6726   002D32                     
  6727                           ; BSR set to: 1
  6728   002D32  BF60               	btfsc	(___almod@dividend+3)& (0+255),7,b
  6729   002D34  EFA0  F016         	goto	u3420
  6730   002D38  EF9E  F016         	goto	u3421
  6731   002D3C                     u3421:
  6732   002D3C  EFAA  F016         	goto	l4128
  6733   002D40                     u3420:
  6734   002D40                     
  6735                           ; BSR set to: 1
  6736   002D40  1F60               	comf	(___almod@dividend+3)& (0+255),f,b
  6737   002D42  1F5F               	comf	(___almod@dividend+2)& (0+255),f,b
  6738   002D44  1F5E               	comf	(___almod@dividend+1)& (0+255),f,b
  6739   002D46  6D5D               	negf	___almod@dividend& (0+255),b
  6740   002D48  0E00               	movlw	0
  6741   002D4A  235E               	addwfc	(___almod@dividend+1)& (0+255),f,b
  6742   002D4C  235F               	addwfc	(___almod@dividend+2)& (0+255),f,b
  6743   002D4E  2360               	addwfc	(___almod@dividend+3)& (0+255),f,b
  6744   002D50                     
  6745                           ; BSR set to: 1
  6746   002D50  0E01               	movlw	1
  6747   002D52  6F66               	movwf	___almod@sign& (0+255),b
  6748   002D54                     l4128:
  6749                           
  6750                           ; BSR set to: 1
  6751   002D54  BF64               	btfsc	(___almod@divisor+3)& (0+255),7,b
  6752   002D56  EFB1  F016         	goto	u3430
  6753   002D5A  EFAF  F016         	goto	u3431
  6754   002D5E                     u3431:
  6755   002D5E  EFB9  F016         	goto	l4132
  6756   002D62                     u3430:
  6757   002D62                     
  6758                           ; BSR set to: 1
  6759   002D62  1F64               	comf	(___almod@divisor+3)& (0+255),f,b
  6760   002D64  1F63               	comf	(___almod@divisor+2)& (0+255),f,b
  6761   002D66  1F62               	comf	(___almod@divisor+1)& (0+255),f,b
  6762   002D68  6D61               	negf	___almod@divisor& (0+255),b
  6763   002D6A  0E00               	movlw	0
  6764   002D6C  2362               	addwfc	(___almod@divisor+1)& (0+255),f,b
  6765   002D6E  2363               	addwfc	(___almod@divisor+2)& (0+255),f,b
  6766   002D70  2364               	addwfc	(___almod@divisor+3)& (0+255),f,b
  6767   002D72                     l4132:
  6768                           
  6769                           ; BSR set to: 1
  6770   002D72  5161               	movf	___almod@divisor& (0+255),w,b
  6771   002D74  1162               	iorwf	(___almod@divisor+1)& (0+255),w,b
  6772   002D76  1163               	iorwf	(___almod@divisor+2)& (0+255),w,b
  6773   002D78  1164               	iorwf	(___almod@divisor+3)& (0+255),w,b
  6774   002D7A  B4D8               	btfsc	status,2,c
  6775   002D7C  EFC2  F016         	goto	u3441
  6776   002D80  EFC4  F016         	goto	u3440
  6777   002D84                     u3441:
  6778   002D84  EFF4  F016         	goto	l4148
  6779   002D88                     u3440:
  6780   002D88                     
  6781                           ; BSR set to: 1
  6782   002D88  0E01               	movlw	1
  6783   002D8A  6F65               	movwf	___almod@counter& (0+255),b
  6784   002D8C  EFCE  F016         	goto	l4138
  6785   002D90                     l4136:
  6786                           
  6787                           ; BSR set to: 1
  6788   002D90  90D8               	bcf	status,0,c
  6789   002D92  3761               	rlcf	___almod@divisor& (0+255),f,b
  6790   002D94  3762               	rlcf	(___almod@divisor+1)& (0+255),f,b
  6791   002D96  3763               	rlcf	(___almod@divisor+2)& (0+255),f,b
  6792   002D98  3764               	rlcf	(___almod@divisor+3)& (0+255),f,b
  6793   002D9A  2B65               	incf	___almod@counter& (0+255),f,b
  6794   002D9C                     l4138:
  6795                           
  6796                           ; BSR set to: 1
  6797   002D9C  AF64               	btfss	(___almod@divisor+3)& (0+255),7,b
  6798   002D9E  EFD3  F016         	goto	u3451
  6799   002DA2  EFD5  F016         	goto	u3450
  6800   002DA6                     u3451:
  6801   002DA6  EFC8  F016         	goto	l4136
  6802   002DAA                     u3450:
  6803   002DAA                     l4140:
  6804                           
  6805                           ; BSR set to: 1
  6806   002DAA  5161               	movf	___almod@divisor& (0+255),w,b
  6807   002DAC  5D5D               	subwf	___almod@dividend& (0+255),w,b
  6808   002DAE  5162               	movf	(___almod@divisor+1)& (0+255),w,b
  6809   002DB0  595E               	subwfb	(___almod@dividend+1)& (0+255),w,b
  6810   002DB2  5163               	movf	(___almod@divisor+2)& (0+255),w,b
  6811   002DB4  595F               	subwfb	(___almod@dividend+2)& (0+255),w,b
  6812   002DB6  5164               	movf	(___almod@divisor+3)& (0+255),w,b
  6813   002DB8  5960               	subwfb	(___almod@dividend+3)& (0+255),w,b
  6814   002DBA  A0D8               	btfss	status,0,c
  6815   002DBC  EFE2  F016         	goto	u3461
  6816   002DC0  EFE4  F016         	goto	u3460
  6817   002DC4                     u3461:
  6818   002DC4  EFEC  F016         	goto	l4144
  6819   002DC8                     u3460:
  6820   002DC8                     
  6821                           ; BSR set to: 1
  6822   002DC8  5161               	movf	___almod@divisor& (0+255),w,b
  6823   002DCA  5F5D               	subwf	___almod@dividend& (0+255),f,b
  6824   002DCC  5162               	movf	(___almod@divisor+1)& (0+255),w,b
  6825   002DCE  5B5E               	subwfb	(___almod@dividend+1)& (0+255),f,b
  6826   002DD0  5163               	movf	(___almod@divisor+2)& (0+255),w,b
  6827   002DD2  5B5F               	subwfb	(___almod@dividend+2)& (0+255),f,b
  6828   002DD4  5164               	movf	(___almod@divisor+3)& (0+255),w,b
  6829   002DD6  5B60               	subwfb	(___almod@dividend+3)& (0+255),f,b
  6830   002DD8                     l4144:
  6831                           
  6832                           ; BSR set to: 1
  6833   002DD8  90D8               	bcf	status,0,c
  6834   002DDA  3364               	rrcf	(___almod@divisor+3)& (0+255),f,b
  6835   002DDC  3363               	rrcf	(___almod@divisor+2)& (0+255),f,b
  6836   002DDE  3362               	rrcf	(___almod@divisor+1)& (0+255),f,b
  6837   002DE0  3361               	rrcf	___almod@divisor& (0+255),f,b
  6838   002DE2                     
  6839                           ; BSR set to: 1
  6840   002DE2  2F65               	decfsz	___almod@counter& (0+255),f,b
  6841   002DE4  EFD5  F016         	goto	l4140
  6842   002DE8                     l4148:
  6843                           
  6844                           ; BSR set to: 1
  6845   002DE8  5166               	movf	___almod@sign& (0+255),w,b
  6846   002DEA  B4D8               	btfsc	status,2,c
  6847   002DEC  EFFA  F016         	goto	u3471
  6848   002DF0  EFFC  F016         	goto	u3470
  6849   002DF4                     u3471:
  6850   002DF4  EF04  F017         	goto	l4152
  6851   002DF8                     u3470:
  6852   002DF8                     
  6853                           ; BSR set to: 1
  6854   002DF8  1F60               	comf	(___almod@dividend+3)& (0+255),f,b
  6855   002DFA  1F5F               	comf	(___almod@dividend+2)& (0+255),f,b
  6856   002DFC  1F5E               	comf	(___almod@dividend+1)& (0+255),f,b
  6857   002DFE  6D5D               	negf	___almod@dividend& (0+255),b
  6858   002E00  0E00               	movlw	0
  6859   002E02  235E               	addwfc	(___almod@dividend+1)& (0+255),f,b
  6860   002E04  235F               	addwfc	(___almod@dividend+2)& (0+255),f,b
  6861   002E06  2360               	addwfc	(___almod@dividend+3)& (0+255),f,b
  6862   002E08                     l4152:
  6863                           
  6864                           ; BSR set to: 1
  6865   002E08  C15D  F15D         	movff	___almod@dividend,?___almod
  6866   002E0C  C15E  F15E         	movff	___almod@dividend+1,?___almod+1
  6867   002E10  C15F  F15F         	movff	___almod@dividend+2,?___almod+2
  6868   002E14  C160  F160         	movff	___almod@dividend+3,?___almod+3
  6869   002E18                     
  6870                           ; BSR set to: 1
  6871   002E18  0012               	return		;funcret
  6872   002E1A                     __end_of___almod:
  6873                           	callstack 0
  6874                           
  6875 ;; *************** function ___aldiv *****************
  6876 ;; Defined at:
  6877 ;;		line 7 in file "C:\Program Files\Microchip\xc8\v4.00\pic\sources\c99\common\aldiv.c"
  6878 ;; Parameters:    Size  Location     Type
  6879 ;;  dividend        4    0[BANK1 ] long 
  6880 ;;  divisor         4    4[BANK1 ] long 
  6881 ;; Auto vars:     Size  Location     Type
  6882 ;;  quotient        4   10[BANK1 ] long 
  6883 ;;  sign            1    9[BANK1 ] unsigned char 
  6884 ;;  counter         1    8[BANK1 ] unsigned char 
  6885 ;; Return value:  Size  Location     Type
  6886 ;;                  4    0[BANK1 ] long 
  6887 ;; Registers used:
  6888 ;;		wreg, status,2, status,0
  6889 ;; Tracked objects:
  6890 ;;		On entry : 0/0
  6891 ;;		On exit  : 0/0
  6892 ;;		Unchanged: 0/0
  6893 ;; Data sizes:     COMRAM   BANK0   BANK1   BANK2   BANK3   BANK4   BANK5   BANK6   BANK7   BANK8   BANK9  BANK10  BANK1
      +1  BANK12  BANK13  BANK14
  6894 ;;      Params:         0       0       8       0       0       0       0       0       0       0       0       0       
      +0       0       0       0
  6895 ;;      Locals:         0       0       6       0       0       0       0       0       0       0       0       0       
      +0       0       0       0
  6896 ;;      Temps:          0       0       0       0       0       0       0       0       0       0       0       0       
      +0       0       0       0
  6897 ;;      Totals:         0       0      14       0       0       0       0       0       0       0       0       0       
      +0       0       0       0
  6898 ;;Total ram usage:       14 bytes
  6899 ;; Hardware stack levels used: 1
  6900 ;; Hardware stack levels required when called: 10
  6901 ;; This function calls:
  6902 ;;		Nothing
  6903 ;; This function is called by:
  6904 ;;		_UART1_Init
  6905 ;;		_dtoa
  6906 ;; This function uses a non-reentrant model
  6907 ;;
  6908                           
  6909                           	psect	text24
  6910   002C22                     __ptext24:
  6911                           	callstack 0
  6912   002C22                     ___aldiv:
  6913                           	callstack 16
  6914   002C22  0101               	movlb	1	; () banked
  6915   002C24  6B66               	clrf	___aldiv@sign& (0+255),b
  6916   002C26                     
  6917                           ; BSR set to: 1
  6918   002C26  BF64               	btfsc	(___aldiv@divisor+3)& (0+255),7,b
  6919   002C28  EF1A  F016         	goto	u3360
  6920   002C2C  EF18  F016         	goto	u3361
  6921   002C30                     u3361:
  6922   002C30  EF24  F016         	goto	l4084
  6923   002C34                     u3360:
  6924   002C34                     
  6925                           ; BSR set to: 1
  6926   002C34  1F64               	comf	(___aldiv@divisor+3)& (0+255),f,b
  6927   002C36  1F63               	comf	(___aldiv@divisor+2)& (0+255),f,b
  6928   002C38  1F62               	comf	(___aldiv@divisor+1)& (0+255),f,b
  6929   002C3A  6D61               	negf	___aldiv@divisor& (0+255),b
  6930   002C3C  0E00               	movlw	0
  6931   002C3E  2362               	addwfc	(___aldiv@divisor+1)& (0+255),f,b
  6932   002C40  2363               	addwfc	(___aldiv@divisor+2)& (0+255),f,b
  6933   002C42  2364               	addwfc	(___aldiv@divisor+3)& (0+255),f,b
  6934   002C44                     
  6935                           ; BSR set to: 1
  6936   002C44  0E01               	movlw	1
  6937   002C46  6F66               	movwf	___aldiv@sign& (0+255),b
  6938   002C48                     l4084:
  6939                           
  6940                           ; BSR set to: 1
  6941   002C48  BF60               	btfsc	(___aldiv@dividend+3)& (0+255),7,b
  6942   002C4A  EF2B  F016         	goto	u3370
  6943   002C4E  EF29  F016         	goto	u3371
  6944   002C52                     u3371:
  6945   002C52  EF35  F016         	goto	l4090
  6946   002C56                     u3370:
  6947   002C56                     
  6948                           ; BSR set to: 1
  6949   002C56  1F60               	comf	(___aldiv@dividend+3)& (0+255),f,b
  6950   002C58  1F5F               	comf	(___aldiv@dividend+2)& (0+255),f,b
  6951   002C5A  1F5E               	comf	(___aldiv@dividend+1)& (0+255),f,b
  6952   002C5C  6D5D               	negf	___aldiv@dividend& (0+255),b
  6953   002C5E  0E00               	movlw	0
  6954   002C60  235E               	addwfc	(___aldiv@dividend+1)& (0+255),f,b
  6955   002C62  235F               	addwfc	(___aldiv@dividend+2)& (0+255),f,b
  6956   002C64  2360               	addwfc	(___aldiv@dividend+3)& (0+255),f,b
  6957   002C66                     
  6958                           ; BSR set to: 1
  6959   002C66  0E01               	movlw	1
  6960   002C68  1B66               	xorwf	___aldiv@sign& (0+255),f,b
  6961   002C6A                     l4090:
  6962                           
  6963                           ; BSR set to: 1
  6964   002C6A  0E00               	movlw	0
  6965   002C6C  6F67               	movwf	___aldiv@quotient& (0+255),b
  6966   002C6E  0E00               	movlw	0
  6967   002C70  6F68               	movwf	(___aldiv@quotient+1)& (0+255),b
  6968   002C72  0E00               	movlw	0
  6969   002C74  6F69               	movwf	(___aldiv@quotient+2)& (0+255),b
  6970   002C76  0E00               	movlw	0
  6971   002C78  6F6A               	movwf	(___aldiv@quotient+3)& (0+255),b
  6972   002C7A                     
  6973                           ; BSR set to: 1
  6974   002C7A  5161               	movf	___aldiv@divisor& (0+255),w,b
  6975   002C7C  1162               	iorwf	(___aldiv@divisor+1)& (0+255),w,b
  6976   002C7E  1163               	iorwf	(___aldiv@divisor+2)& (0+255),w,b
  6977   002C80  1164               	iorwf	(___aldiv@divisor+3)& (0+255),w,b
  6978   002C82  B4D8               	btfsc	status,2,c
  6979   002C84  EF46  F016         	goto	u3381
  6980   002C88  EF48  F016         	goto	u3380
  6981   002C8C                     u3381:
  6982   002C8C  EF7E  F016         	goto	l4112
  6983   002C90                     u3380:
  6984   002C90                     
  6985                           ; BSR set to: 1
  6986   002C90  0E01               	movlw	1
  6987   002C92  6F65               	movwf	___aldiv@counter& (0+255),b
  6988   002C94  EF52  F016         	goto	l4098
  6989   002C98                     l4096:
  6990                           
  6991                           ; BSR set to: 1
  6992   002C98  90D8               	bcf	status,0,c
  6993   002C9A  3761               	rlcf	___aldiv@divisor& (0+255),f,b
  6994   002C9C  3762               	rlcf	(___aldiv@divisor+1)& (0+255),f,b
  6995   002C9E  3763               	rlcf	(___aldiv@divisor+2)& (0+255),f,b
  6996   002CA0  3764               	rlcf	(___aldiv@divisor+3)& (0+255),f,b
  6997   002CA2  2B65               	incf	___aldiv@counter& (0+255),f,b
  6998   002CA4                     l4098:
  6999                           
  7000                           ; BSR set to: 1
  7001   002CA4  AF64               	btfss	(___aldiv@divisor+3)& (0+255),7,b
  7002   002CA6  EF57  F016         	goto	u3391
  7003   002CAA  EF59  F016         	goto	u3390
  7004   002CAE                     u3391:
  7005   002CAE  EF4C  F016         	goto	l4096
  7006   002CB2                     u3390:
  7007   002CB2                     l4100:
  7008                           
  7009                           ; BSR set to: 1
  7010   002CB2  90D8               	bcf	status,0,c
  7011   002CB4  3767               	rlcf	___aldiv@quotient& (0+255),f,b
  7012   002CB6  3768               	rlcf	(___aldiv@quotient+1)& (0+255),f,b
  7013   002CB8  3769               	rlcf	(___aldiv@quotient+2)& (0+255),f,b
  7014   002CBA  376A               	rlcf	(___aldiv@quotient+3)& (0+255),f,b
  7015   002CBC                     
  7016                           ; BSR set to: 1
  7017   002CBC  5161               	movf	___aldiv@divisor& (0+255),w,b
  7018   002CBE  5D5D               	subwf	___aldiv@dividend& (0+255),w,b
  7019   002CC0  5162               	movf	(___aldiv@divisor+1)& (0+255),w,b
  7020   002CC2  595E               	subwfb	(___aldiv@dividend+1)& (0+255),w,b
  7021   002CC4  5163               	movf	(___aldiv@divisor+2)& (0+255),w,b
  7022   002CC6  595F               	subwfb	(___aldiv@dividend+2)& (0+255),w,b
  7023   002CC8  5164               	movf	(___aldiv@divisor+3)& (0+255),w,b
  7024   002CCA  5960               	subwfb	(___aldiv@dividend+3)& (0+255),w,b
  7025   002CCC  A0D8               	btfss	status,0,c
  7026   002CCE  EF6B  F016         	goto	u3401
  7027   002CD2  EF6D  F016         	goto	u3400
  7028   002CD6                     u3401:
  7029   002CD6  EF76  F016         	goto	l4108
  7030   002CDA                     u3400:
  7031   002CDA                     
  7032                           ; BSR set to: 1
  7033   002CDA  5161               	movf	___aldiv@divisor& (0+255),w,b
  7034   002CDC  5F5D               	subwf	___aldiv@dividend& (0+255),f,b
  7035   002CDE  5162               	movf	(___aldiv@divisor+1)& (0+255),w,b
  7036   002CE0  5B5E               	subwfb	(___aldiv@dividend+1)& (0+255),f,b
  7037   002CE2  5163               	movf	(___aldiv@divisor+2)& (0+255),w,b
  7038   002CE4  5B5F               	subwfb	(___aldiv@dividend+2)& (0+255),f,b
  7039   002CE6  5164               	movf	(___aldiv@divisor+3)& (0+255),w,b
  7040   002CE8  5B60               	subwfb	(___aldiv@dividend+3)& (0+255),f,b
  7041   002CEA                     
  7042                           ; BSR set to: 1
  7043   002CEA  8167               	bsf	___aldiv@quotient& (0+255),0,b
  7044   002CEC                     l4108:
  7045                           
  7046                           ; BSR set to: 1
  7047   002CEC  90D8               	bcf	status,0,c
  7048   002CEE  3364               	rrcf	(___aldiv@divisor+3)& (0+255),f,b
  7049   002CF0  3363               	rrcf	(___aldiv@divisor+2)& (0+255),f,b
  7050   002CF2  3362               	rrcf	(___aldiv@divisor+1)& (0+255),f,b
  7051   002CF4  3361               	rrcf	___aldiv@divisor& (0+255),f,b
  7052   002CF6                     
  7053                           ; BSR set to: 1
  7054   002CF6  2F65               	decfsz	___aldiv@counter& (0+255),f,b
  7055   002CF8  EF59  F016         	goto	l4100
  7056   002CFC                     l4112:
  7057                           
  7058                           ; BSR set to: 1
  7059   002CFC  5166               	movf	___aldiv@sign& (0+255),w,b
  7060   002CFE  B4D8               	btfsc	status,2,c
  7061   002D00  EF84  F016         	goto	u3411
  7062   002D04  EF86  F016         	goto	u3410
  7063   002D08                     u3411:
  7064   002D08  EF8E  F016         	goto	l4116
  7065   002D0C                     u3410:
  7066   002D0C                     
  7067                           ; BSR set to: 1
  7068   002D0C  1F6A               	comf	(___aldiv@quotient+3)& (0+255),f,b
  7069   002D0E  1F69               	comf	(___aldiv@quotient+2)& (0+255),f,b
  7070   002D10  1F68               	comf	(___aldiv@quotient+1)& (0+255),f,b
  7071   002D12  6D67               	negf	___aldiv@quotient& (0+255),b
  7072   002D14  0E00               	movlw	0
  7073   002D16  2368               	addwfc	(___aldiv@quotient+1)& (0+255),f,b
  7074   002D18  2369               	addwfc	(___aldiv@quotient+2)& (0+255),f,b
  7075   002D1A  236A               	addwfc	(___aldiv@quotient+3)& (0+255),f,b
  7076   002D1C                     l4116:
  7077                           
  7078                           ; BSR set to: 1
  7079   002D1C  C167  F15D         	movff	___aldiv@quotient,?___aldiv
  7080   002D20  C168  F15E         	movff	___aldiv@quotient+1,?___aldiv+1
  7081   002D24  C169  F15F         	movff	___aldiv@quotient+2,?___aldiv+2
  7082   002D28  C16A  F160         	movff	___aldiv@quotient+3,?___aldiv+3
  7083   002D2C                     
  7084                           ; BSR set to: 1
  7085   002D2C  0012               	return		;funcret
  7086   002D2E                     __end_of___aldiv:
  7087                           	callstack 0
  7088                           
  7089 ;; *************** function _RingBuf_Init *****************
  7090 ;; Defined at:
  7091 ;;		line 12 in file "ringbuf.c"
  7092 ;; Parameters:    Size  Location     Type
  7093 ;;  buf             2    3[BANK1 ] PTR void 
  7094 ;;		 -> TXbuf(200), RXbuf(200), 
  7095 ;;  size            2    5[BANK1 ] unsigned short 
  7096 ;;  cellsize        2    7[BANK1 ] unsigned int 
  7097 ;;  rb              1    9[BANK1 ] PTR volatile struct RING
  7098 ;;		 -> RXringbuf(10), TXringbuf(10), 
  7099 ;; Auto vars:     Size  Location     Type
  7100 ;;		None
  7101 ;; Return value:  Size  Location     Type
  7102 ;;                  1    wreg      enum E691
  7103 ;; Registers used:
  7104 ;;		wreg, fsr1l, fsr1h, fsr2l, fsr2h, status,2, status,0, cstack
  7105 ;; Tracked objects:
  7106 ;;		On entry : 0/0
  7107 ;;		On exit  : 0/0
  7108 ;;		Unchanged: 0/0
  7109 ;; Data sizes:     COMRAM   BANK0   BANK1   BANK2   BANK3   BANK4   BANK5   BANK6   BANK7   BANK8   BANK9  BANK10  BANK1
      +1  BANK12  BANK13  BANK14
  7110 ;;      Params:         0       0       7       0       0       0       0       0       0       0       0       0       
      +0       0       0       0
  7111 ;;      Locals:         0       0       0       0       0       0       0       0       0       0       0       0       
      +0       0       0       0
  7112 ;;      Temps:          0       0       0       0       0       0       0       0       0       0       0       0       
      +0       0       0       0
  7113 ;;      Totals:         0       0       7       0       0       0       0       0       0       0       0       0       
      +0       0       0       0
  7114 ;;Total ram usage:        7 bytes
  7115 ;; Hardware stack levels used: 1
  7116 ;; Hardware stack levels required when called: 11
  7117 ;; This function calls:
  7118 ;;		_RingBuf_Clear
  7119 ;; This function is called by:
  7120 ;;		_dbio_init
  7121 ;; This function uses a non-reentrant model
  7122 ;;
  7123                           
  7124                           	psect	text25
  7125   004286                     __ptext25:
  7126                           	callstack 0
  7127   004286                     _RingBuf_Init:
  7128                           	callstack 18
  7129   004286                     
  7130                           ;ringbuf.c: 13:     rb->size = size;
  7131   004286  0101               	movlb	1	; () banked
  7132   004288  5166               	movf	RingBuf_Init@rb& (0+255),w,b
  7133   00428A  6ED9               	movwf	fsr2l,c
  7134   00428C  6ADA               	clrf	fsr2h,c
  7135   00428E  0E06               	movlw	6
  7136   004290  26D9               	addwf	fsr2l,f,c
  7137   004292  C162  FFDE         	movff	RingBuf_Init@size,postinc2
  7138   004296  C163  FFDD         	movff	RingBuf_Init@size+1,postdec2
  7139                           
  7140                           ;ringbuf.c: 14:     rb->cell_size = cellsize;
  7141   00429A  5166               	movf	RingBuf_Init@rb& (0+255),w,b
  7142   00429C  6ED9               	movwf	fsr2l,c
  7143   00429E  6ADA               	clrf	fsr2h,c
  7144   0042A0  0E08               	movlw	8
  7145   0042A2  26D9               	addwf	fsr2l,f,c
  7146   0042A4  C164  FFDE         	movff	RingBuf_Init@cellsize,postinc2
  7147   0042A8  C165  FFDD         	movff	RingBuf_Init@cellsize+1,postdec2
  7148   0042AC                     
  7149                           ; BSR set to: 1
  7150                           ;ringbuf.c: 15:     rb->buf = buf;
  7151   0042AC  5166               	movf	RingBuf_Init@rb& (0+255),w,b
  7152   0042AE  6ED9               	movwf	fsr2l,c
  7153   0042B0  6ADA               	clrf	fsr2h,c
  7154   0042B2  C160  FFDE         	movff	RingBuf_Init@buf,postinc2
  7155   0042B6  C161  FFDD         	movff	RingBuf_Init@buf+1,postdec2
  7156   0042BA                     
  7157                           ; BSR set to: 1
  7158                           ;ringbuf.c: 16:     RingBuf_Clear(rb);
  7159   0042BA  C166  F15D         	movff	RingBuf_Init@rb,RingBuf_Clear@rb
  7160   0042BE  EC66  F021         	call	_RingBuf_Clear	;wreg free
  7161   0042C2                     
  7162                           ;ringbuf.c: 17:     return rb->buf ? RINGBUF_OK : RINGBUF_PARAM_ERR;
  7163   0042C2  0101               	movlb	1	; () banked
  7164   0042C4  5166               	movf	RingBuf_Init@rb& (0+255),w,b
  7165   0042C6  6ED9               	movwf	fsr2l,c
  7166   0042C8  6ADA               	clrf	fsr2h,c
  7167   0042CA                     
  7168                           ; BSR set to: 1
  7169   0042CA  0012               	return		;funcret
  7170   0042CC                     __end_of_RingBuf_Init:
  7171                           	callstack 0
  7172                           
  7173 ;; *************** function _RingBuf_Clear *****************
  7174 ;; Defined at:
  7175 ;;		line 27 in file "ringbuf.c"
  7176 ;; Parameters:    Size  Location     Type
  7177 ;;  rb              1    0[BANK1 ] PTR volatile struct RING
  7178 ;;		 -> RXringbuf(10), TXringbuf(10), 
  7179 ;; Auto vars:     Size  Location     Type
  7180 ;;		None
  7181 ;; Return value:  Size  Location     Type
  7182 ;;                  1    wreg      enum E691
  7183 ;; Registers used:
  7184 ;;		wreg, fsr1l, fsr1h, fsr2l, fsr2h, status,2, status,0
  7185 ;; Tracked objects:
  7186 ;;		On entry : 0/0
  7187 ;;		On exit  : 0/0
  7188 ;;		Unchanged: 0/0
  7189 ;; Data sizes:     COMRAM   BANK0   BANK1   BANK2   BANK3   BANK4   BANK5   BANK6   BANK7   BANK8   BANK9  BANK10  BANK1
      +1  BANK12  BANK13  BANK14
  7190 ;;      Params:         0       0       1       0       0       0       0       0       0       0       0       0       
      +0       0       0       0
  7191 ;;      Locals:         0       0       0       0       0       0       0       0       0       0       0       0       
      +0       0       0       0
  7192 ;;      Temps:          0       0       2       0       0       0       0       0       0       0       0       0       
      +0       0       0       0
  7193 ;;      Totals:         0       0       3       0       0       0       0       0       0       0       0       0       
      +0       0       0       0
  7194 ;;Total ram usage:        3 bytes
  7195 ;; Hardware stack levels used: 1
  7196 ;; Hardware stack levels required when called: 10
  7197 ;; This function calls:
  7198 ;;		Nothing
  7199 ;; This function is called by:
  7200 ;;		_RingBuf_Init
  7201 ;; This function uses a non-reentrant model
  7202 ;;
  7203                           
  7204                           	psect	text26
  7205   0042CC                     __ptext26:
  7206                           	callstack 0
  7207   0042CC                     _RingBuf_Clear:
  7208                           	callstack 18
  7209   0042CC                     
  7210                           ;ringbuf.c: 28:     if (rb->buf == ((void*)0)) return RINGBUF_PARAM_ERR;
  7211   0042CC  0101               	movlb	1	; () banked
  7212   0042CE  515D               	movf	RingBuf_Clear@rb& (0+255),w,b
  7213   0042D0  6ED9               	movwf	fsr2l,c
  7214   0042D2  6ADA               	clrf	fsr2h,c
  7215   0042D4  50DE               	movf	postinc2,w,c
  7216   0042D6  10DE               	iorwf	postinc2,w,c
  7217   0042D8  A4D8               	btfss	status,2,c
  7218   0042DA  EF71  F021         	goto	u3831
  7219   0042DE  EF73  F021         	goto	u3830
  7220   0042E2                     u3831:
  7221   0042E2  EF75  F021         	goto	l4328
  7222   0042E6                     u3830:
  7223   0042E6  EF85  F021         	goto	l187
  7224   0042EA                     l4328:
  7225                           
  7226                           ; BSR set to: 1
  7227                           ;ringbuf.c: 29:     rb->head = rb->tail = 0;
  7228   0042EA  515D               	movf	RingBuf_Clear@rb& (0+255),w,b
  7229   0042EC  6ED9               	movwf	fsr2l,c
  7230   0042EE  6ADA               	clrf	fsr2h,c
  7231   0042F0  0E02               	movlw	2
  7232   0042F2  26D9               	addwf	fsr2l,f,c
  7233   0042F4  6ADE               	clrf	postinc2,c
  7234   0042F6  6ADD               	clrf	postdec2,c
  7235   0042F8  515D               	movf	RingBuf_Clear@rb& (0+255),w,b
  7236   0042FA  6EE1               	movwf	fsr1l,c
  7237   0042FC  6AE2               	clrf	fsr1h,c
  7238   0042FE  0E04               	movlw	4
  7239   004300  26E1               	addwf	fsr1l,f,c
  7240   004302  CFDE FFE6          	movff	postinc2,postinc1
  7241   004306  CFDD FFE5          	movff	postdec2,postdec1
  7242   00430A                     l187:
  7243                           
  7244                           ; BSR set to: 1
  7245   00430A  0012               	return		;funcret
  7246   00430C                     __end_of_RingBuf_Clear:
  7247                           	callstack 0
  7248                           
  7249 ;; *************** function _dbio_getstring *****************
  7250 ;; Defined at:
  7251 ;;		line 56 in file "dbio.c"
  7252 ;; Parameters:    Size  Location     Type
  7253 ;;  str             2   52[BANK1 ] PTR unsigned char 
  7254 ;;		 -> main@strrx(100), 
  7255 ;;  Nmax            2   54[BANK1 ] unsigned short 
  7256 ;;  timeout         2   56[BANK1 ] unsigned short 
  7257 ;; Auto vars:     Size  Location     Type
  7258 ;;		None
  7259 ;; Return value:  Size  Location     Type
  7260 ;;                  2   52[BANK1 ] short 
  7261 ;; Registers used:
  7262 ;;		wreg, fsr1l, fsr1h, fsr2l, fsr2h, status,2, status,0, prodl, prodh, cstack
  7263 ;; Tracked objects:
  7264 ;;		On entry : 0/0
  7265 ;;		On exit  : 0/0
  7266 ;;		Unchanged: 0/0
  7267 ;; Data sizes:     COMRAM   BANK0   BANK1   BANK2   BANK3   BANK4   BANK5   BANK6   BANK7   BANK8   BANK9  BANK10  BANK1
      +1  BANK12  BANK13  BANK14
  7268 ;;      Params:         0       0       6       0       0       0       0       0       0       0       0       0       
      +0       0       0       0
  7269 ;;      Locals:         0       0       0       0       0       0       0       0       0       0       0       0       
      +0       0       0       0
  7270 ;;      Temps:          0       0       8       0       0       0       0       0       0       0       0       0       
      +0       0       0       0
  7271 ;;      Totals:         0       0      14       0       0       0       0       0       0       0       0       0       
      +0       0       0       0
  7272 ;;Total ram usage:       14 bytes
  7273 ;; Hardware stack levels used: 1
  7274 ;; Hardware stack levels required when called: 13
  7275 ;; This function calls:
  7276 ;;		_RingBuf_Available
  7277 ;;		_RingBuf_DataRead
  7278 ;;		_get_ms
  7279 ;; This function is called by:
  7280 ;;		_main
  7281 ;; This function uses a non-reentrant model
  7282 ;;
  7283                           
  7284                           	psect	text27
  7285   00261E                     __ptext27:
  7286                           	callstack 0
  7287   00261E                     _dbio_getstring:
  7288                           	callstack 17
  7289   00261E                     
  7290                           ;dbio.c: 56: int16_t dbio_getstring(char* str, uint16_t Nmax, uint16_t timeout);dbio.c: 
      +                          57: {;dbio.c: 58:   static uint32_t timetmp = 0;;dbio.c: 59:   static uint16_t buf_len =
      +                           0;;dbio.c: 60:   static uint16_t buf_len_prev = 0;;dbio.c: 62:   if(Nmax > 200) return 
      +                          -1;
  7291   00261E  0101               	movlb	1	; () banked
  7292   002620  5194               	movf	(dbio_getstring@Nmax+1)& (0+255),w,b
  7293   002622  E109               	bnz	u4570
  7294   002624  0EC9               	movlw	201
  7295   002626  5D93               	subwf	dbio_getstring@Nmax& (0+255),w,b
  7296   002628  A0D8               	btfss	status,0,c
  7297   00262A  EF19  F013         	goto	u4571
  7298   00262E  EF1B  F013         	goto	u4570
  7299   002632                     u4571:
  7300   002632  EF1F  F013         	goto	l284
  7301   002636                     u4570:
  7302   002636                     
  7303                           ; BSR set to: 1
  7304   002636  6991               	setf	?_dbio_getstring& (0+255),b
  7305   002638  6992               	setf	(?_dbio_getstring+1)& (0+255),b
  7306   00263A  EFE5  F013         	goto	l285
  7307   00263E                     l284:
  7308                           
  7309                           ; BSR set to: 1
  7310                           ;dbio.c: 64:   INTCONbits.GIE = 0;
  7311   00263E  9EF2               	bcf	242,7,c	;volatile
  7312   002640                     
  7313                           ; BSR set to: 1
  7314                           ;dbio.c: 65:   RingBuf_Available((uint16_t*)&buf_len, &RXringbuf);
  7315   002640  0E5A               	movlw	low dbio_getstring@buf_len
  7316   002642  6F5D               	movwf	RingBuf_Available@len& (0+255),b
  7317   002644  6B5E               	clrf	(RingBuf_Available@len+1)& (0+255),b
  7318   002646  0EDD               	movlw	low _RXringbuf
  7319   002648  6F5F               	movwf	RingBuf_Available@rb& (0+255),b
  7320   00264A  EC0D  F017         	call	_RingBuf_Available	;wreg free
  7321   00264E                     
  7322                           ;dbio.c: 66:   INTCONbits.GIE = 1;
  7323   00264E  8EF2               	bsf	242,7,c	;volatile
  7324   002650                     
  7325                           ;dbio.c: 68:   if(buf_len)
  7326   002650  505A               	movf	dbio_getstring@buf_len^0,w,c
  7327   002652  105B               	iorwf	(dbio_getstring@buf_len+1)^0,w,c
  7328   002654  B4D8               	btfsc	status,2,c
  7329   002656  EF2F  F013         	goto	u4581
  7330   00265A  EF31  F013         	goto	u4580
  7331   00265E                     u4581:
  7332   00265E  EFE0  F013         	goto	l5172
  7333   002662                     u4580:
  7334   002662                     
  7335                           ;dbio.c: 69:   {;dbio.c: 70:     if(buf_len_prev != buf_len)
  7336   002662  505A               	movf	dbio_getstring@buf_len^0,w,c
  7337   002664  1855               	xorwf	dbio_getstring@buf_len_prev^0,w,c
  7338   002666  E109               	bnz	u4590
  7339   002668  505B               	movf	(dbio_getstring@buf_len+1)^0,w,c
  7340   00266A  1856               	xorwf	(dbio_getstring@buf_len_prev+1)^0,w,c
  7341   00266C  B4D8               	btfsc	status,2,c
  7342   00266E  EF3B  F013         	goto	u4591
  7343   002672  EF3D  F013         	goto	u4590
  7344   002676                     u4591:
  7345   002676  EF88  F013         	goto	l5154
  7346   00267A                     u4590:
  7347   00267A                     
  7348                           ;dbio.c: 71:     {;dbio.c: 72:       if(buf_len > (Nmax - 1))
  7349   00267A  0EFF               	movlw	255
  7350   00267C  0101               	movlb	1	; () banked
  7351   00267E  2593               	addwf	dbio_getstring@Nmax& (0+255),w,b
  7352   002680  6F97               	movwf	??_dbio_getstring& (0+255),b
  7353   002682  0EFF               	movlw	255
  7354   002684  2194               	addwfc	(dbio_getstring@Nmax+1)& (0+255),w,b
  7355   002686  6F98               	movwf	(??_dbio_getstring+1)& (0+255),b
  7356   002688  505A               	movf	dbio_getstring@buf_len^0,w,c
  7357   00268A  5D97               	subwf	??_dbio_getstring& (0+255),w,b
  7358   00268C  505B               	movf	(dbio_getstring@buf_len+1)^0,w,c
  7359   00268E  5998               	subwfb	(??_dbio_getstring+1)& (0+255),w,b
  7360   002690  B0D8               	btfsc	status,0,c
  7361   002692  EF4D  F013         	goto	u4601
  7362   002696  EF4F  F013         	goto	u4600
  7363   00269A                     u4601:
  7364   00269A  EF74  F013         	goto	l288
  7365   00269E                     u4600:
  7366   00269E                     
  7367                           ; BSR set to: 1
  7368                           ;dbio.c: 73:       {;dbio.c: 74:         INTCONbits.GIE = 0;
  7369   00269E  9EF2               	bcf	242,7,c	;volatile
  7370   0026A0                     
  7371                           ; BSR set to: 1
  7372                           ;dbio.c: 75:         RingBuf_DataRead(str, Nmax, &RXringbuf);
  7373   0026A0  C191  F185         	movff	dbio_getstring@str,RingBuf_DataRead@data
  7374   0026A4  C192  F186         	movff	dbio_getstring@str+1,RingBuf_DataRead@data+1
  7375   0026A8  C193  F187         	movff	dbio_getstring@Nmax,RingBuf_DataRead@len
  7376   0026AC  C194  F188         	movff	dbio_getstring@Nmax+1,RingBuf_DataRead@len+1
  7377   0026B0  0EDD               	movlw	low _RXringbuf
  7378   0026B2  6F89               	movwf	RingBuf_DataRead@rb& (0+255),b
  7379   0026B4  EC6E  F018         	call	_RingBuf_DataRead	;wreg free
  7380   0026B8                     
  7381                           ;dbio.c: 76:         INTCONbits.GIE = 1;
  7382   0026B8  8EF2               	bsf	242,7,c	;volatile
  7383   0026BA                     
  7384                           ;dbio.c: 78:         buf_len_prev = 0;
  7385   0026BA  6A56               	clrf	(dbio_getstring@buf_len_prev+1)^0,c
  7386   0026BC  0E00               	movlw	0
  7387   0026BE  6E55               	movwf	dbio_getstring@buf_len_prev^0,c
  7388   0026C0                     
  7389                           ;dbio.c: 79:         str[(Nmax-1)] = '\0';
  7390   0026C0  0101               	movlb	1	; () banked
  7391   0026C2  5193               	movf	dbio_getstring@Nmax& (0+255),w,b
  7392   0026C4  2591               	addwf	dbio_getstring@str& (0+255),w,b
  7393   0026C6  6F97               	movwf	??_dbio_getstring& (0+255),b
  7394   0026C8  5194               	movf	(dbio_getstring@Nmax+1)& (0+255),w,b
  7395   0026CA  2192               	addwfc	(dbio_getstring@str+1)& (0+255),w,b
  7396   0026CC  6F98               	movwf	(??_dbio_getstring+1)& (0+255),b
  7397   0026CE  0EFF               	movlw	255
  7398   0026D0  2597               	addwf	??_dbio_getstring& (0+255),w,b
  7399   0026D2  6ED9               	movwf	fsr2l,c
  7400   0026D4  0EFF               	movlw	255
  7401   0026D6  2198               	addwfc	(??_dbio_getstring+1)& (0+255),w,b
  7402   0026D8  6EDA               	movwf	fsr2h,c
  7403   0026DA  6ADF               	clrf	indf2,c
  7404   0026DC                     
  7405                           ; BSR set to: 1
  7406                           ;dbio.c: 80:         return (int)Nmax;
  7407   0026DC  C193  F191         	movff	dbio_getstring@Nmax,?_dbio_getstring
  7408   0026E0  C194  F192         	movff	dbio_getstring@Nmax+1,?_dbio_getstring+1
  7409   0026E4  EFE5  F013         	goto	l285
  7410   0026E8                     l288:
  7411                           
  7412                           ; BSR set to: 1
  7413                           ;dbio.c: 82:       buf_len_prev = buf_len;
  7414   0026E8  C05A  F055         	movff	dbio_getstring@buf_len,dbio_getstring@buf_len_prev
  7415   0026EC  C05B  F056         	movff	dbio_getstring@buf_len+1,dbio_getstring@buf_len_prev+1
  7416   0026F0                     
  7417                           ; BSR set to: 1
  7418                           ;dbio.c: 83:       timetmp = get_ms();
  7419   0026F0  EC4D  F01E         	call	_get_ms	;wreg free
  7420   0026F4  C15D  F047         	movff	?_get_ms,dbio_getstring@timetmp
  7421   0026F8  C15E  F048         	movff	?_get_ms+1,dbio_getstring@timetmp+1
  7422   0026FC  C15F  F049         	movff	?_get_ms+2,dbio_getstring@timetmp+2
  7423   002700  C160  F04A         	movff	?_get_ms+3,dbio_getstring@timetmp+3
  7424   002704                     
  7425                           ;dbio.c: 84:       return 0;
  7426   002704  0101               	movlb	1	; () banked
  7427   002706  6B92               	clrf	(?_dbio_getstring+1)& (0+255),b
  7428   002708  0E00               	movlw	0
  7429   00270A  6F91               	movwf	?_dbio_getstring& (0+255),b
  7430   00270C  EFE5  F013         	goto	l285
  7431   002710                     l5154:
  7432                           
  7433                           ;dbio.c: 86:     if(((get_ms() - timetmp) > timeout))
  7434   002710  EC4D  F01E         	call	_get_ms	;wreg free
  7435   002714  5047               	movf	dbio_getstring@timetmp^0,w,c
  7436   002716  0101               	movlb	1	; () banked
  7437   002718  5D5D               	subwf	?_get_ms& (0+255),w,b
  7438   00271A  6F97               	movwf	??_dbio_getstring& (0+255),b
  7439   00271C  5048               	movf	(dbio_getstring@timetmp+1)^0,w,c
  7440   00271E  595E               	subwfb	(?_get_ms+1)& (0+255),w,b
  7441   002720  6F98               	movwf	(??_dbio_getstring+1)& (0+255),b
  7442   002722  5049               	movf	(dbio_getstring@timetmp+2)^0,w,c
  7443   002724  595F               	subwfb	(?_get_ms+2)& (0+255),w,b
  7444   002726  6F99               	movwf	(??_dbio_getstring+2)& (0+255),b
  7445   002728  504A               	movf	(dbio_getstring@timetmp+3)^0,w,c
  7446   00272A  5960               	subwfb	(?_get_ms+3)& (0+255),w,b
  7447   00272C  6F9A               	movwf	(??_dbio_getstring+3)& (0+255),b
  7448   00272E  5195               	movf	dbio_getstring@timeout& (0+255),w,b
  7449   002730  6F9B               	movwf	(??_dbio_getstring+4)& (0+255),b
  7450   002732  5196               	movf	(dbio_getstring@timeout+1)& (0+255),w,b
  7451   002734  6F9C               	movwf	(??_dbio_getstring+5)& (0+255),b
  7452   002736  6B9D               	clrf	(??_dbio_getstring+6)& (0+255),b
  7453   002738  6B9E               	clrf	(??_dbio_getstring+7)& (0+255),b
  7454   00273A  5197               	movf	??_dbio_getstring& (0+255),w,b
  7455   00273C  5D9B               	subwf	(??_dbio_getstring+4)& (0+255),w,b
  7456   00273E  5198               	movf	(??_dbio_getstring+1)& (0+255),w,b
  7457   002740  599C               	subwfb	(??_dbio_getstring+5)& (0+255),w,b
  7458   002742  5199               	movf	(??_dbio_getstring+2)& (0+255),w,b
  7459   002744  599D               	subwfb	(??_dbio_getstring+6)& (0+255),w,b
  7460   002746  519A               	movf	(??_dbio_getstring+3)& (0+255),w,b
  7461   002748  599E               	subwfb	(??_dbio_getstring+7)& (0+255),w,b
  7462   00274A  B0D8               	btfsc	status,0,c
  7463   00274C  EFAA  F013         	goto	u4611
  7464   002750  EFAC  F013         	goto	u4610
  7465   002754                     u4611:
  7466   002754  EFE0  F013         	goto	l5172
  7467   002758                     u4610:
  7468   002758                     
  7469                           ; BSR set to: 1
  7470                           ;dbio.c: 87:     {;dbio.c: 88:       buf_len = (buf_len > Nmax) ? Nmax : buf_len;
  7471   002758  505A               	movf	dbio_getstring@buf_len^0,w,c
  7472   00275A  5D93               	subwf	dbio_getstring@Nmax& (0+255),w,b
  7473   00275C  505B               	movf	(dbio_getstring@buf_len+1)^0,w,c
  7474   00275E  5994               	subwfb	(dbio_getstring@Nmax+1)& (0+255),w,b
  7475   002760  A0D8               	btfss	status,0,c
  7476   002762  EFB5  F013         	goto	u4621
  7477   002766  EFB7  F013         	goto	u4620
  7478   00276A                     u4621:
  7479   00276A  EFBD  F013         	goto	l291
  7480   00276E                     u4620:
  7481   00276E                     
  7482                           ; BSR set to: 1
  7483   00276E  C05A  F05A         	movff	dbio_getstring@buf_len,dbio_getstring@buf_len
  7484   002772  C05B  F05B         	movff	dbio_getstring@buf_len+1,dbio_getstring@buf_len+1
  7485   002776  EFC1  F013         	goto	l293
  7486   00277A                     l291:
  7487                           
  7488                           ; BSR set to: 1
  7489   00277A  C193  F05A         	movff	dbio_getstring@Nmax,dbio_getstring@buf_len
  7490   00277E  C194  F05B         	movff	dbio_getstring@Nmax+1,dbio_getstring@buf_len+1
  7491   002782                     l293:
  7492                           
  7493                           ; BSR set to: 1
  7494                           ;dbio.c: 89:       INTCONbits.GIE = 0;
  7495   002782  9EF2               	bcf	242,7,c	;volatile
  7496   002784                     
  7497                           ; BSR set to: 1
  7498                           ;dbio.c: 90:       RingBuf_DataRead(str, buf_len, &RXringbuf);
  7499   002784  C191  F185         	movff	dbio_getstring@str,RingBuf_DataRead@data
  7500   002788  C192  F186         	movff	dbio_getstring@str+1,RingBuf_DataRead@data+1
  7501   00278C  C05A  F187         	movff	dbio_getstring@buf_len,RingBuf_DataRead@len
  7502   002790  C05B  F188         	movff	dbio_getstring@buf_len+1,RingBuf_DataRead@len+1
  7503   002794  0EDD               	movlw	low _RXringbuf
  7504   002796  6F89               	movwf	RingBuf_DataRead@rb& (0+255),b
  7505   002798  EC6E  F018         	call	_RingBuf_DataRead	;wreg free
  7506   00279C                     
  7507                           ;dbio.c: 91:       INTCONbits.GIE = 1;
  7508   00279C  8EF2               	bsf	242,7,c	;volatile
  7509   00279E                     
  7510                           ;dbio.c: 92:       str[buf_len] = '\0';
  7511   00279E  505A               	movf	dbio_getstring@buf_len^0,w,c
  7512   0027A0  0101               	movlb	1	; () banked
  7513   0027A2  2591               	addwf	dbio_getstring@str& (0+255),w,b
  7514   0027A4  6ED9               	movwf	fsr2l,c
  7515   0027A6  505B               	movf	(dbio_getstring@buf_len+1)^0,w,c
  7516   0027A8  2192               	addwfc	(dbio_getstring@str+1)& (0+255),w,b
  7517   0027AA  6EDA               	movwf	fsr2h,c
  7518   0027AC  6ADF               	clrf	indf2,c
  7519   0027AE                     
  7520                           ; BSR set to: 1
  7521                           ;dbio.c: 93:       buf_len_prev = 0;
  7522   0027AE  6A56               	clrf	(dbio_getstring@buf_len_prev+1)^0,c
  7523   0027B0  0E00               	movlw	0
  7524   0027B2  6E55               	movwf	dbio_getstring@buf_len_prev^0,c
  7525   0027B4                     
  7526                           ; BSR set to: 1
  7527                           ;dbio.c: 94:       return (int)buf_len;
  7528   0027B4  C05A  F191         	movff	dbio_getstring@buf_len,?_dbio_getstring
  7529   0027B8  C05B  F192         	movff	dbio_getstring@buf_len+1,?_dbio_getstring+1
  7530   0027BC  EFE5  F013         	goto	l285
  7531   0027C0                     l5172:
  7532                           
  7533                           ;dbio.c: 97:   return -2;
  7534   0027C0  0EFF               	movlw	255
  7535   0027C2  0101               	movlb	1	; () banked
  7536   0027C4  6F92               	movwf	(?_dbio_getstring+1)& (0+255),b
  7537   0027C6  0EFE               	movlw	254
  7538   0027C8  6F91               	movwf	?_dbio_getstring& (0+255),b
  7539   0027CA                     l285:
  7540                           
  7541                           ; BSR set to: 1
  7542   0027CA  0012               	return		;funcret
  7543   0027CC                     __end_of_dbio_getstring:
  7544                           	callstack 0
  7545                           
  7546 ;; *************** function _RingBuf_DataRead *****************
  7547 ;; Defined at:
  7548 ;;		line 106 in file "ringbuf.c"
  7549 ;; Parameters:    Size  Location     Type
  7550 ;;  data            2   40[BANK1 ] PTR void 
  7551 ;;		 -> dbio_putstring@byte(1), TXbyte_cbk@byte(1), main@strrx(100), 
  7552 ;;  len             2   42[BANK1 ] unsigned short 
  7553 ;;  rb              1   44[BANK1 ] PTR volatile struct RING
  7554 ;;		 -> RXringbuf(10), TXringbuf(10), 
  7555 ;; Auto vars:     Size  Location     Type
  7556 ;;  aval_len        2   50[BANK1 ] unsigned short 
  7557 ;;  st              1   49[BANK1 ] enum E691
  7558 ;; Return value:  Size  Location     Type
  7559 ;;                  1    wreg      enum E691
  7560 ;; Registers used:
  7561 ;;		wreg, fsr1l, fsr1h, fsr2l, fsr2h, status,2, status,0, prodl, prodh, cstack
  7562 ;; Tracked objects:
  7563 ;;		On entry : 0/0
  7564 ;;		On exit  : 0/0
  7565 ;;		Unchanged: 0/0
  7566 ;; Data sizes:     COMRAM   BANK0   BANK1   BANK2   BANK3   BANK4   BANK5   BANK6   BANK7   BANK8   BANK9  BANK10  BANK1
      +1  BANK12  BANK13  BANK14
  7567 ;;      Params:         0       0       5       0       0       0       0       0       0       0       0       0       
      +0       0       0       0
  7568 ;;      Locals:         0       0       3       0       0       0       0       0       0       0       0       0       
      +0       0       0       0
  7569 ;;      Temps:          0       0       4       0       0       0       0       0       0       0       0       0       
      +0       0       0       0
  7570 ;;      Totals:         0       0      12       0       0       0       0       0       0       0       0       0       
      +0       0       0       0
  7571 ;;Total ram usage:       12 bytes
  7572 ;; Hardware stack levels used: 1
  7573 ;; Hardware stack levels required when called: 10
  7574 ;; This function calls:
  7575 ;;		_RingBuf_Available
  7576 ;;		_RingBuf_DataWatch
  7577 ;; This function is called by:
  7578 ;;		_dbio_getstring
  7579 ;;		_dbio_putstring
  7580 ;; This function uses a non-reentrant model
  7581 ;;
  7582                           
  7583                           	psect	text28
  7584   0030DC                     __ptext28:
  7585                           	callstack 0
  7586   0030DC                     _RingBuf_DataRead:
  7587                           	callstack 19
  7588   0030DC                     
  7589                           ;ringbuf.c: 107:     if (rb->buf == ((void*)0)) return RINGBUF_PARAM_ERR;
  7590   0030DC  0101               	movlb	1	; () banked
  7591   0030DE  5189               	movf	RingBuf_DataRead@rb& (0+255),w,b
  7592   0030E0  6ED9               	movwf	fsr2l,c
  7593   0030E2  6ADA               	clrf	fsr2h,c
  7594   0030E4  50DE               	movf	postinc2,w,c
  7595   0030E6  10DE               	iorwf	postinc2,w,c
  7596   0030E8  A4D8               	btfss	status,2,c
  7597   0030EA  EF79  F018         	goto	u4261
  7598   0030EE  EF7B  F018         	goto	u4260
  7599   0030F2                     u4261:
  7600   0030F2  EF7D  F018         	goto	l4740
  7601   0030F6                     u4260:
  7602   0030F6  EFE0  F018         	goto	l206
  7603   0030FA                     l4740:
  7604                           
  7605                           ; BSR set to: 1
  7606                           ;ringbuf.c: 108:     uint16_t aval_len = 0;
  7607   0030FA  6B90               	clrf	(RingBuf_DataRead@aval_len+1)& (0+255),b
  7608   0030FC  0E00               	movlw	0
  7609   0030FE  6F8F               	movwf	RingBuf_DataRead@aval_len& (0+255),b
  7610   003100                     
  7611                           ; BSR set to: 1
  7612                           ;ringbuf.c: 109:     RingBuf_Available(&aval_len, rb);
  7613   003100  0E8F               	movlw	low RingBuf_DataRead@aval_len
  7614   003102  6F5D               	movwf	RingBuf_Available@len& (0+255),b
  7615   003104  0E01               	movlw	high RingBuf_DataRead@aval_len
  7616   003106  6F5E               	movwf	(RingBuf_Available@len+1)& (0+255),b
  7617   003108  C189  F15F         	movff	RingBuf_DataRead@rb,RingBuf_Available@rb
  7618   00310C  EC0D  F017         	call	_RingBuf_Available	;wreg free
  7619   003110                     
  7620                           ;ringbuf.c: 110:     if (len > aval_len) len = aval_len;
  7621   003110  0101               	movlb	1	; () banked
  7622   003112  5187               	movf	RingBuf_DataRead@len& (0+255),w,b
  7623   003114  5D8F               	subwf	RingBuf_DataRead@aval_len& (0+255),w,b
  7624   003116  5188               	movf	(RingBuf_DataRead@len+1)& (0+255),w,b
  7625   003118  5990               	subwfb	(RingBuf_DataRead@aval_len+1)& (0+255),w,b
  7626   00311A  B0D8               	btfsc	status,0,c
  7627   00311C  EF92  F018         	goto	u4271
  7628   003120  EF94  F018         	goto	u4270
  7629   003124                     u4271:
  7630   003124  EF98  F018         	goto	l4748
  7631   003128                     u4270:
  7632   003128                     
  7633                           ; BSR set to: 1
  7634   003128  C18F  F187         	movff	RingBuf_DataRead@aval_len,RingBuf_DataRead@len
  7635   00312C  C190  F188         	movff	RingBuf_DataRead@aval_len+1,RingBuf_DataRead@len+1
  7636   003130                     l4748:
  7637                           
  7638                           ; BSR set to: 1
  7639                           ;ringbuf.c: 112:     RINGBUF_STATUS st = RingBuf_DataWatch(data, len, rb);
  7640   003130  C185  F16A         	movff	RingBuf_DataRead@data,RingBuf_DataWatch@data
  7641   003134  C186  F16B         	movff	RingBuf_DataRead@data+1,RingBuf_DataWatch@data+1
  7642   003138  C187  F16C         	movff	RingBuf_DataRead@len,RingBuf_DataWatch@len
  7643   00313C  C188  F16D         	movff	RingBuf_DataRead@len+1,RingBuf_DataWatch@len+1
  7644   003140  C189  F16E         	movff	RingBuf_DataRead@rb,RingBuf_DataWatch@rb
  7645   003144  EC94  F00E         	call	_RingBuf_DataWatch	;wreg free
  7646   003148  0101               	movlb	1	; () banked
  7647   00314A  6F8E               	movwf	RingBuf_DataRead@st& (0+255),b
  7648   00314C                     
  7649                           ; BSR set to: 1
  7650                           ;ringbuf.c: 113:     if (st != RINGBUF_OK)
  7651   00314C  518E               	movf	RingBuf_DataRead@st& (0+255),w,b
  7652   00314E  B4D8               	btfsc	status,2,c
  7653   003150  EFAC  F018         	goto	u4281
  7654   003154  EFAE  F018         	goto	u4280
  7655   003158                     u4281:
  7656   003158  EFB0  F018         	goto	l4754
  7657   00315C                     u4280:
  7658   00315C  EFE0  F018         	goto	l206
  7659   003160                     l4754:
  7660                           
  7661                           ; BSR set to: 1
  7662                           ;ringbuf.c: 116:     rb->tail += len;
  7663   003160  5189               	movf	RingBuf_DataRead@rb& (0+255),w,b
  7664   003162  6ED9               	movwf	fsr2l,c
  7665   003164  6ADA               	clrf	fsr2h,c
  7666   003166  0E02               	movlw	2
  7667   003168  26D9               	addwf	fsr2l,f,c
  7668   00316A  5187               	movf	RingBuf_DataRead@len& (0+255),w,b	;volatile
  7669   00316C  26DE               	addwf	postinc2,f,c
  7670   00316E  5188               	movf	(RingBuf_DataRead@len+1)& (0+255),w,b	;volatile
  7671   003170  22DD               	addwfc	postdec2,f,c
  7672   003172                     
  7673                           ; BSR set to: 1
  7674                           ;ringbuf.c: 117:     if (rb->tail >= rb->size)
  7675   003172  5189               	movf	RingBuf_DataRead@rb& (0+255),w,b
  7676   003174  6ED9               	movwf	fsr2l,c
  7677   003176  6ADA               	clrf	fsr2h,c
  7678   003178  0E06               	movlw	6
  7679   00317A  26D9               	addwf	fsr2l,f,c
  7680   00317C  5189               	movf	RingBuf_DataRead@rb& (0+255),w,b
  7681   00317E  6EE1               	movwf	fsr1l,c
  7682   003180  6AE2               	clrf	fsr1h,c
  7683   003182  0E02               	movlw	2
  7684   003184  26E1               	addwf	fsr1l,f,c
  7685   003186  50DE               	movf	postinc2,w,c
  7686   003188  5CE6               	subwf	postinc1,w,c
  7687   00318A  50DE               	movf	postinc2,w,c
  7688   00318C  58E6               	subwfb	postinc1,w,c
  7689   00318E  A0D8               	btfss	status,0,c
  7690   003190  EFCC  F018         	goto	u4291
  7691   003194  EFCE  F018         	goto	u4290
  7692   003198                     u4291:
  7693   003198  EFE0  F018         	goto	l206
  7694   00319C                     u4290:
  7695   00319C                     
  7696                           ; BSR set to: 1
  7697                           ;ringbuf.c: 118:         rb->tail -= rb->size;
  7698   00319C  5189               	movf	RingBuf_DataRead@rb& (0+255),w,b
  7699   00319E  6ED9               	movwf	fsr2l,c
  7700   0031A0  6ADA               	clrf	fsr2h,c
  7701   0031A2  0E06               	movlw	6
  7702   0031A4  26D9               	addwf	fsr2l,f,c
  7703   0031A6  CFDE F18A          	movff	postinc2,??_RingBuf_DataRead
  7704   0031AA  CFDD F18B          	movff	postdec2,??_RingBuf_DataRead+1
  7705   0031AE  5189               	movf	RingBuf_DataRead@rb& (0+255),w,b
  7706   0031B0  6ED9               	movwf	fsr2l,c
  7707   0031B2  6ADA               	clrf	fsr2h,c
  7708   0031B4  0E02               	movlw	2
  7709   0031B6  26D9               	addwf	fsr2l,f,c
  7710   0031B8  518A               	movf	??_RingBuf_DataRead& (0+255),w,b
  7711   0031BA  5EDE               	subwf	postinc2,f,c
  7712   0031BC  518B               	movf	(??_RingBuf_DataRead+1)& (0+255),w,b
  7713   0031BE  5ADD               	subwfb	postdec2,f,c
  7714   0031C0                     l206:
  7715                           
  7716                           ; BSR set to: 1
  7717   0031C0  0012               	return		;funcret
  7718   0031C2                     __end_of_RingBuf_DataRead:
  7719                           	callstack 0
  7720                           
  7721 ;; *************** function _RingBuf_DataWatch *****************
  7722 ;; Defined at:
  7723 ;;		line 131 in file "ringbuf.c"
  7724 ;; Parameters:    Size  Location     Type
  7725 ;;  data            2   13[BANK1 ] PTR void 
  7726 ;;		 -> dbio_putstring@byte(1), TXbyte_cbk@byte(1), main@strrx(100), 
  7727 ;;  len             2   15[BANK1 ] unsigned short 
  7728 ;;  rb              1   17[BANK1 ] PTR volatile struct RING
  7729 ;;		 -> RXringbuf(10), TXringbuf(10), 
  7730 ;; Auto vars:     Size  Location     Type
  7731 ;;  aval_len        2   38[BANK1 ] unsigned short 
  7732 ;;  space           2   36[BANK1 ] unsigned short 
  7733 ;;  loc_tail        2   34[BANK1 ] unsigned short 
  7734 ;;  s_addr          2   32[BANK1 ] unsigned short 
  7735 ;; Return value:  Size  Location     Type
  7736 ;;                  1    wreg      enum E691
  7737 ;; Registers used:
  7738 ;;		wreg, fsr1l, fsr1h, fsr2l, fsr2h, status,2, status,0, prodl, prodh, cstack
  7739 ;; Tracked objects:
  7740 ;;		On entry : 0/0
  7741 ;;		On exit  : 0/0
  7742 ;;		Unchanged: 0/0
  7743 ;; Data sizes:     COMRAM   BANK0   BANK1   BANK2   BANK3   BANK4   BANK5   BANK6   BANK7   BANK8   BANK9  BANK10  BANK1
      +1  BANK12  BANK13  BANK14
  7744 ;;      Params:         0       0       5       0       0       0       0       0       0       0       0       0       
      +0       0       0       0
  7745 ;;      Locals:         0       0       8       0       0       0       0       0       0       0       0       0       
      +0       0       0       0
  7746 ;;      Temps:          0       0      14       0       0       0       0       0       0       0       0       0       
      +0       0       0       0
  7747 ;;      Totals:         0       0      27       0       0       0       0       0       0       0       0       0       
      +0       0       0       0
  7748 ;;Total ram usage:       27 bytes
  7749 ;; Hardware stack levels used: 1
  7750 ;; Hardware stack levels required when called: 11
  7751 ;; This function calls:
  7752 ;;		_RingBuf_Available
  7753 ;;		_memcpy
  7754 ;; This function is called by:
  7755 ;;		_RingBuf_DataRead
  7756 ;; This function uses a non-reentrant model
  7757 ;;
  7758                           
  7759                           	psect	text29
  7760   001D28                     __ptext29:
  7761                           	callstack 0
  7762   001D28                     _RingBuf_DataWatch:
  7763                           	callstack 17
  7764   001D28                     
  7765                           ;ringbuf.c: 132:     if (data == ((void*)0))
  7766   001D28  0101               	movlb	1	; () banked
  7767   001D2A  516A               	movf	RingBuf_DataWatch@data& (0+255),w,b
  7768   001D2C  116B               	iorwf	(RingBuf_DataWatch@data+1)& (0+255),w,b
  7769   001D2E  A4D8               	btfss	status,2,c
  7770   001D30  EF9C  F00E         	goto	u3841
  7771   001D34  EF9E  F00E         	goto	u3840
  7772   001D38                     u3841:
  7773   001D38  EFA1  F00E         	goto	l4338
  7774   001D3C                     u3840:
  7775   001D3C                     
  7776                           ; BSR set to: 1
  7777                           ;ringbuf.c: 133:         return RINGBUF_PARAM_ERR;
  7778   001D3C  0E02               	movlw	2
  7779   001D3E  EFC2  F00F         	goto	l213
  7780   001D42                     l4338:
  7781                           
  7782                           ; BSR set to: 1
  7783                           ;ringbuf.c: 134:     if (len > rb->size)
  7784   001D42  516E               	movf	RingBuf_DataWatch@rb& (0+255),w,b
  7785   001D44  6ED9               	movwf	fsr2l,c
  7786   001D46  6ADA               	clrf	fsr2h,c
  7787   001D48  0E06               	movlw	6
  7788   001D4A  26D9               	addwf	fsr2l,f,c
  7789   001D4C  516C               	movf	RingBuf_DataWatch@len& (0+255),w,b
  7790   001D4E  5CDE               	subwf	postinc2,w,c
  7791   001D50  516D               	movf	(RingBuf_DataWatch@len+1)& (0+255),w,b
  7792   001D52  58DE               	subwfb	postinc2,w,c
  7793   001D54  B0D8               	btfsc	status,0,c
  7794   001D56  EFAF  F00E         	goto	u3851
  7795   001D5A  EFB1  F00E         	goto	u3850
  7796   001D5E                     u3851:
  7797   001D5E  EFB4  F00E         	goto	l4344
  7798   001D62                     u3850:
  7799   001D62                     
  7800                           ; BSR set to: 1
  7801                           ;ringbuf.c: 135:         return RINGBUF_OVERFLOW;
  7802   001D62  0E03               	movlw	3
  7803   001D64  EFC2  F00F         	goto	l213
  7804   001D68                     l4344:
  7805                           
  7806                           ; BSR set to: 1
  7807                           ;ringbuf.c: 136:     if (rb->head == rb->tail)
  7808   001D68  516E               	movf	RingBuf_DataWatch@rb& (0+255),w,b
  7809   001D6A  6ED9               	movwf	fsr2l,c
  7810   001D6C  6ADA               	clrf	fsr2h,c
  7811   001D6E  0E02               	movlw	2
  7812   001D70  26D9               	addwf	fsr2l,f,c
  7813   001D72  516E               	movf	RingBuf_DataWatch@rb& (0+255),w,b
  7814   001D74  6EE1               	movwf	fsr1l,c
  7815   001D76  6AE2               	clrf	fsr1h,c
  7816   001D78  0E04               	movlw	4
  7817   001D7A  26E1               	addwf	fsr1l,f,c
  7818   001D7C  50DE               	movf	postinc2,w,c
  7819   001D7E  18E6               	xorwf	postinc1,w,c
  7820   001D80  E107               	bnz	u3861
  7821   001D82  50DE               	movf	postinc2,w,c
  7822   001D84  18E6               	xorwf	postinc1,w,c
  7823   001D86  A4D8               	btfss	status,2,c
  7824   001D88  EFC8  F00E         	goto	u3861
  7825   001D8C  EFCA  F00E         	goto	u3860
  7826   001D90                     u3861:
  7827   001D90  EFCD  F00E         	goto	l4350
  7828   001D94                     u3860:
  7829   001D94                     
  7830                           ; BSR set to: 1
  7831                           ;ringbuf.c: 137:         return RINGBUF_EMPTY;
  7832   001D94  0E04               	movlw	4
  7833   001D96  EFC2  F00F         	goto	l213
  7834   001D9A                     l4350:
  7835                           
  7836                           ; BSR set to: 1
  7837                           ;ringbuf.c: 138:     uint16_t aval_len = 0;
  7838   001D9A  6B84               	clrf	(RingBuf_DataWatch@aval_len+1)& (0+255),b
  7839   001D9C  0E00               	movlw	0
  7840   001D9E  6F83               	movwf	RingBuf_DataWatch@aval_len& (0+255),b
  7841   001DA0                     
  7842                           ; BSR set to: 1
  7843                           ;ringbuf.c: 139:     RingBuf_Available(&aval_len, rb);
  7844   001DA0  0E83               	movlw	low RingBuf_DataWatch@aval_len
  7845   001DA2  6F5D               	movwf	RingBuf_Available@len& (0+255),b
  7846   001DA4  0E01               	movlw	high RingBuf_DataWatch@aval_len
  7847   001DA6  6F5E               	movwf	(RingBuf_Available@len+1)& (0+255),b
  7848   001DA8  C16E  F15F         	movff	RingBuf_DataWatch@rb,RingBuf_Available@rb
  7849   001DAC  EC0D  F017         	call	_RingBuf_Available	;wreg free
  7850   001DB0                     
  7851                           ;ringbuf.c: 140:     if (len > aval_len) len = aval_len;
  7852   001DB0  0101               	movlb	1	; () banked
  7853   001DB2  516C               	movf	RingBuf_DataWatch@len& (0+255),w,b
  7854   001DB4  5D83               	subwf	RingBuf_DataWatch@aval_len& (0+255),w,b
  7855   001DB6  516D               	movf	(RingBuf_DataWatch@len+1)& (0+255),w,b
  7856   001DB8  5984               	subwfb	(RingBuf_DataWatch@aval_len+1)& (0+255),w,b
  7857   001DBA  B0D8               	btfsc	status,0,c
  7858   001DBC  EFE2  F00E         	goto	u3871
  7859   001DC0  EFE4  F00E         	goto	u3870
  7860   001DC4                     u3871:
  7861   001DC4  EFE8  F00E         	goto	l4358
  7862   001DC8                     u3870:
  7863   001DC8                     
  7864                           ; BSR set to: 1
  7865   001DC8  C183  F16C         	movff	RingBuf_DataWatch@aval_len,RingBuf_DataWatch@len
  7866   001DCC  C184  F16D         	movff	RingBuf_DataWatch@aval_len+1,RingBuf_DataWatch@len+1
  7867   001DD0                     l4358:
  7868                           
  7869                           ; BSR set to: 1
  7870                           ;ringbuf.c: 142:     uint16_t s_addr = 0;
  7871   001DD0  6B7E               	clrf	(RingBuf_DataWatch@s_addr+1)& (0+255),b
  7872   001DD2  0E00               	movlw	0
  7873   001DD4  6F7D               	movwf	RingBuf_DataWatch@s_addr& (0+255),b
  7874   001DD6                     
  7875                           ; BSR set to: 1
  7876                           ;ringbuf.c: 144:     uint16_t space = rb->size - rb->tail;
  7877   001DD6  516E               	movf	RingBuf_DataWatch@rb& (0+255),w,b
  7878   001DD8  6ED9               	movwf	fsr2l,c
  7879   001DDA  6ADA               	clrf	fsr2h,c
  7880   001DDC  0E02               	movlw	2
  7881   001DDE  26D9               	addwf	fsr2l,f,c
  7882   001DE0  CFDE F16F          	movff	postinc2,??_RingBuf_DataWatch
  7883   001DE4  CFDD F170          	movff	postdec2,??_RingBuf_DataWatch+1
  7884   001DE8  516E               	movf	RingBuf_DataWatch@rb& (0+255),w,b
  7885   001DEA  6ED9               	movwf	fsr2l,c
  7886   001DEC  6ADA               	clrf	fsr2h,c
  7887   001DEE  0E06               	movlw	6
  7888   001DF0  26D9               	addwf	fsr2l,f,c
  7889   001DF2  CFDE F171          	movff	postinc2,??_RingBuf_DataWatch+2
  7890   001DF6  CFDD F172          	movff	postdec2,??_RingBuf_DataWatch+3
  7891   001DFA  516F               	movf	??_RingBuf_DataWatch& (0+255),w,b
  7892   001DFC  5D71               	subwf	(??_RingBuf_DataWatch+2)& (0+255),w,b
  7893   001DFE  6F81               	movwf	RingBuf_DataWatch@space& (0+255),b
  7894   001E00  5170               	movf	(??_RingBuf_DataWatch+1)& (0+255),w,b
  7895   001E02  5972               	subwfb	(??_RingBuf_DataWatch+3)& (0+255),w,b
  7896   001E04  6F82               	movwf	(RingBuf_DataWatch@space+1)& (0+255),b
  7897   001E06                     
  7898                           ; BSR set to: 1
  7899                           ;ringbuf.c: 145:     uint16_t loc_tail = rb->tail;
  7900   001E06  516E               	movf	RingBuf_DataWatch@rb& (0+255),w,b
  7901   001E08  6ED9               	movwf	fsr2l,c
  7902   001E0A  6ADA               	clrf	fsr2h,c
  7903   001E0C  0E02               	movlw	2
  7904   001E0E  26D9               	addwf	fsr2l,f,c
  7905   001E10  CFDE F17F          	movff	postinc2,RingBuf_DataWatch@loc_tail
  7906   001E14  CFDD F180          	movff	postdec2,RingBuf_DataWatch@loc_tail+1
  7907   001E18                     
  7908                           ; BSR set to: 1
  7909                           ;ringbuf.c: 146:     if (len > space) {
  7910   001E18  516C               	movf	RingBuf_DataWatch@len& (0+255),w,b
  7911   001E1A  5D81               	subwf	RingBuf_DataWatch@space& (0+255),w,b
  7912   001E1C  516D               	movf	(RingBuf_DataWatch@len+1)& (0+255),w,b
  7913   001E1E  5982               	subwfb	(RingBuf_DataWatch@space+1)& (0+255),w,b
  7914   001E20  B0D8               	btfsc	status,0,c
  7915   001E22  EF15  F00F         	goto	u3881
  7916   001E26  EF17  F00F         	goto	u3880
  7917   001E2A                     u3881:
  7918   001E2A  EF66  F00F         	goto	l4374
  7919   001E2E                     u3880:
  7920   001E2E                     
  7921                           ; BSR set to: 1
  7922                           ;ringbuf.c: 149:         memcpy((uint8_t*)data + (s_addr * rb->cell_size), &rb->buf[loc_
      +                          tail * rb->cell_size], space * rb->cell_size);
  7923   001E2E  C16A  F15D         	movff	RingBuf_DataWatch@data,memcpy@d1
  7924   001E32  C16B  F15E         	movff	RingBuf_DataWatch@data+1,memcpy@d1+1
  7925   001E36  516E               	movf	RingBuf_DataWatch@rb& (0+255),w,b
  7926   001E38  6ED9               	movwf	fsr2l,c
  7927   001E3A  6ADA               	clrf	fsr2h,c
  7928   001E3C  0E08               	movlw	8
  7929   001E3E  26D9               	addwf	fsr2l,f,c
  7930   001E40  CFDE F16F          	movff	postinc2,??_RingBuf_DataWatch
  7931   001E44  CFDD F170          	movff	postdec2,??_RingBuf_DataWatch+1
  7932   001E48  517F               	movf	RingBuf_DataWatch@loc_tail& (0+255),w,b
  7933   001E4A  036F               	mulwf	??_RingBuf_DataWatch& (0+255),b
  7934   001E4C  CFF3 F171          	movff	prodl,??_RingBuf_DataWatch+2
  7935   001E50  CFF4 F172          	movff	prodh,??_RingBuf_DataWatch+3
  7936   001E54  0370               	mulwf	(??_RingBuf_DataWatch+1)& (0+255),b
  7937   001E56  50F3               	movf	prodl,w,c
  7938   001E58  2772               	addwf	(??_RingBuf_DataWatch+3)& (0+255),f,b
  7939   001E5A  5180               	movf	(RingBuf_DataWatch@loc_tail+1)& (0+255),w,b
  7940   001E5C  036F               	mulwf	??_RingBuf_DataWatch& (0+255),b
  7941   001E5E  50F3               	movf	prodl,w,c
  7942   001E60  2772               	addwf	(??_RingBuf_DataWatch+3)& (0+255),f,b
  7943   001E62  516E               	movf	RingBuf_DataWatch@rb& (0+255),w,b
  7944   001E64  6ED9               	movwf	fsr2l,c
  7945   001E66  6ADA               	clrf	fsr2h,c
  7946   001E68  CFDE F173          	movff	postinc2,??_RingBuf_DataWatch+4
  7947   001E6C  CFDD F174          	movff	postdec2,??_RingBuf_DataWatch+5
  7948   001E70  5171               	movf	(??_RingBuf_DataWatch+2)& (0+255),w,b
  7949   001E72  2573               	addwf	(??_RingBuf_DataWatch+4)& (0+255),w,b
  7950   001E74  6F5F               	movwf	memcpy@s1& (0+255),b
  7951   001E76  5172               	movf	(??_RingBuf_DataWatch+3)& (0+255),w,b
  7952   001E78  2174               	addwfc	(??_RingBuf_DataWatch+5)& (0+255),w,b
  7953   001E7A  6F60               	movwf	(memcpy@s1+1)& (0+255),b
  7954   001E7C  516E               	movf	RingBuf_DataWatch@rb& (0+255),w,b
  7955   001E7E  6ED9               	movwf	fsr2l,c
  7956   001E80  6ADA               	clrf	fsr2h,c
  7957   001E82  0E08               	movlw	8
  7958   001E84  26D9               	addwf	fsr2l,f,c
  7959   001E86  CFDE F175          	movff	postinc2,??_RingBuf_DataWatch+6
  7960   001E8A  CFDD F176          	movff	postdec2,??_RingBuf_DataWatch+7
  7961   001E8E  5181               	movf	RingBuf_DataWatch@space& (0+255),w,b
  7962   001E90  0375               	mulwf	(??_RingBuf_DataWatch+6)& (0+255),b
  7963   001E92  CFF3 F177          	movff	prodl,??_RingBuf_DataWatch+8
  7964   001E96  CFF4 F178          	movff	prodh,??_RingBuf_DataWatch+9
  7965   001E9A  0376               	mulwf	(??_RingBuf_DataWatch+7)& (0+255),b
  7966   001E9C  50F3               	movf	prodl,w,c
  7967   001E9E  2778               	addwf	(??_RingBuf_DataWatch+9)& (0+255),f,b
  7968   001EA0  5182               	movf	(RingBuf_DataWatch@space+1)& (0+255),w,b
  7969   001EA2  0375               	mulwf	(??_RingBuf_DataWatch+6)& (0+255),b
  7970   001EA4  50F3               	movf	prodl,w,c
  7971   001EA6  2778               	addwf	(??_RingBuf_DataWatch+9)& (0+255),f,b
  7972   001EA8  C177  F161         	movff	??_RingBuf_DataWatch+8,memcpy@n
  7973   001EAC  C178  F162         	movff	??_RingBuf_DataWatch+9,memcpy@n+1
  7974   001EB0  ECE9  F01F         	call	_memcpy	;wreg free
  7975   001EB4                     
  7976                           ;ringbuf.c: 151:         loc_tail = 0;
  7977   001EB4  0101               	movlb	1	; () banked
  7978   001EB6  6B80               	clrf	(RingBuf_DataWatch@loc_tail+1)& (0+255),b
  7979   001EB8  0E00               	movlw	0
  7980   001EBA  6F7F               	movwf	RingBuf_DataWatch@loc_tail& (0+255),b
  7981   001EBC                     
  7982                           ; BSR set to: 1
  7983                           ;ringbuf.c: 153:         s_addr = space;
  7984   001EBC  C181  F17D         	movff	RingBuf_DataWatch@space,RingBuf_DataWatch@s_addr
  7985   001EC0  C182  F17E         	movff	RingBuf_DataWatch@space+1,RingBuf_DataWatch@s_addr+1
  7986   001EC4                     
  7987                           ; BSR set to: 1
  7988                           ;ringbuf.c: 155:         len -= space;
  7989   001EC4  5181               	movf	RingBuf_DataWatch@space& (0+255),w,b
  7990   001EC6  5F6C               	subwf	RingBuf_DataWatch@len& (0+255),f,b
  7991   001EC8  5182               	movf	(RingBuf_DataWatch@space+1)& (0+255),w,b
  7992   001ECA  5B6D               	subwfb	(RingBuf_DataWatch@len+1)& (0+255),f,b
  7993   001ECC                     l4374:
  7994                           
  7995                           ; BSR set to: 1
  7996                           ;ringbuf.c: 158:     memcpy((uint8_t*)data + (s_addr * rb->cell_size), &rb->buf[loc_tail
      +                           * rb->cell_size], len * rb->cell_size);
  7997   001ECC  516E               	movf	RingBuf_DataWatch@rb& (0+255),w,b
  7998   001ECE  6ED9               	movwf	fsr2l,c
  7999   001ED0  6ADA               	clrf	fsr2h,c
  8000   001ED2  0E08               	movlw	8
  8001   001ED4  26D9               	addwf	fsr2l,f,c
  8002   001ED6  CFDE F16F          	movff	postinc2,??_RingBuf_DataWatch
  8003   001EDA  CFDD F170          	movff	postdec2,??_RingBuf_DataWatch+1
  8004   001EDE  517D               	movf	RingBuf_DataWatch@s_addr& (0+255),w,b
  8005   001EE0  036F               	mulwf	??_RingBuf_DataWatch& (0+255),b
  8006   001EE2  CFF3 F171          	movff	prodl,??_RingBuf_DataWatch+2
  8007   001EE6  CFF4 F172          	movff	prodh,??_RingBuf_DataWatch+3
  8008   001EEA  0370               	mulwf	(??_RingBuf_DataWatch+1)& (0+255),b
  8009   001EEC  50F3               	movf	prodl,w,c
  8010   001EEE  2772               	addwf	(??_RingBuf_DataWatch+3)& (0+255),f,b
  8011   001EF0  517E               	movf	(RingBuf_DataWatch@s_addr+1)& (0+255),w,b
  8012   001EF2  036F               	mulwf	??_RingBuf_DataWatch& (0+255),b
  8013   001EF4  50F3               	movf	prodl,w,c
  8014   001EF6  2772               	addwf	(??_RingBuf_DataWatch+3)& (0+255),f,b
  8015   001EF8  5171               	movf	(??_RingBuf_DataWatch+2)& (0+255),w,b
  8016   001EFA  256A               	addwf	RingBuf_DataWatch@data& (0+255),w,b
  8017   001EFC  6F5D               	movwf	memcpy@d1& (0+255),b
  8018   001EFE  5172               	movf	(??_RingBuf_DataWatch+3)& (0+255),w,b
  8019   001F00  216B               	addwfc	(RingBuf_DataWatch@data+1)& (0+255),w,b
  8020   001F02  6F5E               	movwf	(memcpy@d1+1)& (0+255),b
  8021   001F04  516E               	movf	RingBuf_DataWatch@rb& (0+255),w,b
  8022   001F06  6ED9               	movwf	fsr2l,c
  8023   001F08  6ADA               	clrf	fsr2h,c
  8024   001F0A  0E08               	movlw	8
  8025   001F0C  26D9               	addwf	fsr2l,f,c
  8026   001F0E  CFDE F173          	movff	postinc2,??_RingBuf_DataWatch+4
  8027   001F12  CFDD F174          	movff	postdec2,??_RingBuf_DataWatch+5
  8028   001F16  517F               	movf	RingBuf_DataWatch@loc_tail& (0+255),w,b
  8029   001F18  0373               	mulwf	(??_RingBuf_DataWatch+4)& (0+255),b
  8030   001F1A  CFF3 F175          	movff	prodl,??_RingBuf_DataWatch+6
  8031   001F1E  CFF4 F176          	movff	prodh,??_RingBuf_DataWatch+7
  8032   001F22  0374               	mulwf	(??_RingBuf_DataWatch+5)& (0+255),b
  8033   001F24  50F3               	movf	prodl,w,c
  8034   001F26  2776               	addwf	(??_RingBuf_DataWatch+7)& (0+255),f,b
  8035   001F28  5180               	movf	(RingBuf_DataWatch@loc_tail+1)& (0+255),w,b
  8036   001F2A  0373               	mulwf	(??_RingBuf_DataWatch+4)& (0+255),b
  8037   001F2C  50F3               	movf	prodl,w,c
  8038   001F2E  2776               	addwf	(??_RingBuf_DataWatch+7)& (0+255),f,b
  8039   001F30  516E               	movf	RingBuf_DataWatch@rb& (0+255),w,b
  8040   001F32  6ED9               	movwf	fsr2l,c
  8041   001F34  6ADA               	clrf	fsr2h,c
  8042   001F36  CFDE F177          	movff	postinc2,??_RingBuf_DataWatch+8
  8043   001F3A  CFDD F178          	movff	postdec2,??_RingBuf_DataWatch+9
  8044   001F3E  5175               	movf	(??_RingBuf_DataWatch+6)& (0+255),w,b
  8045   001F40  2577               	addwf	(??_RingBuf_DataWatch+8)& (0+255),w,b
  8046   001F42  6F5F               	movwf	memcpy@s1& (0+255),b
  8047   001F44  5176               	movf	(??_RingBuf_DataWatch+7)& (0+255),w,b
  8048   001F46  2178               	addwfc	(??_RingBuf_DataWatch+9)& (0+255),w,b
  8049   001F48  6F60               	movwf	(memcpy@s1+1)& (0+255),b
  8050   001F4A  516E               	movf	RingBuf_DataWatch@rb& (0+255),w,b
  8051   001F4C  6ED9               	movwf	fsr2l,c
  8052   001F4E  6ADA               	clrf	fsr2h,c
  8053   001F50  0E08               	movlw	8
  8054   001F52  26D9               	addwf	fsr2l,f,c
  8055   001F54  CFDE F179          	movff	postinc2,??_RingBuf_DataWatch+10
  8056   001F58  CFDD F17A          	movff	postdec2,??_RingBuf_DataWatch+11
  8057   001F5C  516C               	movf	RingBuf_DataWatch@len& (0+255),w,b
  8058   001F5E  0379               	mulwf	(??_RingBuf_DataWatch+10)& (0+255),b
  8059   001F60  CFF3 F17B          	movff	prodl,??_RingBuf_DataWatch+12
  8060   001F64  CFF4 F17C          	movff	prodh,??_RingBuf_DataWatch+13
  8061   001F68  037A               	mulwf	(??_RingBuf_DataWatch+11)& (0+255),b
  8062   001F6A  50F3               	movf	prodl,w,c
  8063   001F6C  277C               	addwf	(??_RingBuf_DataWatch+13)& (0+255),f,b
  8064   001F6E  516D               	movf	(RingBuf_DataWatch@len+1)& (0+255),w,b
  8065   001F70  0379               	mulwf	(??_RingBuf_DataWatch+10)& (0+255),b
  8066   001F72  50F3               	movf	prodl,w,c
  8067   001F74  277C               	addwf	(??_RingBuf_DataWatch+13)& (0+255),f,b
  8068   001F76  C17B  F161         	movff	??_RingBuf_DataWatch+12,memcpy@n
  8069   001F7A  C17C  F162         	movff	??_RingBuf_DataWatch+13,memcpy@n+1
  8070   001F7E  ECE9  F01F         	call	_memcpy	;wreg free
  8071   001F82                     
  8072                           ;ringbuf.c: 159:     return RINGBUF_OK;
  8073   001F82  0E00               	movlw	0
  8074   001F84                     l213:
  8075   001F84  0012               	return		;funcret
  8076   001F86                     __end_of_RingBuf_DataWatch:
  8077                           	callstack 0
  8078                           
  8079 ;; *************** function _memcpy *****************
  8080 ;; Defined at:
  8081 ;;		line 4 in file "C:\Program Files\Microchip\xc8\v4.00\pic\sources\c99\common\memcpy.c"
  8082 ;; Parameters:    Size  Location     Type
  8083 ;;  d1              2    0[BANK1 ] PTR void 
  8084 ;;		 -> dbio_putstring@byte(1), TXbuf(200), RXbuf(200), TXbyte_cbk@byte(1), 
  8085 ;;		 -> main@strrx(100), 
  8086 ;;  s1              2    2[BANK1 ] PTR const void 
  8087 ;;		 -> TXbuf(200), RXbuf(200), RXbyte_cbk@byte(1), main@strtx(100), 
  8088 ;;  n               2    4[BANK1 ] unsigned int 
  8089 ;; Auto vars:     Size  Location     Type
  8090 ;;  s               2    9[BANK1 ] PTR const unsigned char 
  8091 ;;		 -> TXbuf(200), RXbuf(200), RXbyte_cbk@byte(1), main@strtx(100), 
  8092 ;;  d               2    7[BANK1 ] PTR unsigned char 
  8093 ;;		 -> dbio_putstring@byte(1), TXbuf(200), RXbuf(200), TXbyte_cbk@byte(1), 
  8094 ;;		 -> main@strrx(100), 
  8095 ;;  tmp             1    6[BANK1 ] unsigned char 
  8096 ;; Return value:  Size  Location     Type
  8097 ;;                  2    0[BANK1 ] PTR void 
  8098 ;; Registers used:
  8099 ;;		wreg, fsr2l, fsr2h, status,2, status,0
  8100 ;; Tracked objects:
  8101 ;;		On entry : 0/0
  8102 ;;		On exit  : 0/0
  8103 ;;		Unchanged: 0/0
  8104 ;; Data sizes:     COMRAM   BANK0   BANK1   BANK2   BANK3   BANK4   BANK5   BANK6   BANK7   BANK8   BANK9  BANK10  BANK1
      +1  BANK12  BANK13  BANK14
  8105 ;;      Params:         0       0       6       0       0       0       0       0       0       0       0       0       
      +0       0       0       0
  8106 ;;      Locals:         0       0       5       0       0       0       0       0       0       0       0       0       
      +0       0       0       0
  8107 ;;      Temps:          0       0       0       0       0       0       0       0       0       0       0       0       
      +0       0       0       0
  8108 ;;      Totals:         0       0      11       0       0       0       0       0       0       0       0       0       
      +0       0       0       0
  8109 ;;Total ram usage:       11 bytes
  8110 ;; Hardware stack levels used: 1
  8111 ;; Hardware stack levels required when called: 10
  8112 ;; This function calls:
  8113 ;;		Nothing
  8114 ;; This function is called by:
  8115 ;;		_RingBuf_DataPut
  8116 ;;		_RingBuf_DataWatch
  8117 ;; This function uses a non-reentrant model
  8118 ;;
  8119                           
  8120                           	psect	text30
  8121   003FD2                     __ptext30:
  8122                           	callstack 0
  8123   003FD2                     _memcpy:
  8124                           	callstack 17
  8125   003FD2  C15F  F166         	movff	memcpy@s1,memcpy@s
  8126   003FD6  C160  F167         	movff	memcpy@s1+1,memcpy@s+1
  8127   003FDA  C15D  F164         	movff	memcpy@d1,memcpy@d
  8128   003FDE  C15E  F165         	movff	memcpy@d1+1,memcpy@d+1
  8129   003FE2  EF03  F020         	goto	l4198
  8130   003FE6                     l4190:
  8131                           
  8132                           ; BSR set to: 1
  8133   003FE6  C166  FFD9         	movff	memcpy@s,fsr2l
  8134   003FEA  C167  FFDA         	movff	memcpy@s+1,fsr2h
  8135   003FEE  50DF               	movf	indf2,w,c
  8136   003FF0  6F63               	movwf	memcpy@tmp& (0+255),b
  8137   003FF2                     
  8138                           ; BSR set to: 1
  8139   003FF2  4B66               	infsnz	memcpy@s& (0+255),f,b
  8140   003FF4  2B67               	incf	(memcpy@s+1)& (0+255),f,b
  8141   003FF6                     
  8142                           ; BSR set to: 1
  8143   003FF6  C164  FFD9         	movff	memcpy@d,fsr2l
  8144   003FFA  C165  FFDA         	movff	memcpy@d+1,fsr2h
  8145   003FFE  C163  FFDF         	movff	memcpy@tmp,indf2
  8146   004002                     
  8147                           ; BSR set to: 1
  8148   004002  4B64               	infsnz	memcpy@d& (0+255),f,b
  8149   004004  2B65               	incf	(memcpy@d+1)& (0+255),f,b
  8150   004006                     l4198:
  8151   004006  0101               	movlb	1	; () banked
  8152   004008  0761               	decf	memcpy@n& (0+255),f,b
  8153   00400A  A0D8               	btfss	status,0,c
  8154   00400C  0762               	decf	(memcpy@n+1)& (0+255),f,b
  8155   00400E  2961               	incf	memcpy@n& (0+255),w,b
  8156   004010  E106               	bnz	u3551
  8157   004012  2962               	incf	(memcpy@n+1)& (0+255),w,b
  8158   004014  A4D8               	btfss	status,2,c
  8159   004016  EF0F  F020         	goto	u3551
  8160   00401A  EF11  F020         	goto	u3550
  8161   00401E                     u3551:
  8162   00401E  EFF3  F01F         	goto	l4190
  8163   004022                     u3550:
  8164   004022                     
  8165                           ; BSR set to: 1
  8166   004022  0012               	return		;funcret
  8167   004024                     __end_of_memcpy:
  8168                           	callstack 0
  8169                           
  8170 ;; *************** function _RingBuf_Available *****************
  8171 ;; Defined at:
  8172 ;;		line 40 in file "ringbuf.c"
  8173 ;; Parameters:    Size  Location     Type
  8174 ;;  len             2    0[BANK1 ] PTR unsigned short 
  8175 ;;		 -> dbio_putstring@buf_len(2), dbio_getstring@buf_len(2), TXbyte_cbk@buf_len(2), RingBuf_DataWatch@aval_len(2), 
  8176 ;;		 -> RingBuf_DataRead@aval_len(2), RingBuf_DataPut@avaldat(2), 
  8177 ;;  rb              1    2[BANK1 ] PTR volatile struct RING
  8178 ;;		 -> RXringbuf(10), TXringbuf(10), 
  8179 ;; Auto vars:     Size  Location     Type
  8180 ;;		None
  8181 ;; Return value:  Size  Location     Type
  8182 ;;                  1    wreg      enum E691
  8183 ;; Registers used:
  8184 ;;		wreg, fsr1l, fsr1h, fsr2l, fsr2h, status,2, status,0
  8185 ;; Tracked objects:
  8186 ;;		On entry : 0/0
  8187 ;;		On exit  : 0/0
  8188 ;;		Unchanged: 0/0
  8189 ;; Data sizes:     COMRAM   BANK0   BANK1   BANK2   BANK3   BANK4   BANK5   BANK6   BANK7   BANK8   BANK9  BANK10  BANK1
      +1  BANK12  BANK13  BANK14
  8190 ;;      Params:         0       0       3       0       0       0       0       0       0       0       0       0       
      +0       0       0       0
  8191 ;;      Locals:         0       0       0       0       0       0       0       0       0       0       0       0       
      +0       0       0       0
  8192 ;;      Temps:          0       0      10       0       0       0       0       0       0       0       0       0       
      +0       0       0       0
  8193 ;;      Totals:         0       0      13       0       0       0       0       0       0       0       0       0       
      +0       0       0       0
  8194 ;;Total ram usage:       13 bytes
  8195 ;; Hardware stack levels used: 1
  8196 ;; Hardware stack levels required when called: 10
  8197 ;; This function calls:
  8198 ;;		Nothing
  8199 ;; This function is called by:
  8200 ;;		_RingBuf_DataPut
  8201 ;;		_RingBuf_DataRead
  8202 ;;		_RingBuf_DataWatch
  8203 ;;		_dbio_getstring
  8204 ;;		_dbio_putstring
  8205 ;; This function uses a non-reentrant model
  8206 ;;
  8207                           
  8208                           	psect	text31
  8209   002E1A                     __ptext31:
  8210                           	callstack 0
  8211   002E1A                     _RingBuf_Available:
  8212                           	callstack 17
  8213   002E1A                     
  8214                           ;ringbuf.c: 41:     if (rb->buf == ((void*)0)) return RINGBUF_PARAM_ERR;
  8215   002E1A  0101               	movlb	1	; () banked
  8216   002E1C  515F               	movf	RingBuf_Available@rb& (0+255),w,b
  8217   002E1E  6ED9               	movwf	fsr2l,c
  8218   002E20  6ADA               	clrf	fsr2h,c
  8219   002E22  50DE               	movf	postinc2,w,c
  8220   002E24  10DE               	iorwf	postinc2,w,c
  8221   002E26  A4D8               	btfss	status,2,c
  8222   002E28  EF18  F017         	goto	u3531
  8223   002E2C  EF1A  F017         	goto	u3530
  8224   002E30                     u3531:
  8225   002E30  EF1C  F017         	goto	l4180
  8226   002E34                     u3530:
  8227   002E34  EF82  F017         	goto	l191
  8228   002E38                     l4180:
  8229                           
  8230                           ; BSR set to: 1
  8231                           ;ringbuf.c: 42:     if (rb->head < rb->tail)
  8232   002E38  515F               	movf	RingBuf_Available@rb& (0+255),w,b
  8233   002E3A  6ED9               	movwf	fsr2l,c
  8234   002E3C  6ADA               	clrf	fsr2h,c
  8235   002E3E  0E02               	movlw	2
  8236   002E40  26D9               	addwf	fsr2l,f,c
  8237   002E42  515F               	movf	RingBuf_Available@rb& (0+255),w,b
  8238   002E44  6EE1               	movwf	fsr1l,c
  8239   002E46  6AE2               	clrf	fsr1h,c
  8240   002E48  0E04               	movlw	4
  8241   002E4A  26E1               	addwf	fsr1l,f,c
  8242   002E4C  50DE               	movf	postinc2,w,c
  8243   002E4E  5CE6               	subwf	postinc1,w,c
  8244   002E50  50DE               	movf	postinc2,w,c
  8245   002E52  58E6               	subwfb	postinc1,w,c
  8246   002E54  B0D8               	btfsc	status,0,c
  8247   002E56  EF2F  F017         	goto	u3541
  8248   002E5A  EF31  F017         	goto	u3540
  8249   002E5E                     u3541:
  8250   002E5E  EF62  F017         	goto	l4184
  8251   002E62                     u3540:
  8252   002E62                     
  8253                           ; BSR set to: 1
  8254                           ;ringbuf.c: 43:         *len = rb->size - rb->tail + rb->head;
  8255   002E62  515F               	movf	RingBuf_Available@rb& (0+255),w,b
  8256   002E64  6ED9               	movwf	fsr2l,c
  8257   002E66  6ADA               	clrf	fsr2h,c
  8258   002E68  0E04               	movlw	4
  8259   002E6A  26D9               	addwf	fsr2l,f,c
  8260   002E6C  CFDE F160          	movff	postinc2,??_RingBuf_Available
  8261   002E70  CFDD F161          	movff	postdec2,??_RingBuf_Available+1
  8262   002E74  515F               	movf	RingBuf_Available@rb& (0+255),w,b
  8263   002E76  6ED9               	movwf	fsr2l,c
  8264   002E78  6ADA               	clrf	fsr2h,c
  8265   002E7A  0E02               	movlw	2
  8266   002E7C  26D9               	addwf	fsr2l,f,c
  8267   002E7E  CFDE F162          	movff	postinc2,??_RingBuf_Available+2
  8268   002E82  CFDD F163          	movff	postdec2,??_RingBuf_Available+3
  8269   002E86  515F               	movf	RingBuf_Available@rb& (0+255),w,b
  8270   002E88  6ED9               	movwf	fsr2l,c
  8271   002E8A  6ADA               	clrf	fsr2h,c
  8272   002E8C  0E06               	movlw	6
  8273   002E8E  26D9               	addwf	fsr2l,f,c
  8274   002E90  CFDE F164          	movff	postinc2,??_RingBuf_Available+4
  8275   002E94  CFDD F165          	movff	postdec2,??_RingBuf_Available+5
  8276   002E98  5162               	movf	(??_RingBuf_Available+2)& (0+255),w,b
  8277   002E9A  5D64               	subwf	(??_RingBuf_Available+4)& (0+255),w,b
  8278   002E9C  6F66               	movwf	(??_RingBuf_Available+6)& (0+255),b
  8279   002E9E  5163               	movf	(??_RingBuf_Available+3)& (0+255),w,b
  8280   002EA0  5965               	subwfb	(??_RingBuf_Available+5)& (0+255),w,b
  8281   002EA2  6F67               	movwf	(??_RingBuf_Available+7)& (0+255),b
  8282   002EA4  5160               	movf	??_RingBuf_Available& (0+255),w,b
  8283   002EA6  2566               	addwf	(??_RingBuf_Available+6)& (0+255),w,b
  8284   002EA8  6F68               	movwf	(??_RingBuf_Available+8)& (0+255),b
  8285   002EAA  5161               	movf	(??_RingBuf_Available+1)& (0+255),w,b
  8286   002EAC  2167               	addwfc	(??_RingBuf_Available+7)& (0+255),w,b
  8287   002EAE  6F69               	movwf	(??_RingBuf_Available+9)& (0+255),b
  8288   002EB0  C15D  FFD9         	movff	RingBuf_Available@len,fsr2l
  8289   002EB4  C15E  FFDA         	movff	RingBuf_Available@len+1,fsr2h
  8290   002EB8  C168  FFDE         	movff	??_RingBuf_Available+8,postinc2
  8291   002EBC  C169  FFDD         	movff	??_RingBuf_Available+9,postdec2
  8292   002EC0  EF82  F017         	goto	l191
  8293   002EC4                     l4184:
  8294                           
  8295                           ; BSR set to: 1
  8296                           ;ringbuf.c: 45:         *len = rb->head - rb->tail;
  8297   002EC4  515F               	movf	RingBuf_Available@rb& (0+255),w,b
  8298   002EC6  6ED9               	movwf	fsr2l,c
  8299   002EC8  6ADA               	clrf	fsr2h,c
  8300   002ECA  0E02               	movlw	2
  8301   002ECC  26D9               	addwf	fsr2l,f,c
  8302   002ECE  CFDE F160          	movff	postinc2,??_RingBuf_Available
  8303   002ED2  CFDD F161          	movff	postdec2,??_RingBuf_Available+1
  8304   002ED6  515F               	movf	RingBuf_Available@rb& (0+255),w,b
  8305   002ED8  6ED9               	movwf	fsr2l,c
  8306   002EDA  6ADA               	clrf	fsr2h,c
  8307   002EDC  0E04               	movlw	4
  8308   002EDE  26D9               	addwf	fsr2l,f,c
  8309   002EE0  CFDE F162          	movff	postinc2,??_RingBuf_Available+2
  8310   002EE4  CFDD F163          	movff	postdec2,??_RingBuf_Available+3
  8311   002EE8  5160               	movf	??_RingBuf_Available& (0+255),w,b
  8312   002EEA  5D62               	subwf	(??_RingBuf_Available+2)& (0+255),w,b
  8313   002EEC  6F64               	movwf	(??_RingBuf_Available+4)& (0+255),b
  8314   002EEE  5161               	movf	(??_RingBuf_Available+1)& (0+255),w,b
  8315   002EF0  5963               	subwfb	(??_RingBuf_Available+3)& (0+255),w,b
  8316   002EF2  6F65               	movwf	(??_RingBuf_Available+5)& (0+255),b
  8317   002EF4  C15D  FFD9         	movff	RingBuf_Available@len,fsr2l
  8318   002EF8  C15E  FFDA         	movff	RingBuf_Available@len+1,fsr2h
  8319   002EFC  C164  FFDE         	movff	??_RingBuf_Available+4,postinc2
  8320   002F00  C165  FFDD         	movff	??_RingBuf_Available+5,postdec2
  8321   002F04                     l191:
  8322                           
  8323                           ; BSR set to: 1
  8324   002F04  0012               	return		;funcret
  8325   002F06                     __end_of_RingBuf_Available:
  8326                           	callstack 0
  8327                           
  8328 ;; *************** function _RTC_init *****************
  8329 ;; Defined at:
  8330 ;;		line 18 in file "RTC.c"
  8331 ;; Parameters:    Size  Location     Type
  8332 ;;		None
  8333 ;; Auto vars:     Size  Location     Type
  8334 ;;		None
  8335 ;; Return value:  Size  Location     Type
  8336 ;;                  1    wreg      void 
  8337 ;; Registers used:
  8338 ;;		wreg, status,2, status,0, cstack
  8339 ;; Tracked objects:
  8340 ;;		On entry : 0/0
  8341 ;;		On exit  : 0/0
  8342 ;;		Unchanged: 0/0
  8343 ;; Data sizes:     COMRAM   BANK0   BANK1   BANK2   BANK3   BANK4   BANK5   BANK6   BANK7   BANK8   BANK9  BANK10  BANK1
      +1  BANK12  BANK13  BANK14
  8344 ;;      Params:         0       0       0       0       0       0       0       0       0       0       0       0       
      +0       0       0       0
  8345 ;;      Locals:         0       0       0       0       0       0       0       0       0       0       0       0       
      +0       0       0       0
  8346 ;;      Temps:          0       0       0       0       0       0       0       0       0       0       0       0       
      +0       0       0       0
  8347 ;;      Totals:         0       0       0       0       0       0       0       0       0       0       0       0       
      +0       0       0       0
  8348 ;;Total ram usage:        0 bytes
  8349 ;; Hardware stack levels used: 1
  8350 ;; Hardware stack levels required when called: 12
  8351 ;; This function calls:
  8352 ;;		_delay_ms
  8353 ;; This function is called by:
  8354 ;;		_main
  8355 ;; This function uses a non-reentrant model
  8356 ;;
  8357                           
  8358                           	psect	text32
  8359   0043FC                     __ptext32:
  8360                           	callstack 0
  8361   0043FC                     _RTC_init:
  8362                           	callstack 18
  8363   0043FC                     
  8364                           ;RTC.c: 20:   TRISCbits.TRISC0 = 1;
  8365   0043FC  8094               	bsf	148,0,c	;volatile
  8366                           
  8367                           ;RTC.c: 21:   TRISCbits.TRISC1 = 1;
  8368   0043FE  8294               	bsf	148,1,c	;volatile
  8369                           
  8370                           ;RTC.c: 22:   T1CONbits.T1OSCEN = 1;
  8371   004400  86CD               	bsf	205,3,c	;volatile
  8372   004402                     
  8373                           ;RTC.c: 23:   delay_ms(50);
  8374   004402  0E32               	movlw	50
  8375   004404  0101               	movlb	1	; () banked
  8376   004406  6F69               	movwf	delay_ms@del& (0+255),b
  8377   004408  0E00               	movlw	0
  8378   00440A  6F6A               	movwf	(delay_ms@del+1)& (0+255),b
  8379   00440C  0E00               	movlw	0
  8380   00440E  6F6B               	movwf	(delay_ms@del+2)& (0+255),b
  8381   004410  0E00               	movlw	0
  8382   004412  6F6C               	movwf	(delay_ms@del+3)& (0+255),b
  8383   004414  EC12  F020         	call	_delay_ms	;wreg free
  8384   004418  0012               	return		;funcret
  8385   00441A                     __end_of_RTC_init:
  8386                           	callstack 0
  8387                           
  8388 ;; *************** function _delay_ms *****************
  8389 ;; Defined at:
  8390 ;;		line 116 in file "system.c"
  8391 ;; Parameters:    Size  Location     Type
  8392 ;;  del             4   12[BANK1 ] unsigned long 
  8393 ;; Auto vars:     Size  Location     Type
  8394 ;;  temp_time       4   20[BANK1 ] volatile unsigned long 
  8395 ;; Return value:  Size  Location     Type
  8396 ;;                  1    wreg      void 
  8397 ;; Registers used:
  8398 ;;		wreg, status,2, status,0, cstack
  8399 ;; Tracked objects:
  8400 ;;		On entry : 0/0
  8401 ;;		On exit  : 0/0
  8402 ;;		Unchanged: 0/0
  8403 ;; Data sizes:     COMRAM   BANK0   BANK1   BANK2   BANK3   BANK4   BANK5   BANK6   BANK7   BANK8   BANK9  BANK10  BANK1
      +1  BANK12  BANK13  BANK14
  8404 ;;      Params:         0       0       4       0       0       0       0       0       0       0       0       0       
      +0       0       0       0
  8405 ;;      Locals:         0       0       4       0       0       0       0       0       0       0       0       0       
      +0       0       0       0
  8406 ;;      Temps:          0       0       4       0       0       0       0       0       0       0       0       0       
      +0       0       0       0
  8407 ;;      Totals:         0       0      12       0       0       0       0       0       0       0       0       0       
      +0       0       0       0
  8408 ;;Total ram usage:       12 bytes
  8409 ;; Hardware stack levels used: 1
  8410 ;; Hardware stack levels required when called: 10
  8411 ;; This function calls:
  8412 ;;		_get_ms
  8413 ;; This function is called by:
  8414 ;;		_main
  8415 ;;		_RTC_init
  8416 ;; This function uses a non-reentrant model
  8417 ;;
  8418                           
  8419                           	psect	text33
  8420   004024                     __ptext33:
  8421                           	callstack 0
  8422   004024                     _delay_ms:
  8423                           	callstack 19
  8424   004024                     
  8425                           ;system.c: 116: void delay_ms(uint32_t del);system.c: 117: {;system.c: 118:   volatile u
      +                          int32_t temp_time = get_ms();
  8426   004024  EC4D  F01E         	call	_get_ms	;wreg free
  8427   004028  C15D  F171         	movff	?_get_ms,delay_ms@temp_time	;volatile
  8428   00402C  C15E  F172         	movff	?_get_ms+1,delay_ms@temp_time+1	;volatile
  8429   004030  C15F  F173         	movff	?_get_ms+2,delay_ms@temp_time+2	;volatile
  8430   004034  C160  F174         	movff	?_get_ms+3,delay_ms@temp_time+3	;volatile
  8431   004038                     l4592:
  8432   004038  EC4D  F01E         	call	_get_ms	;wreg free
  8433   00403C  0101               	movlb	1	; () banked
  8434   00403E  5171               	movf	delay_ms@temp_time& (0+255),w,b	;volatile
  8435   004040  5D5D               	subwf	?_get_ms& (0+255),w,b
  8436   004042  6F6D               	movwf	??_delay_ms& (0+255),b
  8437   004044  5172               	movf	(delay_ms@temp_time+1)& (0+255),w,b	;volatile
  8438   004046  595E               	subwfb	(?_get_ms+1)& (0+255),w,b
  8439   004048  6F6E               	movwf	(??_delay_ms+1)& (0+255),b
  8440   00404A  5173               	movf	(delay_ms@temp_time+2)& (0+255),w,b	;volatile
  8441   00404C  595F               	subwfb	(?_get_ms+2)& (0+255),w,b
  8442   00404E  6F6F               	movwf	(??_delay_ms+2)& (0+255),b
  8443   004050  5174               	movf	(delay_ms@temp_time+3)& (0+255),w,b	;volatile
  8444   004052  5960               	subwfb	(?_get_ms+3)& (0+255),w,b
  8445   004054  6F70               	movwf	(??_delay_ms+3)& (0+255),b
  8446   004056  5169               	movf	delay_ms@del& (0+255),w,b
  8447   004058  5D6D               	subwf	??_delay_ms& (0+255),w,b
  8448   00405A  516A               	movf	(delay_ms@del+1)& (0+255),w,b
  8449   00405C  596E               	subwfb	(??_delay_ms+1)& (0+255),w,b
  8450   00405E  516B               	movf	(delay_ms@del+2)& (0+255),w,b
  8451   004060  596F               	subwfb	(??_delay_ms+2)& (0+255),w,b
  8452   004062  516C               	movf	(delay_ms@del+3)& (0+255),w,b
  8453   004064  5970               	subwfb	(??_delay_ms+3)& (0+255),w,b
  8454   004066  A0D8               	btfss	status,0,c
  8455   004068  EF38  F020         	goto	u4131
  8456   00406C  EF3A  F020         	goto	u4130
  8457   004070                     u4131:
  8458   004070  EF1C  F020         	goto	l4592
  8459   004074                     u4130:
  8460   004074                     
  8461                           ; BSR set to: 1
  8462   004074  0012               	return		;funcret
  8463   004076                     __end_of_delay_ms:
  8464                           	callstack 0
  8465                           
  8466 ;; *************** function _get_ms *****************
  8467 ;; Defined at:
  8468 ;;		line 122 in file "system.c"
  8469 ;; Parameters:    Size  Location     Type
  8470 ;;		None
  8471 ;; Auto vars:     Size  Location     Type
  8472 ;;  retval_2        4    8[BANK1 ] unsigned long 
  8473 ;;  retval_1        4    4[BANK1 ] unsigned long 
  8474 ;; Return value:  Size  Location     Type
  8475 ;;                  4    0[BANK1 ] unsigned long 
  8476 ;; Registers used:
  8477 ;;		wreg, status,2, status,0
  8478 ;; Tracked objects:
  8479 ;;		On entry : 0/0
  8480 ;;		On exit  : 0/0
  8481 ;;		Unchanged: 0/0
  8482 ;; Data sizes:     COMRAM   BANK0   BANK1   BANK2   BANK3   BANK4   BANK5   BANK6   BANK7   BANK8   BANK9  BANK10  BANK1
      +1  BANK12  BANK13  BANK14
  8483 ;;      Params:         0       0       4       0       0       0       0       0       0       0       0       0       
      +0       0       0       0
  8484 ;;      Locals:         0       0       8       0       0       0       0       0       0       0       0       0       
      +0       0       0       0
  8485 ;;      Temps:          0       0       0       0       0       0       0       0       0       0       0       0       
      +0       0       0       0
  8486 ;;      Totals:         0       0      12       0       0       0       0       0       0       0       0       0       
      +0       0       0       0
  8487 ;;Total ram usage:       12 bytes
  8488 ;; Hardware stack levels used: 1
  8489 ;; Hardware stack levels required when called: 10
  8490 ;; This function calls:
  8491 ;;		Nothing
  8492 ;; This function is called by:
  8493 ;;		_main
  8494 ;;		_delay_ms
  8495 ;;		_dbio_getstring
  8496 ;; This function uses a non-reentrant model
  8497 ;;
  8498                           
  8499                           	psect	text34
  8500   003C9A                     __ptext34:
  8501                           	callstack 0
  8502   003C9A                     _get_ms:
  8503                           	callstack 18
  8504   003C9A                     
  8505                           ;system.c: 124:   uint32_t retval_1 = timestamp;
  8506   003C9A  C04B  F161         	movff	_timestamp,get_ms@retval_1	;volatile
  8507   003C9E  C04C  F162         	movff	_timestamp+1,get_ms@retval_1+1	;volatile
  8508   003CA2  C04D  F163         	movff	_timestamp+2,get_ms@retval_1+2	;volatile
  8509   003CA6  C04E  F164         	movff	_timestamp+3,get_ms@retval_1+3	;volatile
  8510                           
  8511                           ;system.c: 125:   uint32_t retval_2 = timestamp;
  8512   003CAA  C04B  F165         	movff	_timestamp,get_ms@retval_2	;volatile
  8513   003CAE  C04C  F166         	movff	_timestamp+1,get_ms@retval_2+1	;volatile
  8514   003CB2  C04D  F167         	movff	_timestamp+2,get_ms@retval_2+2	;volatile
  8515   003CB6  C04E  F168         	movff	_timestamp+3,get_ms@retval_2+3	;volatile
  8516                           
  8517                           ;system.c: 126:   while(retval_1 != retval_2) {
  8518   003CBA  EF6F  F01E         	goto	l4322
  8519   003CBE                     l161:
  8520                           
  8521                           ; BSR set to: 1
  8522                           ;system.c: 127:     retval_1 = retval_2;
  8523   003CBE  C165  F161         	movff	get_ms@retval_2,get_ms@retval_1
  8524   003CC2  C166  F162         	movff	get_ms@retval_2+1,get_ms@retval_1+1
  8525   003CC6  C167  F163         	movff	get_ms@retval_2+2,get_ms@retval_1+2
  8526   003CCA  C168  F164         	movff	get_ms@retval_2+3,get_ms@retval_1+3
  8527                           
  8528                           ;system.c: 128:     retval_2 = timestamp;
  8529   003CCE  C04B  F165         	movff	_timestamp,get_ms@retval_2	;volatile
  8530   003CD2  C04C  F166         	movff	_timestamp+1,get_ms@retval_2+1	;volatile
  8531   003CD6  C04D  F167         	movff	_timestamp+2,get_ms@retval_2+2	;volatile
  8532   003CDA  C04E  F168         	movff	_timestamp+3,get_ms@retval_2+3	;volatile
  8533   003CDE                     l4322:
  8534                           
  8535                           ;system.c: 126:   while(retval_1 != retval_2) {
  8536   003CDE  0101               	movlb	1	; () banked
  8537   003CE0  5165               	movf	get_ms@retval_2& (0+255),w,b
  8538   003CE2  1961               	xorwf	get_ms@retval_1& (0+255),w,b
  8539   003CE4  E10D               	bnz	u3821
  8540   003CE6  5166               	movf	(get_ms@retval_2+1)& (0+255),w,b
  8541   003CE8  1962               	xorwf	(get_ms@retval_1+1)& (0+255),w,b
  8542   003CEA  E10A               	bnz	u3821
  8543   003CEC  5167               	movf	(get_ms@retval_2+2)& (0+255),w,b
  8544   003CEE  1963               	xorwf	(get_ms@retval_1+2)& (0+255),w,b
  8545   003CF0  E107               	bnz	u3821
  8546   003CF2  5168               	movf	(get_ms@retval_2+3)& (0+255),w,b
  8547   003CF4  1964               	xorwf	(get_ms@retval_1+3)& (0+255),w,b
  8548   003CF6  A4D8               	btfss	status,2,c
  8549   003CF8  EF80  F01E         	goto	u3821
  8550   003CFC  EF82  F01E         	goto	u3820
  8551   003D00                     u3821:
  8552   003D00  EF5F  F01E         	goto	l161
  8553   003D04                     u3820:
  8554   003D04                     
  8555                           ; BSR set to: 1
  8556                           ;system.c: 130:   return retval_2;
  8557   003D04  C165  F15D         	movff	get_ms@retval_2,?_get_ms
  8558   003D08  C166  F15E         	movff	get_ms@retval_2+1,?_get_ms+1
  8559   003D0C  C167  F15F         	movff	get_ms@retval_2+2,?_get_ms+2
  8560   003D10  C168  F160         	movff	get_ms@retval_2+3,?_get_ms+3
  8561   003D14                     
  8562                           ; BSR set to: 1
  8563   003D14  0012               	return		;funcret
  8564   003D16                     __end_of_get_ms:
  8565                           	callstack 0
  8566                           
  8567 ;; *************** function _ADC_stop_IT *****************
  8568 ;; Defined at:
  8569 ;;		line 53 in file "ADC.c"
  8570 ;; Parameters:    Size  Location     Type
  8571 ;;		None
  8572 ;; Auto vars:     Size  Location     Type
  8573 ;;		None
  8574 ;; Return value:  Size  Location     Type
  8575 ;;                  1    wreg      void 
  8576 ;; Registers used:
  8577 ;;		wreg, status,2
  8578 ;; Tracked objects:
  8579 ;;		On entry : 0/0
  8580 ;;		On exit  : 0/0
  8581 ;;		Unchanged: 0/0
  8582 ;; Data sizes:     COMRAM   BANK0   BANK1   BANK2   BANK3   BANK4   BANK5   BANK6   BANK7   BANK8   BANK9  BANK10  BANK1
      +1  BANK12  BANK13  BANK14
  8583 ;;      Params:         0       0       0       0       0       0       0       0       0       0       0       0       
      +0       0       0       0
  8584 ;;      Locals:         0       0       0       0       0       0       0       0       0       0       0       0       
      +0       0       0       0
  8585 ;;      Temps:          0       0       0       0       0       0       0       0       0       0       0       0       
      +0       0       0       0
  8586 ;;      Totals:         0       0       0       0       0       0       0       0       0       0       0       0       
      +0       0       0       0
  8587 ;;Total ram usage:        0 bytes
  8588 ;; Hardware stack levels used: 1
  8589 ;; Hardware stack levels required when called: 10
  8590 ;; This function calls:
  8591 ;;		Nothing
  8592 ;; This function is called by:
  8593 ;;		_main
  8594 ;; This function uses a non-reentrant model
  8595 ;;
  8596                           
  8597                           	psect	text35
  8598   004428                     __ptext35:
  8599                           	callstack 0
  8600   004428                     _ADC_stop_IT:
  8601                           	callstack 20
  8602   004428                     
  8603                           ;ADC.c: 55:   ChanIndx = 0;
  8604   004428  6A54               	clrf	(_ChanIndx+1)^0,c
  8605   00442A  0E00               	movlw	0
  8606   00442C  6E53               	movwf	_ChanIndx^0,c
  8607   00442E                     
  8608                           ;ADC.c: 56:   ADCON0bits.ADON = 0;
  8609   00442E  90C2               	bcf	194,0,c	;volatile
  8610   004430                     
  8611                           ;ADC.c: 57:   ADIF = 0;
  8612   004430  9C9E               	bcf	3998,6,c	;volatile
  8613   004432                     
  8614                           ;ADC.c: 58:   ADIE = 0;
  8615   004432  9C9D               	bcf	3997,6,c	;volatile
  8616   004434  0012               	return		;funcret
  8617   004436                     __end_of_ADC_stop_IT:
  8618                           	callstack 0
  8619                           
  8620 ;; *************** function _ADC_start_IT *****************
  8621 ;; Defined at:
  8622 ;;		line 44 in file "ADC.c"
  8623 ;; Parameters:    Size  Location     Type
  8624 ;;		None
  8625 ;; Auto vars:     Size  Location     Type
  8626 ;;		None
  8627 ;; Return value:  Size  Location     Type
  8628 ;;                  1    wreg      void 
  8629 ;; Registers used:
  8630 ;;		wreg, fsr2l, fsr2h, status,2, status,0
  8631 ;; Tracked objects:
  8632 ;;		On entry : 0/0
  8633 ;;		On exit  : 0/0
  8634 ;;		Unchanged: 0/0
  8635 ;; Data sizes:     COMRAM   BANK0   BANK1   BANK2   BANK3   BANK4   BANK5   BANK6   BANK7   BANK8   BANK9  BANK10  BANK1
      +1  BANK12  BANK13  BANK14
  8636 ;;      Params:         0       0       0       0       0       0       0       0       0       0       0       0       
      +0       0       0       0
  8637 ;;      Locals:         0       0       0       0       0       0       0       0       0       0       0       0       
      +0       0       0       0
  8638 ;;      Temps:          0       0       1       0       0       0       0       0       0       0       0       0       
      +0       0       0       0
  8639 ;;      Totals:         0       0       1       0       0       0       0       0       0       0       0       0       
      +0       0       0       0
  8640 ;;Total ram usage:        1 bytes
  8641 ;; Hardware stack levels used: 1
  8642 ;; Hardware stack levels required when called: 10
  8643 ;; This function calls:
  8644 ;;		Nothing
  8645 ;; This function is called by:
  8646 ;;		_main
  8647 ;; This function uses a non-reentrant model
  8648 ;;
  8649                           
  8650                           	psect	text36
  8651   0043D2                     __ptext36:
  8652                           	callstack 0
  8653   0043D2                     _ADC_start_IT:
  8654                           	callstack 20
  8655   0043D2                     
  8656                           ;ADC.c: 46:   ChanIndx = 0;
  8657   0043D2  6A54               	clrf	(_ChanIndx+1)^0,c
  8658   0043D4  0E00               	movlw	0
  8659   0043D6  6E53               	movwf	_ChanIndx^0,c
  8660   0043D8                     
  8661                           ;ADC.c: 47:   ADCON0bits.CHS = ChanNum[ChanIndx];
  8662   0043D8  5053               	movf	_ChanIndx^0,w,c
  8663   0043DA  0FCF               	addlw	low _ChanNum
  8664   0043DC  6ED9               	movwf	fsr2l,c
  8665   0043DE  6ADA               	clrf	fsr2h,c
  8666   0043E0  50DF               	movf	indf2,w,c
  8667   0043E2  0101               	movlb	1	; () banked
  8668   0043E4  6F5D               	movwf	??_ADC_start_IT& (0+255),b
  8669   0043E6  475D               	rlncf	??_ADC_start_IT& (0+255),f,b
  8670   0043E8  475D               	rlncf	??_ADC_start_IT& (0+255),f,b
  8671   0043EA  50C2               	movf	194,w,c	;volatile
  8672   0043EC  195D               	xorwf	??_ADC_start_IT& (0+255),w,b
  8673   0043EE  0BC3               	andlw	-61
  8674   0043F0  195D               	xorwf	??_ADC_start_IT& (0+255),w,b
  8675   0043F2  6EC2               	movwf	194,c	;volatile
  8676   0043F4                     
  8677                           ; BSR set to: 1
  8678                           ;ADC.c: 48:   ADIF = 0;
  8679   0043F4  9C9E               	bcf	3998,6,c	;volatile
  8680   0043F6                     
  8681                           ; BSR set to: 1
  8682                           ;ADC.c: 49:   ADIE = 1;
  8683   0043F6  8C9D               	bsf	3997,6,c	;volatile
  8684   0043F8                     
  8685                           ; BSR set to: 1
  8686                           ;ADC.c: 50:   ADCON0bits.GODONE = 1;
  8687   0043F8  82C2               	bsf	194,1,c	;volatile
  8688   0043FA                     
  8689                           ; BSR set to: 1
  8690   0043FA  0012               	return		;funcret
  8691   0043FC                     __end_of_ADC_start_IT:
  8692                           	callstack 0
  8693                           
  8694 ;; *************** function _ADC_init *****************
  8695 ;; Defined at:
  8696 ;;		line 61 in file "ADC.c"
  8697 ;; Parameters:    Size  Location     Type
  8698 ;;		None
  8699 ;; Auto vars:     Size  Location     Type
  8700 ;;  chanmax         2    3[BANK1 ] int 
  8701 ;; Return value:  Size  Location     Type
  8702 ;;                  1    wreg      void 
  8703 ;; Registers used:
  8704 ;;		wreg, fsr2l, fsr2h, status,2, status,0, prodl, prodh, cstack
  8705 ;; Tracked objects:
  8706 ;;		On entry : 0/0
  8707 ;;		On exit  : 0/0
  8708 ;;		Unchanged: 0/0
  8709 ;; Data sizes:     COMRAM   BANK0   BANK1   BANK2   BANK3   BANK4   BANK5   BANK6   BANK7   BANK8   BANK9  BANK10  BANK1
      +1  BANK12  BANK13  BANK14
  8710 ;;      Params:         0       0       0       0       0       0       0       0       0       0       0       0       
      +0       0       0       0
  8711 ;;      Locals:         0       0       2       0       0       0       0       0       0       0       0       0       
      +0       0       0       0
  8712 ;;      Temps:          0       0       0       0       0       0       0       0       0       0       0       0       
      +0       0       0       0
  8713 ;;      Totals:         0       0       2       0       0       0       0       0       0       0       0       0       
      +0       0       0       0
  8714 ;;Total ram usage:        2 bytes
  8715 ;; Hardware stack levels used: 1
  8716 ;; Hardware stack levels required when called: 11
  8717 ;; This function calls:
  8718 ;;		_sys_regiter_IRQ_clbk
  8719 ;;		_sys_regiter_ms_clbk
  8720 ;; This function is called by:
  8721 ;;		_main
  8722 ;; This function uses a non-reentrant model
  8723 ;;
  8724                           
  8725                           	psect	text37
  8726   003B0C                     __ptext37:
  8727                           	callstack 0
  8728   003B0C                     _ADC_init:
  8729                           	callstack 19
  8730   003B0C                     
  8731                           ;ADC.c: 63:   int chanmax = 0;
  8732   003B0C  0101               	movlb	1	; () banked
  8733   003B0E  6B61               	clrf	(ADC_init@chanmax+1)& (0+255),b
  8734   003B10  0E00               	movlw	0
  8735   003B12  6F60               	movwf	ADC_init@chanmax& (0+255),b
  8736   003B14                     
  8737                           ; BSR set to: 1
  8738                           ;ADC.c: 65:   ANCON0 = 0xFF;
  8739   003B14  010F               	movlb	15	; () banked
  8740   003B16  6948               	setf	72,b	;volatile
  8741                           
  8742                           ;ADC.c: 66:   ANCON1 = 0x1F;
  8743   003B18  0E1F               	movlw	31
  8744   003B1A  6F49               	movwf	73,b	;volatile
  8745   003B1C                     
  8746                           ; BSR set to: 15
  8747                           ;ADC.c: 69:   ChanNum[chanmax++] = 0;
  8748   003B1C  0100               	movlb	0	; () banked
  8749   003B1E  6BCF               	clrf	_ChanNum& (0+255),b
  8750   003B20                     
  8751                           ; BSR set to: 0
  8752   003B20  0101               	movlb	1	; () banked
  8753   003B22  4B60               	infsnz	ADC_init@chanmax& (0+255),f,b
  8754   003B24  2B61               	incf	(ADC_init@chanmax+1)& (0+255),f,b
  8755   003B26                     
  8756                           ; BSR set to: 1
  8757                           ;ADC.c: 70:   TRISAbits.TRISA0 = 1;
  8758   003B26  8092               	bsf	146,0,c	;volatile
  8759   003B28                     
  8760                           ; BSR set to: 1
  8761                           ;ADC.c: 71:   ANCON0bits.PCFG0 = 0;
  8762   003B28  010F               	movlb	15	; () banked
  8763   003B2A  9148               	bcf	72,0,b	;volatile
  8764   003B2C                     
  8765                           ; BSR set to: 15
  8766                           ;ADC.c: 74:   ChanNum[chanmax++] = 1;
  8767   003B2C  0101               	movlb	1	; () banked
  8768   003B2E  5160               	movf	ADC_init@chanmax& (0+255),w,b
  8769   003B30  0FCF               	addlw	low _ChanNum
  8770   003B32  6ED9               	movwf	fsr2l,c
  8771   003B34  6ADA               	clrf	fsr2h,c
  8772   003B36  0E01               	movlw	1
  8773   003B38  6EDF               	movwf	indf2,c
  8774   003B3A                     
  8775                           ; BSR set to: 1
  8776   003B3A  4B60               	infsnz	ADC_init@chanmax& (0+255),f,b
  8777   003B3C  2B61               	incf	(ADC_init@chanmax+1)& (0+255),f,b
  8778   003B3E                     
  8779                           ; BSR set to: 1
  8780                           ;ADC.c: 75:   TRISAbits.TRISA1 = 1;
  8781   003B3E  8292               	bsf	146,1,c	;volatile
  8782   003B40                     
  8783                           ; BSR set to: 1
  8784                           ;ADC.c: 76:   ANCON0bits.PCFG1 = 0;
  8785   003B40  010F               	movlb	15	; () banked
  8786   003B42  9348               	bcf	72,1,b	;volatile
  8787   003B44                     
  8788                           ; BSR set to: 15
  8789                           ;ADC.c: 79:   ChanNum[chanmax++] = 2;
  8790   003B44  0101               	movlb	1	; () banked
  8791   003B46  5160               	movf	ADC_init@chanmax& (0+255),w,b
  8792   003B48  0FCF               	addlw	low _ChanNum
  8793   003B4A  6ED9               	movwf	fsr2l,c
  8794   003B4C  6ADA               	clrf	fsr2h,c
  8795   003B4E  0E02               	movlw	2
  8796   003B50  6EDF               	movwf	indf2,c
  8797   003B52                     
  8798                           ; BSR set to: 1
  8799   003B52  4B60               	infsnz	ADC_init@chanmax& (0+255),f,b
  8800   003B54  2B61               	incf	(ADC_init@chanmax+1)& (0+255),f,b
  8801   003B56                     
  8802                           ; BSR set to: 1
  8803                           ;ADC.c: 80:   TRISAbits.TRISA2 = 1;
  8804   003B56  8492               	bsf	146,2,c	;volatile
  8805   003B58                     
  8806                           ; BSR set to: 1
  8807                           ;ADC.c: 81:   ANCON0bits.PCFG2 = 0;
  8808   003B58  010F               	movlb	15	; () banked
  8809   003B5A  9548               	bcf	72,2,b	;volatile
  8810   003B5C                     
  8811                           ; BSR set to: 15
  8812                           ;ADC.c: 140:   ADCON0bits.VCFG = 0b00;
  8813   003B5C  0E3F               	movlw	-193
  8814   003B5E  16C2               	andwf	194,f,c	;volatile
  8815   003B60                     
  8816                           ; BSR set to: 15
  8817                           ;ADC.c: 146:   ADCON1bits.ADFM = 1;
  8818   003B60  8EC1               	bsf	193,7,c	;volatile
  8819   003B62                     
  8820                           ; BSR set to: 15
  8821                           ;ADC.c: 148:   ADCON1bits.ADCS = 0b110;
  8822   003B62  50C1               	movf	193,w,c	;volatile
  8823   003B64  0BF8               	andlw	-8
  8824   003B66  0906               	iorlw	6
  8825   003B68  6EC1               	movwf	193,c	;volatile
  8826   003B6A                     
  8827                           ; BSR set to: 15
  8828                           ;ADC.c: 156:   ADCON1bits.ACQT = 0b111;
  8829   003B6A  0E38               	movlw	56
  8830   003B6C  12C1               	iorwf	193,f,c	;volatile
  8831   003B6E                     
  8832                           ; BSR set to: 15
  8833                           ;ADC.c: 165:   IPR1bits.ADIP = 0;
  8834   003B6E  9C9F               	bcf	159,6,c	;volatile
  8835   003B70                     
  8836                           ; BSR set to: 15
  8837                           ;ADC.c: 167:   sys_regiter_IRQ_clbk(ADC_cplt_cbk, 0);
  8838   003B70  0E42               	movlw	low _ADC_cplt_cbk
  8839   003B72  0101               	movlb	1	; () banked
  8840   003B74  6F5D               	movwf	sys_regiter_IRQ_clbk@cbk& (0+255),b
  8841   003B76  0E37               	movlw	high _ADC_cplt_cbk
  8842   003B78  6F5E               	movwf	(sys_regiter_IRQ_clbk@cbk+1)& (0+255),b
  8843   003B7A  0E00               	movlw	0
  8844   003B7C  6F5F               	movwf	sys_regiter_IRQ_clbk@IPrio& (0+255),b
  8845   003B7E  EC0E  F01E         	call	_sys_regiter_IRQ_clbk	;wreg free
  8846   003B82                     
  8847                           ;ADC.c: 168:   sys_regiter_ms_clbk(ADC_ms_cbk);
  8848   003B82  0E42               	movlw	low _ADC_ms_cbk
  8849   003B84  0101               	movlb	1	; () banked
  8850   003B86  6F5D               	movwf	sys_regiter_ms_clbk@clbk& (0+255),b
  8851   003B88  0E43               	movlw	high _ADC_ms_cbk
  8852   003B8A  6F5E               	movwf	(sys_regiter_ms_clbk@clbk+1)& (0+255),b
  8853   003B8C  ECBB  F021         	call	_sys_regiter_ms_clbk	;wreg free
  8854   003B90                     
  8855                           ;ADC.c: 170:   ADCON0bits.ADON = 1;
  8856   003B90  80C2               	bsf	194,0,c	;volatile
  8857   003B92  0012               	return		;funcret
  8858   003B94                     __end_of_ADC_init:
  8859                           	callstack 0
  8860                           
  8861 ;; *************** function _sys_regiter_ms_clbk *****************
  8862 ;; Defined at:
  8863 ;;		line 38 in file "system.c"
  8864 ;; Parameters:    Size  Location     Type
  8865 ;;  clbk            2    0[BANK1 ] PTR FTN()void 
  8866 ;;		 -> ADC_ms_cbk(1), blinky(1), 
  8867 ;; Auto vars:     Size  Location     Type
  8868 ;;		None
  8869 ;; Return value:  Size  Location     Type
  8870 ;;                  1    wreg      unsigned char 
  8871 ;; Registers used:
  8872 ;;		wreg, fsr2l, fsr2h, status,2, status,0, prodl, prodh
  8873 ;; Tracked objects:
  8874 ;;		On entry : 0/0
  8875 ;;		On exit  : 0/0
  8876 ;;		Unchanged: 0/0
  8877 ;; Data sizes:     COMRAM   BANK0   BANK1   BANK2   BANK3   BANK4   BANK5   BANK6   BANK7   BANK8   BANK9  BANK10  BANK1
      +1  BANK12  BANK13  BANK14
  8878 ;;      Params:         0       0       2       0       0       0       0       0       0       0       0       0       
      +0       0       0       0
  8879 ;;      Locals:         0       0       0       0       0       0       0       0       0       0       0       0       
      +0       0       0       0
  8880 ;;      Temps:          0       0       0       0       0       0       0       0       0       0       0       0       
      +0       0       0       0
  8881 ;;      Totals:         0       0       2       0       0       0       0       0       0       0       0       0       
      +0       0       0       0
  8882 ;;Total ram usage:        2 bytes
  8883 ;; Hardware stack levels used: 1
  8884 ;; Hardware stack levels required when called: 10
  8885 ;; This function calls:
  8886 ;;		Nothing
  8887 ;; This function is called by:
  8888 ;;		_main
  8889 ;;		_ADC_init
  8890 ;; This function uses a non-reentrant model
  8891 ;;
  8892                           
  8893                           	psect	text38
  8894   004376                     __ptext38:
  8895                           	callstack 0
  8896   004376                     _sys_regiter_ms_clbk:
  8897                           	callstack 19
  8898   004376                     
  8899                           ;system.c: 38: uint8_t sys_regiter_ms_clbk(void (*clbk)(void));system.c: 39: {;system.c:
      +                           40:   if(ms_clbk_max >= 10) return 1;
  8900   004376  0E09               	movlw	9
  8901   004378  6458               	cpfsgt	_ms_clbk_max^0,c
  8902   00437A  EFC1  F021         	goto	u4121
  8903   00437E  EFC3  F021         	goto	u4120
  8904   004382                     u4121:
  8905   004382  EFC5  F021         	goto	l4584
  8906   004386                     u4120:
  8907   004386  EFD2  F021         	goto	l119
  8908   00438A                     l4584:
  8909                           
  8910                           ;system.c: 41:   ms_clbk[ms_clbk_max] = clbk;
  8911   00438A  5058               	movf	_ms_clbk_max^0,w,c
  8912   00438C  0D02               	mullw	2
  8913   00438E  0E20               	movlw	low _ms_clbk
  8914   004390  24F3               	addwf	243,w,c
  8915   004392  6ED9               	movwf	fsr2l,c
  8916   004394  0E01               	movlw	high _ms_clbk
  8917   004396  20F4               	addwfc	prodh,w,c
  8918   004398  6EDA               	movwf	fsr2h,c
  8919   00439A  C15D  FFDE         	movff	sys_regiter_ms_clbk@clbk,postinc2
  8920   00439E  C15E  FFDD         	movff	sys_regiter_ms_clbk@clbk+1,postdec2
  8921   0043A2                     
  8922                           ;system.c: 42:   ms_clbk_max++;
  8923   0043A2  2A58               	incf	_ms_clbk_max^0,f,c
  8924   0043A4                     l119:
  8925   0043A4  0012               	return		;funcret
  8926   0043A6                     __end_of_sys_regiter_ms_clbk:
  8927                           	callstack 0
  8928                           
  8929 ;; *************** function _sys_regiter_IRQ_clbk *****************
  8930 ;; Defined at:
  8931 ;;		line 19 in file "system.c"
  8932 ;; Parameters:    Size  Location     Type
  8933 ;;  cbk             2    0[BANK1 ] PTR FTN()void 
  8934 ;;		 -> ADC_cplt_cbk(1), RXbyte_cbk(1), TXbyte_cbk(1), 
  8935 ;;  IPrio           1    2[BANK1 ] unsigned char 
  8936 ;; Auto vars:     Size  Location     Type
  8937 ;;		None
  8938 ;; Return value:  Size  Location     Type
  8939 ;;                  1    wreg      unsigned char 
  8940 ;; Registers used:
  8941 ;;		wreg, fsr2l, fsr2h, status,2, status,0, prodl, prodh
  8942 ;; Tracked objects:
  8943 ;;		On entry : 0/0
  8944 ;;		On exit  : 0/0
  8945 ;;		Unchanged: 0/0
  8946 ;; Data sizes:     COMRAM   BANK0   BANK1   BANK2   BANK3   BANK4   BANK5   BANK6   BANK7   BANK8   BANK9  BANK10  BANK1
      +1  BANK12  BANK13  BANK14
  8947 ;;      Params:         0       0       3       0       0       0       0       0       0       0       0       0       
      +0       0       0       0
  8948 ;;      Locals:         0       0       0       0       0       0       0       0       0       0       0       0       
      +0       0       0       0
  8949 ;;      Temps:          0       0       0       0       0       0       0       0       0       0       0       0       
      +0       0       0       0
  8950 ;;      Totals:         0       0       3       0       0       0       0       0       0       0       0       0       
      +0       0       0       0
  8951 ;;Total ram usage:        3 bytes
  8952 ;; Hardware stack levels used: 1
  8953 ;; Hardware stack levels required when called: 10
  8954 ;; This function calls:
  8955 ;;		Nothing
  8956 ;; This function is called by:
  8957 ;;		_dbio_init
  8958 ;;		_ADC_init
  8959 ;; This function uses a non-reentrant model
  8960 ;;
  8961                           
  8962                           	psect	text39
  8963   003C1C                     __ptext39:
  8964                           	callstack 0
  8965   003C1C                     _sys_regiter_IRQ_clbk:
  8966                           	callstack 19
  8967   003C1C                     
  8968                           ;system.c: 19: uint8_t sys_regiter_IRQ_clbk(void (*cbk)(void), uint8_t IPrio);system.c: 
      +                          20: {;system.c: 21:   if(IPrio == 0)
  8969   003C1C  0101               	movlb	1	; () banked
  8970   003C1E  515F               	movf	sys_regiter_IRQ_clbk@IPrio& (0+255),w,b
  8971   003C20  A4D8               	btfss	status,2,c
  8972   003C22  EF15  F01E         	goto	u4141
  8973   003C26  EF17  F01E         	goto	u4140
  8974   003C2A                     u4141:
  8975   003C2A  EF2F  F01E         	goto	l4606
  8976   003C2E                     u4140:
  8977   003C2E                     
  8978                           ; BSR set to: 1
  8979                           ;system.c: 22:   {;system.c: 23:     if(IRQ_lpmax >= 10) return 1;
  8980   003C2E  0E09               	movlw	9
  8981   003C30  0100               	movlb	0	; () banked
  8982   003C32  65D2               	cpfsgt	_IRQ_lpmax& (0+255),b
  8983   003C34  EF1E  F01E         	goto	u4151
  8984   003C38  EF20  F01E         	goto	u4150
  8985   003C3C                     u4151:
  8986   003C3C  EF22  F01E         	goto	l4600
  8987   003C40                     u4150:
  8988   003C40  EF4C  F01E         	goto	l113
  8989   003C44                     l4600:
  8990                           
  8991                           ; BSR set to: 0
  8992                           ;system.c: 24:     IRQ_clbk_lp[IRQ_lpmax] = cbk;
  8993   003C44  51D2               	movf	_IRQ_lpmax& (0+255),w,b
  8994   003C46  0D02               	mullw	2
  8995   003C48  50F3               	movf	243,w,c
  8996   003C4A  0FBB               	addlw	low _IRQ_clbk_lp
  8997   003C4C  6ED9               	movwf	fsr2l,c
  8998   003C4E  6ADA               	clrf	fsr2h,c
  8999   003C50  C15D  FFDE         	movff	sys_regiter_IRQ_clbk@cbk,postinc2
  9000   003C54  C15E  FFDD         	movff	sys_regiter_IRQ_clbk@cbk+1,postdec2
  9001   003C58                     
  9002                           ; BSR set to: 0
  9003                           ;system.c: 25:     IRQ_lpmax++;
  9004   003C58  2BD2               	incf	_IRQ_lpmax& (0+255),f,b
  9005   003C5A  EF4C  F01E         	goto	l113
  9006   003C5E                     l4606:
  9007                           
  9008                           ; BSR set to: 1
  9009                           ;system.c: 28:   if(IPrio == 1)
  9010   003C5E  055F               	decf	sys_regiter_IRQ_clbk@IPrio& (0+255),w,b
  9011   003C60  A4D8               	btfss	status,2,c
  9012   003C62  EF35  F01E         	goto	u4161
  9013   003C66  EF37  F01E         	goto	u4160
  9014   003C6A                     u4161:
  9015   003C6A  EF4C  F01E         	goto	l113
  9016   003C6E                     u4160:
  9017   003C6E                     
  9018                           ; BSR set to: 1
  9019                           ;system.c: 29:   {;system.c: 30:     if(IRQ_hpmax >= 10) return 2;
  9020   003C6E  0E09               	movlw	9
  9021   003C70  6459               	cpfsgt	_IRQ_hpmax^0,c
  9022   003C72  EF3D  F01E         	goto	u4171
  9023   003C76  EF3F  F01E         	goto	u4170
  9024   003C7A                     u4171:
  9025   003C7A  EF41  F01E         	goto	l4612
  9026   003C7E                     u4170:
  9027   003C7E  EF4C  F01E         	goto	l113
  9028   003C82                     l4612:
  9029                           
  9030                           ; BSR set to: 1
  9031                           ;system.c: 31:     IRQ_clbk_hp[IRQ_hpmax] = cbk;
  9032   003C82  5059               	movf	_IRQ_hpmax^0,w,c
  9033   003C84  0D02               	mullw	2
  9034   003C86  50F3               	movf	243,w,c
  9035   003C88  0FA7               	addlw	low _IRQ_clbk_hp
  9036   003C8A  6ED9               	movwf	fsr2l,c
  9037   003C8C  6ADA               	clrf	fsr2h,c
  9038   003C8E  C15D  FFDE         	movff	sys_regiter_IRQ_clbk@cbk,postinc2
  9039   003C92  C15E  FFDD         	movff	sys_regiter_IRQ_clbk@cbk+1,postdec2
  9040   003C96                     
  9041                           ; BSR set to: 1
  9042                           ;system.c: 32:     IRQ_hpmax++;
  9043   003C96  2A59               	incf	_IRQ_hpmax^0,f,c
  9044   003C98                     l113:
  9045   003C98  0012               	return		;funcret
  9046   003C9A                     __end_of_sys_regiter_IRQ_clbk:
  9047                           	callstack 0
  9048                           
  9049 ;; *************** function _ADC_getChan *****************
  9050 ;; Defined at:
  9051 ;;		line 36 in file "ADC.c"
  9052 ;; Parameters:    Size  Location     Type
  9053 ;;  chan            1    wreg     unsigned char 
  9054 ;; Auto vars:     Size  Location     Type
  9055 ;;  chan            1    2[BANK1 ] unsigned char 
  9056 ;;  retval          2    3[BANK1 ] short 
  9057 ;; Return value:  Size  Location     Type
  9058 ;;                  2    0[BANK1 ] short 
  9059 ;; Registers used:
  9060 ;;		wreg, fsr2l, fsr2h, status,2, status,0, prodl, prodh
  9061 ;; Tracked objects:
  9062 ;;		On entry : 0/0
  9063 ;;		On exit  : 0/0
  9064 ;;		Unchanged: 0/0
  9065 ;; Data sizes:     COMRAM   BANK0   BANK1   BANK2   BANK3   BANK4   BANK5   BANK6   BANK7   BANK8   BANK9  BANK10  BANK1
      +1  BANK12  BANK13  BANK14
  9066 ;;      Params:         0       0       2       0       0       0       0       0       0       0       0       0       
      +0       0       0       0
  9067 ;;      Locals:         0       0       3       0       0       0       0       0       0       0       0       0       
      +0       0       0       0
  9068 ;;      Temps:          0       0       0       0       0       0       0       0       0       0       0       0       
      +0       0       0       0
  9069 ;;      Totals:         0       0       5       0       0       0       0       0       0       0       0       0       
      +0       0       0       0
  9070 ;;Total ram usage:        5 bytes
  9071 ;; Hardware stack levels used: 1
  9072 ;; Hardware stack levels required when called: 10
  9073 ;; This function calls:
  9074 ;;		Nothing
  9075 ;; This function is called by:
  9076 ;;		_main
  9077 ;; This function uses a non-reentrant model
  9078 ;;
  9079                           
  9080                           	psect	text40
  9081   0043A6                     __ptext40:
  9082                           	callstack 0
  9083   0043A6                     _ADC_getChan:
  9084                           	callstack 20
  9085                           
  9086                           ;incstack = 0
  9087                           ;ADC_getChan@chan stored from wreg
  9088   0043A6  0101               	movlb	1	; () banked
  9089   0043A8  6F5F               	movwf	ADC_getChan@chan& (0+255),b
  9090   0043AA                     
  9091                           ;ADC.c: 36: int16_t ADC_getChan(uint8_t chan);ADC.c: 37: {;ADC.c: 38:   INTCONbits.GIE =
      +                           0;
  9092   0043AA  9EF2               	bcf	242,7,c	;volatile
  9093   0043AC                     
  9094                           ;ADC.c: 39:   int16_t retval = ChanValue[chan];
  9095   0043AC  0101               	movlb	1	; () banked
  9096   0043AE  515F               	movf	ADC_getChan@chan& (0+255),w,b
  9097   0043B0  0D02               	mullw	2
  9098   0043B2  0E00               	movlw	low _ChanValue
  9099   0043B4  24F3               	addwf	243,w,c
  9100   0043B6  6ED9               	movwf	fsr2l,c
  9101   0043B8  0E01               	movlw	high _ChanValue
  9102   0043BA  20F4               	addwfc	prodh,w,c
  9103   0043BC  6EDA               	movwf	fsr2h,c
  9104   0043BE  CFDE F160          	movff	postinc2,ADC_getChan@retval
  9105   0043C2  CFDD F161          	movff	postdec2,ADC_getChan@retval+1
  9106   0043C6                     
  9107                           ; BSR set to: 1
  9108                           ;ADC.c: 40:   INTCONbits.GIE = 1;
  9109   0043C6  8EF2               	bsf	242,7,c	;volatile
  9110   0043C8                     
  9111                           ; BSR set to: 1
  9112                           ;ADC.c: 41:   return retval;
  9113   0043C8  C160  F15D         	movff	ADC_getChan@retval,?_ADC_getChan
  9114   0043CC  C161  F15E         	movff	ADC_getChan@retval+1,?_ADC_getChan+1
  9115   0043D0                     
  9116                           ; BSR set to: 1
  9117   0043D0  0012               	return		;funcret
  9118   0043D2                     __end_of_ADC_getChan:
  9119                           	callstack 0
  9120                           
  9121 ;; *************** function _Interrupts_handler *****************
  9122 ;; Defined at:
  9123 ;;		line 64 in file "system.c"
  9124 ;; Parameters:    Size  Location     Type
  9125 ;;		None
  9126 ;; Auto vars:     Size  Location     Type
  9127 ;;  i               2   69[BANK0 ] int 
  9128 ;; Return value:  Size  Location     Type
  9129 ;;                  1    wreg      void 
  9130 ;; Registers used:
  9131 ;;		wreg, fsr1l, fsr1h, fsr2l, fsr2h, status,2, status,0, pcl, pclath, pclatu, tosl, prodl, prodh, cstack
  9132 ;; Tracked objects:
  9133 ;;		On entry : 0/0
  9134 ;;		On exit  : 0/0
  9135 ;;		Unchanged: 0/0
  9136 ;; Data sizes:     COMRAM   BANK0   BANK1   BANK2   BANK3   BANK4   BANK5   BANK6   BANK7   BANK8   BANK9  BANK10  BANK1
      +1  BANK12  BANK13  BANK14
  9137 ;;      Params:         0       0       0       0       0       0       0       0       0       0       0       0       
      +0       0       0       0
  9138 ;;      Locals:         0       2       0       0       0       0       0       0       0       0       0       0       
      +0       0       0       0
  9139 ;;      Temps:          0      14       0       0       0       0       0       0       0       0       0       0       
      +0       0       0       0
  9140 ;;      Totals:         0      16       0       0       0       0       0       0       0       0       0       0       
      +0       0       0       0
  9141 ;;Total ram usage:       16 bytes
  9142 ;; Hardware stack levels used: 1
  9143 ;; Hardware stack levels required when called: 9
  9144 ;; This function calls:
  9145 ;;		_ADC_cplt_cbk
  9146 ;;		_RXbyte_cbk
  9147 ;;		_TXbyte_cbk
  9148 ;; This function is called by:
  9149 ;;		Interrupt level 1
  9150 ;; This function uses a non-reentrant model
  9151 ;;
  9152                           
  9153                           	psect	intcodelo
  9154   000018                     __pintcodelo:
  9155                           	callstack 0
  9156   000018                     _Interrupts_handler:
  9157                           	callstack 13
  9158                           
  9159                           ; BSR set to: 1
  9160                           ;incstack = 0
  9161   000018  8001               	bsf	int$flags,0,c	;set compiler interrupt flag (level 1)
  9162   00001A  CFD8 F09A          	movff	status,??_Interrupts_handler+3
  9163   00001E  CFE8 F09B          	movff	wreg,??_Interrupts_handler+4
  9164   000022  CFE0 F09C          	movff	bsr,??_Interrupts_handler+5
  9165   000026  CFFA F09D          	movff	pclath,??_Interrupts_handler+6
  9166   00002A  CFFB F09E          	movff	pclatu,??_Interrupts_handler+7
  9167   00002E  CFE1 F09F          	movff	fsr1l,??_Interrupts_handler+8
  9168   000032  CFE2 F0A0          	movff	fsr1h,??_Interrupts_handler+9
  9169   000036  CFD9 F0A1          	movff	fsr2l,??_Interrupts_handler+10
  9170   00003A  CFDA F0A2          	movff	fsr2h,??_Interrupts_handler+11
  9171   00003E  CFF3 F0A3          	movff	prodl,??_Interrupts_handler+12
  9172   000042  CFF4 F0A4          	movff	prodh,??_Interrupts_handler+13
  9173   000046                     
  9174                           ;system.c: 67:   for(int i = 0; i < IRQ_lpmax; i++)
  9175   000046  0100               	movlb	0	; () banked
  9176   000048  6BA6               	clrf	(Interrupts_handler@i+1)& (0+255),b
  9177   00004A  0E00               	movlw	0
  9178   00004C  6FA5               	movwf	Interrupts_handler@i& (0+255),b
  9179   00004E  EF3E  F000         	goto	i1l5316
  9180   000052                     i1l5312:
  9181                           
  9182                           ; BSR set to: 0
  9183                           ;system.c: 68:   {;system.c: 69:     IRQ_clbk_lp[i]();
  9184   000052  51A5               	movf	Interrupts_handler@i& (0+255),w,b
  9185   000054  0D02               	mullw	2
  9186   000056  50F3               	movf	243,w,c
  9187   000058  0FBB               	addlw	low _IRQ_clbk_lp
  9188   00005A  6ED9               	movwf	fsr2l,c
  9189   00005C  6ADA               	clrf	fsr2h,c
  9190   00005E  D802               	call	i1u482_28
  9191   000060  EF3B  F000         	goto	i1u482_29
  9192   000064                     i1u482_28:
  9193   000064  0005               	push	
  9194   000066  6EFA               	movwf	pclath,c
  9195   000068  50DE               	movf	postinc2,w,c
  9196   00006A  6EFD               	movwf	tosl,c
  9197   00006C  50DE               	movf	postinc2,w,c
  9198   00006E  6EFE               	movwf	tosh,c
  9199   000070  6AFF               	clrf	tosu,c
  9200   000072  50FA               	movf	pclath,w,c
  9201   000074  0012               	return		;indir
  9202   000076                     i1u482_29:
  9203   000076                     
  9204                           ;system.c: 70:   };system.c: 67:   for(int i = 0; i < IRQ_lpmax; i++)
  9205   000076  0100               	movlb	0	; () banked
  9206   000078  4BA5               	infsnz	Interrupts_handler@i& (0+255),f,b
  9207   00007A  2BA6               	incf	(Interrupts_handler@i+1)& (0+255),f,b
  9208   00007C                     i1l5316:
  9209                           
  9210                           ; BSR set to: 0
  9211   00007C  51D2               	movf	_IRQ_lpmax& (0+255),w,b
  9212   00007E  6F97               	movwf	??_Interrupts_handler& (0+255),b
  9213   000080  6B98               	clrf	(??_Interrupts_handler+1)& (0+255),b
  9214   000082  5197               	movf	??_Interrupts_handler& (0+255),w,b
  9215   000084  5DA5               	subwf	Interrupts_handler@i& (0+255),w,b
  9216   000086  51A6               	movf	(Interrupts_handler@i+1)& (0+255),w,b
  9217   000088  0A80               	xorlw	128
  9218   00008A  6F99               	movwf	(??_Interrupts_handler+2)& (0+255),b
  9219   00008C  5198               	movf	(??_Interrupts_handler+1)& (0+255),w,b
  9220   00008E  0A80               	xorlw	128
  9221   000090  5999               	subwfb	(??_Interrupts_handler+2)& (0+255),w,b
  9222   000092  A0D8               	btfss	status,0,c
  9223   000094  EF4E  F000         	goto	i1u483_21
  9224   000098  EF50  F000         	goto	i1u483_20
  9225   00009C                     i1u483_21:
  9226   00009C  EF29  F000         	goto	i1l5312
  9227   0000A0                     i1u483_20:
  9228   0000A0                     
  9229                           ; BSR set to: 0
  9230   0000A0  C0A4  FFF4         	movff	??_Interrupts_handler+13,prodh
  9231   0000A4  C0A3  FFF3         	movff	??_Interrupts_handler+12,prodl
  9232   0000A8  C0A2  FFDA         	movff	??_Interrupts_handler+11,fsr2h
  9233   0000AC  C0A1  FFD9         	movff	??_Interrupts_handler+10,fsr2l
  9234   0000B0  C0A0  FFE2         	movff	??_Interrupts_handler+9,fsr1h
  9235   0000B4  C09F  FFE1         	movff	??_Interrupts_handler+8,fsr1l
  9236   0000B8  C09E  FFFB         	movff	??_Interrupts_handler+7,pclatu
  9237   0000BC  C09D  FFFA         	movff	??_Interrupts_handler+6,pclath
  9238   0000C0  C09C  FFE0         	movff	??_Interrupts_handler+5,bsr
  9239   0000C4  C09B  FFE8         	movff	??_Interrupts_handler+4,wreg
  9240   0000C8  C09A  FFD8         	movff	??_Interrupts_handler+3,status
  9241   0000CC  9001               	bcf	int$flags,0,c	;clear compiler interrupt flag (level 1)
  9242   0000CE  0010               	retfie	
  9243   0000D0                     __end_of_Interrupts_handler:
  9244                           	callstack 0
  9245                           
  9246 ;; *************** function _ADC_cplt_cbk *****************
  9247 ;; Defined at:
  9248 ;;		line 8 in file "ADC.c"
  9249 ;; Parameters:    Size  Location     Type
  9250 ;;		None
  9251 ;; Auto vars:     Size  Location     Type
  9252 ;;		None
  9253 ;; Return value:  Size  Location     Type
  9254 ;;                  1    wreg      void 
  9255 ;; Registers used:
  9256 ;;		wreg, fsr2l, fsr2h, status,2, status,0, prodl, prodh
  9257 ;; Tracked objects:
  9258 ;;		On entry : 0/0
  9259 ;;		On exit  : 0/0
  9260 ;;		Unchanged: 0/0
  9261 ;; Data sizes:     COMRAM   BANK0   BANK1   BANK2   BANK3   BANK4   BANK5   BANK6   BANK7   BANK8   BANK9  BANK10  BANK1
      +1  BANK12  BANK13  BANK14
  9262 ;;      Params:         0       0       0       0       0       0       0       0       0       0       0       0       
      +0       0       0       0
  9263 ;;      Locals:         0       0       0       0       0       0       0       0       0       0       0       0       
      +0       0       0       0
  9264 ;;      Temps:          0       3       0       0       0       0       0       0       0       0       0       0       
      +0       0       0       0
  9265 ;;      Totals:         0       3       0       0       0       0       0       0       0       0       0       0       
      +0       0       0       0
  9266 ;;Total ram usage:        3 bytes
  9267 ;; Hardware stack levels used: 1
  9268 ;; Hardware stack levels required when called: 5
  9269 ;; This function calls:
  9270 ;;		Nothing
  9271 ;; This function is called by:
  9272 ;;		_ADC_init
  9273 ;;		_HighInterrupts_handler
  9274 ;;		_Interrupts_handler
  9275 ;; This function uses a non-reentrant model
  9276 ;;
  9277                           
  9278                           	psect	text42
  9279   003742                     __ptext42:
  9280                           	callstack 0
  9281   003742                     _ADC_cplt_cbk:
  9282                           	callstack 0
  9283                           
  9284                           ; BSR set to: 0
  9285                           ;Skip over the trampoline to the duplicate function for level 2
  9286   003742  A201               	btfss	int$flags,1,c
  9287   003744  EFA6  F01B         	goto	_ADC_cplt_cbk$intlevel1
  9288   003748  EF9B  F01C         	goto	i2_ADC_cplt_cbk
  9289   00374C                     _ADC_cplt_cbk$intlevel1:
  9290                           	callstack 16
  9291   00374C                     
  9292                           ;ADC.c: 10:   if(ADIE && ADIF)
  9293   00374C  AC9D               	btfss	3997,6,c	;volatile
  9294   00374E  EFAB  F01B         	goto	i1u309_21
  9295   003752  EFAD  F01B         	goto	i1u309_20
  9296   003756                     i1u309_21:
  9297   003756  EFF6  F01B         	goto	i1l385
  9298   00375A                     i1u309_20:
  9299   00375A  AC9E               	btfss	3998,6,c	;volatile
  9300   00375C  EFB2  F01B         	goto	i1u310_21
  9301   003760  EFB4  F01B         	goto	i1u310_20
  9302   003764                     i1u310_21:
  9303   003764  EFF6  F01B         	goto	i1l385
  9304   003768                     i1u310_20:
  9305   003768                     
  9306                           ;ADC.c: 11:   {;ADC.c: 12:     ADIF = 0;
  9307   003768  9C9E               	bcf	3998,6,c	;volatile
  9308   00376A                     
  9309                           ;ADC.c: 13:     ChanValue[ChanNum[ChanIndx++]] = (((int16_t)ADRESH) << 8) | ADRESL;
  9310   00376A  50C3               	movf	195,w,c	;volatile
  9311   00376C  CFC4 F060          	movff	4036,??_ADC_cplt_cbk	;volatile
  9312   003770  0100               	movlb	0	; () banked
  9313   003772  6B61               	clrf	(??_ADC_cplt_cbk+1)& (0+255),b
  9314   003774  C060  F061         	movff	??_ADC_cplt_cbk,??_ADC_cplt_cbk+1
  9315   003778  6B60               	clrf	??_ADC_cplt_cbk& (0+255),b
  9316   00377A  1360               	iorwf	??_ADC_cplt_cbk& (0+255),f,b
  9317   00377C  0E00               	movlw	0
  9318   00377E  1361               	iorwf	(??_ADC_cplt_cbk+1)& (0+255),f,b
  9319   003780  5053               	movf	_ChanIndx^0,w,c
  9320   003782  0FCF               	addlw	low _ChanNum
  9321   003784  6ED9               	movwf	fsr2l,c
  9322   003786  6ADA               	clrf	fsr2h,c
  9323   003788  50DF               	movf	indf2,w,c
  9324   00378A  6F62               	movwf	(??_ADC_cplt_cbk+2)& (0+255),b
  9325   00378C  5162               	movf	(??_ADC_cplt_cbk+2)& (0+255),w,b
  9326   00378E  0D02               	mullw	2
  9327   003790  0E00               	movlw	low _ChanValue
  9328   003792  24F3               	addwf	243,w,c
  9329   003794  6ED9               	movwf	fsr2l,c
  9330   003796  0E01               	movlw	high _ChanValue
  9331   003798  20F4               	addwfc	prodh,w,c
  9332   00379A  6EDA               	movwf	fsr2h,c
  9333   00379C  C060  FFDE         	movff	??_ADC_cplt_cbk,postinc2
  9334   0037A0  C061  FFDD         	movff	??_ADC_cplt_cbk+1,postdec2
  9335   0037A4                     
  9336                           ; BSR set to: 0
  9337   0037A4  4A53               	infsnz	_ChanIndx^0,f,c
  9338   0037A6  2A54               	incf	(_ChanIndx+1)^0,f,c
  9339   0037A8                     
  9340                           ; BSR set to: 0
  9341                           ;ADC.c: 14:     if(ChanIndx >= (1 +1 +1 +0 +0 +0 +0 +0 +0 +0 +0 +0 +0 +0 +0)) {
  9342   0037A8  BE54               	btfsc	(_ChanIndx+1)^0,7,c
  9343   0037AA  EFE0  F01B         	goto	i1u311_21
  9344   0037AE  5054               	movf	(_ChanIndx+1)^0,w,c
  9345   0037B0  E109               	bnz	i1u311_20
  9346   0037B2  0E03               	movlw	3
  9347   0037B4  5C53               	subwf	_ChanIndx^0,w,c
  9348   0037B6  A0D8               	btfss	status,0,c
  9349   0037B8  EFE0  F01B         	goto	i1u311_21
  9350   0037BC  EFE2  F01B         	goto	i1u311_20
  9351   0037C0                     i1u311_21:
  9352   0037C0  EFE8  F01B         	goto	i1l3906
  9353   0037C4                     i1u311_20:
  9354   0037C4                     
  9355                           ; BSR set to: 0
  9356                           ;ADC.c: 15:       ADIE = 0;
  9357   0037C4  9C9D               	bcf	3997,6,c	;volatile
  9358   0037C6                     
  9359                           ; BSR set to: 0
  9360                           ;ADC.c: 16:       ChanIndx = 0;
  9361   0037C6  6A54               	clrf	(_ChanIndx+1)^0,c
  9362   0037C8  0E00               	movlw	0
  9363   0037CA  6E53               	movwf	_ChanIndx^0,c
  9364                           
  9365                           ;ADC.c: 17:     }
  9366   0037CC  EFF6  F01B         	goto	i1l385
  9367   0037D0                     i1l3906:
  9368                           
  9369                           ; BSR set to: 0
  9370                           ;ADC.c: 19:       ADCON0bits.CHS = ChanNum[ChanIndx];
  9371   0037D0  5053               	movf	_ChanIndx^0,w,c
  9372   0037D2  0FCF               	addlw	low _ChanNum
  9373   0037D4  6ED9               	movwf	fsr2l,c
  9374   0037D6  6ADA               	clrf	fsr2h,c
  9375   0037D8  50DF               	movf	indf2,w,c
  9376   0037DA  6F60               	movwf	??_ADC_cplt_cbk& (0+255),b
  9377   0037DC  4760               	rlncf	??_ADC_cplt_cbk& (0+255),f,b
  9378   0037DE  4760               	rlncf	??_ADC_cplt_cbk& (0+255),f,b
  9379   0037E0  50C2               	movf	194,w,c	;volatile
  9380   0037E2  1960               	xorwf	??_ADC_cplt_cbk& (0+255),w,b
  9381   0037E4  0BC3               	andlw	-61
  9382   0037E6  1960               	xorwf	??_ADC_cplt_cbk& (0+255),w,b
  9383   0037E8  6EC2               	movwf	194,c	;volatile
  9384   0037EA                     
  9385                           ; BSR set to: 0
  9386                           ;ADC.c: 20:       ADCON0bits.GODONE = 1;
  9387   0037EA  82C2               	bsf	194,1,c	;volatile
  9388   0037EC                     i1l385:
  9389   0037EC  0012               	return		;funcret
  9390   0037EE                     __end_of_ADC_cplt_cbk:
  9391                           	callstack 0
  9392                           
  9393 ;; *************** function _RXbyte_cbk *****************
  9394 ;; Defined at:
  9395 ;;		line 31 in file "dbio.c"
  9396 ;; Parameters:    Size  Location     Type
  9397 ;;		None
  9398 ;; Auto vars:     Size  Location     Type
  9399 ;;  byte            1   44[BANK0 ] unsigned char 
  9400 ;; Return value:  Size  Location     Type
  9401 ;;                  1    wreg      void 
  9402 ;; Registers used:
  9403 ;;		wreg, fsr1l, fsr1h, fsr2l, fsr2h, status,2, status,0, prodl, prodh, cstack
  9404 ;; Tracked objects:
  9405 ;;		On entry : 0/0
  9406 ;;		On exit  : 0/0
  9407 ;;		Unchanged: 0/0
  9408 ;; Data sizes:     COMRAM   BANK0   BANK1   BANK2   BANK3   BANK4   BANK5   BANK6   BANK7   BANK8   BANK9  BANK10  BANK1
      +1  BANK12  BANK13  BANK14
  9409 ;;      Params:         0       0       0       0       0       0       0       0       0       0       0       0       
      +0       0       0       0
  9410 ;;      Locals:         0       1       0       0       0       0       0       0       0       0       0       0       
      +0       0       0       0
  9411 ;;      Temps:          0       0       0       0       0       0       0       0       0       0       0       0       
      +0       0       0       0
  9412 ;;      Totals:         0       1       0       0       0       0       0       0       0       0       0       0       
      +0       0       0       0
  9413 ;;Total ram usage:        1 bytes
  9414 ;; Hardware stack levels used: 1
  9415 ;; Hardware stack levels required when called: 7
  9416 ;; This function calls:
  9417 ;;		i1_RingBuf_DataPut
  9418 ;; This function is called by:
  9419 ;;		_dbio_init
  9420 ;;		_HighInterrupts_handler
  9421 ;;		_Interrupts_handler
  9422 ;; This function uses a non-reentrant model
  9423 ;;
  9424                           
  9425                           	psect	text43
  9426   003F7C                     __ptext43:
  9427                           	callstack 0
  9428   003F7C                     _RXbyte_cbk:
  9429                           	callstack 0
  9430                           
  9431                           ;Skip over the trampoline to the duplicate function for level 2
  9432   003F7C  A201               	btfss	int$flags,1,c
  9433   003F7E  EFC3  F01F         	goto	_RXbyte_cbk$intlevel1
  9434   003F82  EFD7  F020         	goto	i2_RXbyte_cbk
  9435   003F86                     _RXbyte_cbk$intlevel1:
  9436                           	callstack 14
  9437   003F86                     
  9438                           ;dbio.c: 33:   if (RC1IE && RC1IF)
  9439   003F86  AA9D               	btfss	3997,5,c	;volatile
  9440   003F88  EFC8  F01F         	goto	i1u466_21
  9441   003F8C  EFCA  F01F         	goto	i1u466_20
  9442   003F90                     i1u466_21:
  9443   003F90  EFE8  F01F         	goto	i1l272
  9444   003F94                     i1u466_20:
  9445   003F94  AA9E               	btfss	3998,5,c	;volatile
  9446   003F96  EFCF  F01F         	goto	i1u467_21
  9447   003F9A  EFD1  F01F         	goto	i1u467_20
  9448   003F9E                     i1u467_21:
  9449   003F9E  EFE8  F01F         	goto	i1l272
  9450   003FA2                     i1u467_20:
  9451   003FA2                     
  9452                           ;dbio.c: 34:   {;dbio.c: 35:     uint8_t byte;;dbio.c: 36:     if(RCSTAbits.OERR) {
  9453   003FA2  A2AC               	btfss	172,1,c	;volatile
  9454   003FA4  EFD6  F01F         	goto	i1u468_21
  9455   003FA8  EFD8  F01F         	goto	i1u468_20
  9456   003FAC                     i1u468_21:
  9457   003FAC  EFDB  F01F         	goto	i1l5200
  9458   003FB0                     i1u468_20:
  9459   003FB0                     
  9460                           ;dbio.c: 37:       RCSTA1bits.CREN = 0;
  9461   003FB0  98AC               	bcf	172,4,c	;volatile
  9462                           
  9463                           ;dbio.c: 38:       RCSTA1bits.CREN = 1;
  9464   003FB2  88AC               	bsf	172,4,c	;volatile
  9465   003FB4                     
  9466                           ;dbio.c: 39:       overrun_errors++;
  9467   003FB4  2A57               	incf	_overrun_errors^0,f,c
  9468   003FB6                     i1l5200:
  9469                           
  9470                           ;dbio.c: 41:     byte = RCREG;
  9471   003FB6  CFAF F08C          	movff	4015,RXbyte_cbk@byte	;volatile
  9472   003FBA                     
  9473                           ;dbio.c: 42:     RingBuf_DataPut((uint8_t*)&byte, 1, &RXringbuf);
  9474   003FBA  0E8C               	movlw	low RXbyte_cbk@byte
  9475   003FBC  0100               	movlb	0	; () banked
  9476   003FBE  6F6D               	movwf	i1RingBuf_DataPut@data& (0+255),b
  9477   003FC0  6B6E               	clrf	(i1RingBuf_DataPut@data+1)& (0+255),b
  9478   003FC2  6B70               	clrf	(i1RingBuf_DataPut@len+1)& (0+255),b
  9479   003FC4  0E01               	movlw	1
  9480   003FC6  6F6F               	movwf	i1RingBuf_DataPut@len& (0+255),b
  9481   003FC8  0EDD               	movlw	low _RXringbuf
  9482   003FCA  6F71               	movwf	i1RingBuf_DataPut@rb& (0+255),b
  9483   003FCC  EC6C  F00B         	call	i1_RingBuf_DataPut	;wreg free
  9484   003FD0                     i1l272:
  9485   003FD0  0012               	return		;funcret
  9486   003FD2                     __end_of_RXbyte_cbk:
  9487                           	callstack 0
  9488                           
  9489 ;; *************** function _TXbyte_cbk *****************
  9490 ;; Defined at:
  9491 ;;		line 16 in file "dbio.c"
  9492 ;; Parameters:    Size  Location     Type
  9493 ;;		None
  9494 ;; Auto vars:     Size  Location     Type
  9495 ;;  buf_len         2   53[BANK0 ] unsigned short 
  9496 ;;  byte            1   52[BANK0 ] unsigned char 
  9497 ;; Return value:  Size  Location     Type
  9498 ;;                  1    wreg      void 
  9499 ;; Registers used:
  9500 ;;		wreg, fsr1l, fsr1h, fsr2l, fsr2h, status,2, status,0, prodl, prodh, cstack
  9501 ;; Tracked objects:
  9502 ;;		On entry : 0/0
  9503 ;;		On exit  : 0/0
  9504 ;;		Unchanged: 0/0
  9505 ;; Data sizes:     COMRAM   BANK0   BANK1   BANK2   BANK3   BANK4   BANK5   BANK6   BANK7   BANK8   BANK9  BANK10  BANK1
      +1  BANK12  BANK13  BANK14
  9506 ;;      Params:         0       0       0       0       0       0       0       0       0       0       0       0       
      +0       0       0       0
  9507 ;;      Locals:         0       3       0       0       0       0       0       0       0       0       0       0       
      +0       0       0       0
  9508 ;;      Temps:          0       0       0       0       0       0       0       0       0       0       0       0       
      +0       0       0       0
  9509 ;;      Totals:         0       3       0       0       0       0       0       0       0       0       0       0       
      +0       0       0       0
  9510 ;;Total ram usage:        3 bytes
  9511 ;; Hardware stack levels used: 1
  9512 ;; Hardware stack levels required when called: 8
  9513 ;; This function calls:
  9514 ;;		i1_RingBuf_Available
  9515 ;;		i1_RingBuf_DataRead
  9516 ;; This function is called by:
  9517 ;;		_dbio_init
  9518 ;;		_HighInterrupts_handler
  9519 ;;		_Interrupts_handler
  9520 ;; This function uses a non-reentrant model
  9521 ;;
  9522                           
  9523                           	psect	text44
  9524   003D90                     __ptext44:
  9525                           	callstack 0
  9526   003D90                     _TXbyte_cbk:
  9527                           	callstack 0
  9528                           
  9529                           ;Skip over the trampoline to the duplicate function for level 2
  9530   003D90  A201               	btfss	int$flags,1,c
  9531   003D92  EFCD  F01E         	goto	_TXbyte_cbk$intlevel1
  9532   003D96  EF34  F01F         	goto	i2_TXbyte_cbk
  9533   003D9A                     _TXbyte_cbk$intlevel1:
  9534                           	callstack 13
  9535   003D9A                     
  9536                           ;dbio.c: 18:   if (TX1IE && TX1IF)
  9537   003D9A  A89D               	btfss	3997,4,c	;volatile
  9538   003D9C  EFD2  F01E         	goto	i1u463_21
  9539   003DA0  EFD4  F01E         	goto	i1u463_20
  9540   003DA4                     i1u463_21:
  9541   003DA4  EFFF  F01E         	goto	i1l267
  9542   003DA8                     i1u463_20:
  9543   003DA8  A89E               	btfss	3998,4,c	;volatile
  9544   003DAA  EFD9  F01E         	goto	i1u464_21
  9545   003DAE  EFDB  F01E         	goto	i1u464_20
  9546   003DB2                     i1u464_21:
  9547   003DB2  EFFF  F01E         	goto	i1l267
  9548   003DB6                     i1u464_20:
  9549   003DB6                     
  9550                           ;dbio.c: 19:   {;dbio.c: 20:     uint16_t buf_len = 0;
  9551   003DB6  0100               	movlb	0	; () banked
  9552   003DB8  6B96               	clrf	(TXbyte_cbk@buf_len+1)& (0+255),b
  9553   003DBA  0E00               	movlw	0
  9554   003DBC  6F95               	movwf	TXbyte_cbk@buf_len& (0+255),b
  9555   003DBE                     
  9556                           ; BSR set to: 0
  9557                           ;dbio.c: 21:     uint8_t byte;;dbio.c: 22:     RingBuf_Available(&buf_len, &TXringbuf);
  9558   003DBE  0E95               	movlw	low TXbyte_cbk@buf_len
  9559   003DC0  6F60               	movwf	i1RingBuf_Available@len& (0+255),b
  9560   003DC2  6B61               	clrf	(i1RingBuf_Available@len+1)& (0+255),b
  9561   003DC4  0ED3               	movlw	low _TXringbuf
  9562   003DC6  6F62               	movwf	i1RingBuf_Available@rb& (0+255),b
  9563   003DC8  EC83  F017         	call	i1_RingBuf_Available	;wreg free
  9564   003DCC                     
  9565                           ;dbio.c: 23:     if(buf_len) {
  9566   003DCC  0100               	movlb	0	; () banked
  9567   003DCE  5195               	movf	TXbyte_cbk@buf_len& (0+255),w,b
  9568   003DD0  1196               	iorwf	(TXbyte_cbk@buf_len+1)& (0+255),w,b
  9569   003DD2  B4D8               	btfsc	status,2,c
  9570   003DD4  EFEE  F01E         	goto	i1u465_21
  9571   003DD8  EFF0  F01E         	goto	i1u465_20
  9572   003DDC                     i1u465_21:
  9573   003DDC  EFFE  F01E         	goto	i1l265
  9574   003DE0                     i1u465_20:
  9575   003DE0                     
  9576                           ; BSR set to: 0
  9577                           ;dbio.c: 24:       RingBuf_DataRead((uint8_t*)&byte, 1, &TXringbuf);
  9578   003DE0  0E94               	movlw	low TXbyte_cbk@byte
  9579   003DE2  6F88               	movwf	i1RingBuf_DataRead@data& (0+255),b
  9580   003DE4  6B89               	clrf	(i1RingBuf_DataRead@data+1)& (0+255),b
  9581   003DE6  6B8B               	clrf	(i1RingBuf_DataRead@len+1)& (0+255),b
  9582   003DE8  0E01               	movlw	1
  9583   003DEA  6F8A               	movwf	i1RingBuf_DataRead@len& (0+255),b
  9584   003DEC  0ED3               	movlw	low _TXringbuf
  9585   003DEE  6F8C               	movwf	i1RingBuf_DataRead@rb& (0+255),b
  9586   003DF0  ECE1  F018         	call	i1_RingBuf_DataRead	;wreg free
  9587   003DF4                     
  9588                           ;dbio.c: 25:       TXREG = byte;
  9589   003DF4  C094  FFAE         	movff	TXbyte_cbk@byte,4014	;volatile
  9590                           
  9591                           ;dbio.c: 26:     }
  9592   003DF8  EFFF  F01E         	goto	i1l267
  9593   003DFC                     i1l265:
  9594                           
  9595                           ; BSR set to: 0
  9596   003DFC  989D               	bcf	157,4,c	;volatile
  9597   003DFE                     i1l267:
  9598   003DFE  0012               	return		;funcret
  9599   003E00                     __end_of_TXbyte_cbk:
  9600                           	callstack 0
  9601                           
  9602 ;; *************** function i1_RingBuf_DataRead *****************
  9603 ;; Defined at:
  9604 ;;		line 106 in file "ringbuf.c"
  9605 ;; Parameters:    Size  Location     Type
  9606 ;;  data            2   40[BANK0 ] PTR void 
  9607 ;;		 -> dbio_putstring@byte(1), TXbyte_cbk@byte(1), main@strrx(100), 
  9608 ;;  len             2   42[BANK0 ] unsigned short 
  9609 ;;  rb              1   44[BANK0 ] PTR volatile struct RING
  9610 ;;		 -> RXringbuf(10), TXringbuf(10), 
  9611 ;; Auto vars:     Size  Location     Type
  9612 ;;  aval_len        2   50[BANK0 ] unsigned short 
  9613 ;;  st              1   49[BANK0 ] enum E691
  9614 ;; Return value:  Size  Location     Type
  9615 ;;                  1    wreg      enum E691
  9616 ;; Registers used:
  9617 ;;		wreg, fsr1l, fsr1h, fsr2l, fsr2h, status,2, status,0, prodl, prodh, cstack
  9618 ;; Tracked objects:
  9619 ;;		On entry : 0/0
  9620 ;;		On exit  : 0/0
  9621 ;;		Unchanged: 0/0
  9622 ;; Data sizes:     COMRAM   BANK0   BANK1   BANK2   BANK3   BANK4   BANK5   BANK6   BANK7   BANK8   BANK9  BANK10  BANK1
      +1  BANK12  BANK13  BANK14
  9623 ;;      Params:         0       5       0       0       0       0       0       0       0       0       0       0       
      +0       0       0       0
  9624 ;;      Locals:         0       3       0       0       0       0       0       0       0       0       0       0       
      +0       0       0       0
  9625 ;;      Temps:          0       4       0       0       0       0       0       0       0       0       0       0       
      +0       0       0       0
  9626 ;;      Totals:         0      12       0       0       0       0       0       0       0       0       0       0       
      +0       0       0       0
  9627 ;;Total ram usage:       12 bytes
  9628 ;; Hardware stack levels used: 1
  9629 ;; Hardware stack levels required when called: 7
  9630 ;; This function calls:
  9631 ;;		i1_RingBuf_Available
  9632 ;;		i1_RingBuf_DataWatch
  9633 ;; This function is called by:
  9634 ;;		_TXbyte_cbk
  9635 ;; This function uses a non-reentrant model
  9636 ;;
  9637                           
  9638                           	psect	text45
  9639   0031C2                     __ptext45:
  9640                           	callstack 0
  9641   0031C2                     i1_RingBuf_DataRead:
  9642                           	callstack 13
  9643   0031C2                     
  9644                           ;ringbuf.c: 107:     if (rb->buf == ((void*)0)) return RINGBUF_PARAM_ERR;
  9645   0031C2  0100               	movlb	0	; () banked
  9646   0031C4  518C               	movf	i1RingBuf_DataRead@rb& (0+255),w,b
  9647   0031C6  6ED9               	movwf	fsr2l,c
  9648   0031C8  6ADA               	clrf	fsr2h,c
  9649   0031CA  50DE               	movf	postinc2,w,c
  9650   0031CC  10DE               	iorwf	postinc2,w,c
  9651   0031CE  A4D8               	btfss	status,2,c
  9652   0031D0  EFEC  F018         	goto	i1u445_21
  9653   0031D4  EFEE  F018         	goto	i1u445_20
  9654   0031D8                     i1u445_21:
  9655   0031D8  EFF0  F018         	goto	i1l4878
  9656   0031DC                     i1u445_20:
  9657   0031DC  EF52  F019         	goto	i1l206
  9658   0031E0                     i1l4878:
  9659                           
  9660                           ; BSR set to: 0
  9661                           ;ringbuf.c: 108:     uint16_t aval_len = 0;
  9662   0031E0  6B93               	clrf	(i1RingBuf_DataRead@aval_len+1)& (0+255),b
  9663   0031E2  0E00               	movlw	0
  9664   0031E4  6F92               	movwf	i1RingBuf_DataRead@aval_len& (0+255),b
  9665   0031E6                     
  9666                           ; BSR set to: 0
  9667                           ;ringbuf.c: 109:     RingBuf_Available(&aval_len, rb);
  9668   0031E6  0E92               	movlw	low i1RingBuf_DataRead@aval_len
  9669   0031E8  6F60               	movwf	i1RingBuf_Available@len& (0+255),b
  9670   0031EA  6B61               	clrf	(i1RingBuf_Available@len+1)& (0+255),b
  9671   0031EC  C08C  F062         	movff	i1RingBuf_DataRead@rb,i1RingBuf_Available@rb
  9672   0031F0  EC83  F017         	call	i1_RingBuf_Available	;wreg free
  9673   0031F4                     
  9674                           ;ringbuf.c: 110:     if (len > aval_len) len = aval_len;
  9675   0031F4  0100               	movlb	0	; () banked
  9676   0031F6  518A               	movf	i1RingBuf_DataRead@len& (0+255),w,b
  9677   0031F8  5D92               	subwf	i1RingBuf_DataRead@aval_len& (0+255),w,b
  9678   0031FA  518B               	movf	(i1RingBuf_DataRead@len+1)& (0+255),w,b
  9679   0031FC  5993               	subwfb	(i1RingBuf_DataRead@aval_len+1)& (0+255),w,b
  9680   0031FE  B0D8               	btfsc	status,0,c
  9681   003200  EF04  F019         	goto	i1u446_21
  9682   003204  EF06  F019         	goto	i1u446_20
  9683   003208                     i1u446_21:
  9684   003208  EF0A  F019         	goto	i1l4886
  9685   00320C                     i1u446_20:
  9686   00320C                     
  9687                           ; BSR set to: 0
  9688   00320C  C092  F08A         	movff	i1RingBuf_DataRead@aval_len,i1RingBuf_DataRead@len
  9689   003210  C093  F08B         	movff	i1RingBuf_DataRead@aval_len+1,i1RingBuf_DataRead@len+1
  9690   003214                     i1l4886:
  9691                           
  9692                           ; BSR set to: 0
  9693                           ;ringbuf.c: 112:     RINGBUF_STATUS st = RingBuf_DataWatch(data, len, rb);
  9694   003214  C088  F06D         	movff	i1RingBuf_DataRead@data,i1RingBuf_DataWatch@data
  9695   003218  C089  F06E         	movff	i1RingBuf_DataRead@data+1,i1RingBuf_DataWatch@data+1
  9696   00321C  C08A  F06F         	movff	i1RingBuf_DataRead@len,i1RingBuf_DataWatch@len
  9697   003220  C08B  F070         	movff	i1RingBuf_DataRead@len+1,i1RingBuf_DataWatch@len+1
  9698   003224  C08C  F071         	movff	i1RingBuf_DataRead@rb,i1RingBuf_DataWatch@rb
  9699   003228  ECC3  F00F         	call	i1_RingBuf_DataWatch	;wreg free
  9700   00322C  0100               	movlb	0	; () banked
  9701   00322E  6F91               	movwf	i1RingBuf_DataRead@st& (0+255),b
  9702   003230                     
  9703                           ; BSR set to: 0
  9704                           ;ringbuf.c: 113:     if (st != RINGBUF_OK)
  9705   003230  5191               	movf	i1RingBuf_DataRead@st& (0+255),w,b
  9706   003232  B4D8               	btfsc	status,2,c
  9707   003234  EF1E  F019         	goto	i1u447_21
  9708   003238  EF20  F019         	goto	i1u447_20
  9709   00323C                     i1u447_21:
  9710   00323C  EF22  F019         	goto	i1l4892
  9711   003240                     i1u447_20:
  9712   003240  EF52  F019         	goto	i1l206
  9713   003244                     i1l4892:
  9714                           
  9715                           ; BSR set to: 0
  9716                           ;ringbuf.c: 116:     rb->tail += len;
  9717   003244  518C               	movf	i1RingBuf_DataRead@rb& (0+255),w,b
  9718   003246  6ED9               	movwf	fsr2l,c
  9719   003248  6ADA               	clrf	fsr2h,c
  9720   00324A  0E02               	movlw	2
  9721   00324C  26D9               	addwf	fsr2l,f,c
  9722   00324E  518A               	movf	i1RingBuf_DataRead@len& (0+255),w,b	;volatile
  9723   003250  26DE               	addwf	postinc2,f,c
  9724   003252  518B               	movf	(i1RingBuf_DataRead@len+1)& (0+255),w,b	;volatile
  9725   003254  22DD               	addwfc	postdec2,f,c
  9726   003256                     
  9727                           ; BSR set to: 0
  9728                           ;ringbuf.c: 117:     if (rb->tail >= rb->size)
  9729   003256  518C               	movf	i1RingBuf_DataRead@rb& (0+255),w,b
  9730   003258  6ED9               	movwf	fsr2l,c
  9731   00325A  6ADA               	clrf	fsr2h,c
  9732   00325C  0E06               	movlw	6
  9733   00325E  26D9               	addwf	fsr2l,f,c
  9734   003260  518C               	movf	i1RingBuf_DataRead@rb& (0+255),w,b
  9735   003262  6EE1               	movwf	fsr1l,c
  9736   003264  6AE2               	clrf	fsr1h,c
  9737   003266  0E02               	movlw	2
  9738   003268  26E1               	addwf	fsr1l,f,c
  9739   00326A  50DE               	movf	postinc2,w,c
  9740   00326C  5CE6               	subwf	postinc1,w,c
  9741   00326E  50DE               	movf	postinc2,w,c
  9742   003270  58E6               	subwfb	postinc1,w,c
  9743   003272  A0D8               	btfss	status,0,c
  9744   003274  EF3E  F019         	goto	i1u448_21
  9745   003278  EF40  F019         	goto	i1u448_20
  9746   00327C                     i1u448_21:
  9747   00327C  EF52  F019         	goto	i1l206
  9748   003280                     i1u448_20:
  9749   003280                     
  9750                           ; BSR set to: 0
  9751                           ;ringbuf.c: 118:         rb->tail -= rb->size;
  9752   003280  518C               	movf	i1RingBuf_DataRead@rb& (0+255),w,b
  9753   003282  6ED9               	movwf	fsr2l,c
  9754   003284  6ADA               	clrf	fsr2h,c
  9755   003286  0E06               	movlw	6
  9756   003288  26D9               	addwf	fsr2l,f,c
  9757   00328A  CFDE F08D          	movff	postinc2,??i1_RingBuf_DataRead
  9758   00328E  CFDD F08E          	movff	postdec2,??i1_RingBuf_DataRead+1
  9759   003292  518C               	movf	i1RingBuf_DataRead@rb& (0+255),w,b
  9760   003294  6ED9               	movwf	fsr2l,c
  9761   003296  6ADA               	clrf	fsr2h,c
  9762   003298  0E02               	movlw	2
  9763   00329A  26D9               	addwf	fsr2l,f,c
  9764   00329C  518D               	movf	??i1_RingBuf_DataRead& (0+255),w,b
  9765   00329E  5EDE               	subwf	postinc2,f,c
  9766   0032A0  518E               	movf	(??i1_RingBuf_DataRead+1)& (0+255),w,b
  9767   0032A2  5ADD               	subwfb	postdec2,f,c
  9768   0032A4                     i1l206:
  9769                           
  9770                           ; BSR set to: 0
  9771   0032A4  0012               	return		;funcret
  9772   0032A6                     __end_ofi1_RingBuf_DataRead:
  9773                           	callstack 0
  9774                           
  9775 ;; *************** function i1_RingBuf_DataWatch *****************
  9776 ;; Defined at:
  9777 ;;		line 131 in file "ringbuf.c"
  9778 ;; Parameters:    Size  Location     Type
  9779 ;;  data            2   13[BANK0 ] PTR void 
  9780 ;;		 -> dbio_putstring@byte(1), TXbyte_cbk@byte(1), main@strrx(100), 
  9781 ;;  len             2   15[BANK0 ] unsigned short 
  9782 ;;  rb              1   17[BANK0 ] PTR volatile struct RING
  9783 ;;		 -> RXringbuf(10), TXringbuf(10), 
  9784 ;; Auto vars:     Size  Location     Type
  9785 ;;  aval_len        2   38[BANK0 ] unsigned short 
  9786 ;;  space           2   36[BANK0 ] unsigned short 
  9787 ;;  loc_tail        2   34[BANK0 ] unsigned short 
  9788 ;;  s_addr          2   32[BANK0 ] unsigned short 
  9789 ;; Return value:  Size  Location     Type
  9790 ;;                  1    wreg      enum E691
  9791 ;; Registers used:
  9792 ;;		wreg, fsr1l, fsr1h, fsr2l, fsr2h, status,2, status,0, prodl, prodh, cstack
  9793 ;; Tracked objects:
  9794 ;;		On entry : 0/0
  9795 ;;		On exit  : 0/0
  9796 ;;		Unchanged: 0/0
  9797 ;; Data sizes:     COMRAM   BANK0   BANK1   BANK2   BANK3   BANK4   BANK5   BANK6   BANK7   BANK8   BANK9  BANK10  BANK1
      +1  BANK12  BANK13  BANK14
  9798 ;;      Params:         0       5       0       0       0       0       0       0       0       0       0       0       
      +0       0       0       0
  9799 ;;      Locals:         0       8       0       0       0       0       0       0       0       0       0       0       
      +0       0       0       0
  9800 ;;      Temps:          0      14       0       0       0       0       0       0       0       0       0       0       
      +0       0       0       0
  9801 ;;      Totals:         0      27       0       0       0       0       0       0       0       0       0       0       
      +0       0       0       0
  9802 ;;Total ram usage:       27 bytes
  9803 ;; Hardware stack levels used: 1
  9804 ;; Hardware stack levels required when called: 6
  9805 ;; This function calls:
  9806 ;;		i1_RingBuf_Available
  9807 ;;		i1_memcpy
  9808 ;; This function is called by:
  9809 ;;		i1_RingBuf_DataRead
  9810 ;; This function uses a non-reentrant model
  9811 ;;
  9812                           
  9813                           	psect	text46
  9814   001F86                     __ptext46:
  9815                           	callstack 0
  9816   001F86                     i1_RingBuf_DataWatch:
  9817                           	callstack 13
  9818   001F86                     
  9819                           ;ringbuf.c: 132:     if (data == ((void*)0))
  9820   001F86  0100               	movlb	0	; () banked
  9821   001F88  516D               	movf	i1RingBuf_DataWatch@data& (0+255),w,b
  9822   001F8A  116E               	iorwf	(i1RingBuf_DataWatch@data+1)& (0+255),w,b
  9823   001F8C  A4D8               	btfss	status,2,c
  9824   001F8E  EFCB  F00F         	goto	i1u402_21
  9825   001F92  EFCD  F00F         	goto	i1u402_20
  9826   001F96                     i1u402_21:
  9827   001F96  EFD0  F00F         	goto	i1l4490
  9828   001F9A                     i1u402_20:
  9829   001F9A                     
  9830                           ; BSR set to: 0
  9831                           ;ringbuf.c: 133:         return RINGBUF_PARAM_ERR;
  9832   001F9A  0E02               	movlw	2
  9833   001F9C  EFF0  F010         	goto	i1l213
  9834   001FA0                     i1l4490:
  9835                           
  9836                           ; BSR set to: 0
  9837                           ;ringbuf.c: 134:     if (len > rb->size)
  9838   001FA0  5171               	movf	i1RingBuf_DataWatch@rb& (0+255),w,b
  9839   001FA2  6ED9               	movwf	fsr2l,c
  9840   001FA4  6ADA               	clrf	fsr2h,c
  9841   001FA6  0E06               	movlw	6
  9842   001FA8  26D9               	addwf	fsr2l,f,c
  9843   001FAA  516F               	movf	i1RingBuf_DataWatch@len& (0+255),w,b
  9844   001FAC  5CDE               	subwf	postinc2,w,c
  9845   001FAE  5170               	movf	(i1RingBuf_DataWatch@len+1)& (0+255),w,b
  9846   001FB0  58DE               	subwfb	postinc2,w,c
  9847   001FB2  B0D8               	btfsc	status,0,c
  9848   001FB4  EFDE  F00F         	goto	i1u403_21
  9849   001FB8  EFE0  F00F         	goto	i1u403_20
  9850   001FBC                     i1u403_21:
  9851   001FBC  EFE3  F00F         	goto	i1l4496
  9852   001FC0                     i1u403_20:
  9853   001FC0                     
  9854                           ; BSR set to: 0
  9855                           ;ringbuf.c: 135:         return RINGBUF_OVERFLOW;
  9856   001FC0  0E03               	movlw	3
  9857   001FC2  EFF0  F010         	goto	i1l213
  9858   001FC6                     i1l4496:
  9859                           
  9860                           ; BSR set to: 0
  9861                           ;ringbuf.c: 136:     if (rb->head == rb->tail)
  9862   001FC6  5171               	movf	i1RingBuf_DataWatch@rb& (0+255),w,b
  9863   001FC8  6ED9               	movwf	fsr2l,c
  9864   001FCA  6ADA               	clrf	fsr2h,c
  9865   001FCC  0E02               	movlw	2
  9866   001FCE  26D9               	addwf	fsr2l,f,c
  9867   001FD0  5171               	movf	i1RingBuf_DataWatch@rb& (0+255),w,b
  9868   001FD2  6EE1               	movwf	fsr1l,c
  9869   001FD4  6AE2               	clrf	fsr1h,c
  9870   001FD6  0E04               	movlw	4
  9871   001FD8  26E1               	addwf	fsr1l,f,c
  9872   001FDA  50DE               	movf	postinc2,w,c
  9873   001FDC  18E6               	xorwf	postinc1,w,c
  9874   001FDE  E107               	bnz	i1u404_21
  9875   001FE0  50DE               	movf	postinc2,w,c
  9876   001FE2  18E6               	xorwf	postinc1,w,c
  9877   001FE4  A4D8               	btfss	status,2,c
  9878   001FE6  EFF7  F00F         	goto	i1u404_21
  9879   001FEA  EFF9  F00F         	goto	i1u404_20
  9880   001FEE                     i1u404_21:
  9881   001FEE  EFFC  F00F         	goto	i1l4502
  9882   001FF2                     i1u404_20:
  9883   001FF2                     
  9884                           ; BSR set to: 0
  9885                           ;ringbuf.c: 137:         return RINGBUF_EMPTY;
  9886   001FF2  0E04               	movlw	4
  9887   001FF4  EFF0  F010         	goto	i1l213
  9888   001FF8                     i1l4502:
  9889                           
  9890                           ; BSR set to: 0
  9891                           ;ringbuf.c: 138:     uint16_t aval_len = 0;
  9892   001FF8  6B87               	clrf	(i1RingBuf_DataWatch@aval_len+1)& (0+255),b
  9893   001FFA  0E00               	movlw	0
  9894   001FFC  6F86               	movwf	i1RingBuf_DataWatch@aval_len& (0+255),b
  9895   001FFE                     
  9896                           ; BSR set to: 0
  9897                           ;ringbuf.c: 139:     RingBuf_Available(&aval_len, rb);
  9898   001FFE  0E86               	movlw	low i1RingBuf_DataWatch@aval_len
  9899   002000  6F60               	movwf	i1RingBuf_Available@len& (0+255),b
  9900   002002  6B61               	clrf	(i1RingBuf_Available@len+1)& (0+255),b
  9901   002004  C071  F062         	movff	i1RingBuf_DataWatch@rb,i1RingBuf_Available@rb
  9902   002008  EC83  F017         	call	i1_RingBuf_Available	;wreg free
  9903   00200C                     
  9904                           ;ringbuf.c: 140:     if (len > aval_len) len = aval_len;
  9905   00200C  0100               	movlb	0	; () banked
  9906   00200E  516F               	movf	i1RingBuf_DataWatch@len& (0+255),w,b
  9907   002010  5D86               	subwf	i1RingBuf_DataWatch@aval_len& (0+255),w,b
  9908   002012  5170               	movf	(i1RingBuf_DataWatch@len+1)& (0+255),w,b
  9909   002014  5987               	subwfb	(i1RingBuf_DataWatch@aval_len+1)& (0+255),w,b
  9910   002016  B0D8               	btfsc	status,0,c
  9911   002018  EF10  F010         	goto	i1u405_21
  9912   00201C  EF12  F010         	goto	i1u405_20
  9913   002020                     i1u405_21:
  9914   002020  EF16  F010         	goto	i1l4510
  9915   002024                     i1u405_20:
  9916   002024                     
  9917                           ; BSR set to: 0
  9918   002024  C086  F06F         	movff	i1RingBuf_DataWatch@aval_len,i1RingBuf_DataWatch@len
  9919   002028  C087  F070         	movff	i1RingBuf_DataWatch@aval_len+1,i1RingBuf_DataWatch@len+1
  9920   00202C                     i1l4510:
  9921                           
  9922                           ; BSR set to: 0
  9923                           ;ringbuf.c: 142:     uint16_t s_addr = 0;
  9924   00202C  6B81               	clrf	(i1RingBuf_DataWatch@s_addr+1)& (0+255),b
  9925   00202E  0E00               	movlw	0
  9926   002030  6F80               	movwf	i1RingBuf_DataWatch@s_addr& (0+255),b
  9927   002032                     
  9928                           ; BSR set to: 0
  9929                           ;ringbuf.c: 144:     uint16_t space = rb->size - rb->tail;
  9930   002032  5171               	movf	i1RingBuf_DataWatch@rb& (0+255),w,b
  9931   002034  6ED9               	movwf	fsr2l,c
  9932   002036  6ADA               	clrf	fsr2h,c
  9933   002038  0E02               	movlw	2
  9934   00203A  26D9               	addwf	fsr2l,f,c
  9935   00203C  CFDE F072          	movff	postinc2,??i1_RingBuf_DataWatch
  9936   002040  CFDD F073          	movff	postdec2,??i1_RingBuf_DataWatch+1
  9937   002044  5171               	movf	i1RingBuf_DataWatch@rb& (0+255),w,b
  9938   002046  6ED9               	movwf	fsr2l,c
  9939   002048  6ADA               	clrf	fsr2h,c
  9940   00204A  0E06               	movlw	6
  9941   00204C  26D9               	addwf	fsr2l,f,c
  9942   00204E  CFDE F074          	movff	postinc2,??i1_RingBuf_DataWatch+2
  9943   002052  CFDD F075          	movff	postdec2,??i1_RingBuf_DataWatch+3
  9944   002056  5172               	movf	??i1_RingBuf_DataWatch& (0+255),w,b
  9945   002058  5D74               	subwf	(??i1_RingBuf_DataWatch+2)& (0+255),w,b
  9946   00205A  6F84               	movwf	i1RingBuf_DataWatch@space& (0+255),b
  9947   00205C  5173               	movf	(??i1_RingBuf_DataWatch+1)& (0+255),w,b
  9948   00205E  5975               	subwfb	(??i1_RingBuf_DataWatch+3)& (0+255),w,b
  9949   002060  6F85               	movwf	(i1RingBuf_DataWatch@space+1)& (0+255),b
  9950   002062                     
  9951                           ; BSR set to: 0
  9952                           ;ringbuf.c: 145:     uint16_t loc_tail = rb->tail;
  9953   002062  5171               	movf	i1RingBuf_DataWatch@rb& (0+255),w,b
  9954   002064  6ED9               	movwf	fsr2l,c
  9955   002066  6ADA               	clrf	fsr2h,c
  9956   002068  0E02               	movlw	2
  9957   00206A  26D9               	addwf	fsr2l,f,c
  9958   00206C  CFDE F082          	movff	postinc2,i1RingBuf_DataWatch@loc_tail
  9959   002070  CFDD F083          	movff	postdec2,i1RingBuf_DataWatch@loc_tail+1
  9960   002074                     
  9961                           ; BSR set to: 0
  9962                           ;ringbuf.c: 146:     if (len > space) {
  9963   002074  516F               	movf	i1RingBuf_DataWatch@len& (0+255),w,b
  9964   002076  5D84               	subwf	i1RingBuf_DataWatch@space& (0+255),w,b
  9965   002078  5170               	movf	(i1RingBuf_DataWatch@len+1)& (0+255),w,b
  9966   00207A  5985               	subwfb	(i1RingBuf_DataWatch@space+1)& (0+255),w,b
  9967   00207C  B0D8               	btfsc	status,0,c
  9968   00207E  EF43  F010         	goto	i1u406_21
  9969   002082  EF45  F010         	goto	i1u406_20
  9970   002086                     i1u406_21:
  9971   002086  EF94  F010         	goto	i1l4526
  9972   00208A                     i1u406_20:
  9973   00208A                     
  9974                           ; BSR set to: 0
  9975                           ;ringbuf.c: 149:         memcpy((uint8_t*)data + (s_addr * rb->cell_size), &rb->buf[loc_
      +                          tail * rb->cell_size], space * rb->cell_size);
  9976   00208A  C06D  F060         	movff	i1RingBuf_DataWatch@data,i1memcpy@d1
  9977   00208E  C06E  F061         	movff	i1RingBuf_DataWatch@data+1,i1memcpy@d1+1
  9978   002092  5171               	movf	i1RingBuf_DataWatch@rb& (0+255),w,b
  9979   002094  6ED9               	movwf	fsr2l,c
  9980   002096  6ADA               	clrf	fsr2h,c
  9981   002098  0E08               	movlw	8
  9982   00209A  26D9               	addwf	fsr2l,f,c
  9983   00209C  CFDE F072          	movff	postinc2,??i1_RingBuf_DataWatch
  9984   0020A0  CFDD F073          	movff	postdec2,??i1_RingBuf_DataWatch+1
  9985   0020A4  5182               	movf	i1RingBuf_DataWatch@loc_tail& (0+255),w,b
  9986   0020A6  0372               	mulwf	??i1_RingBuf_DataWatch& (0+255),b
  9987   0020A8  CFF3 F074          	movff	prodl,??i1_RingBuf_DataWatch+2
  9988   0020AC  CFF4 F075          	movff	prodh,??i1_RingBuf_DataWatch+3
  9989   0020B0  0373               	mulwf	(??i1_RingBuf_DataWatch+1)& (0+255),b
  9990   0020B2  50F3               	movf	prodl,w,c
  9991   0020B4  2775               	addwf	(??i1_RingBuf_DataWatch+3)& (0+255),f,b
  9992   0020B6  5183               	movf	(i1RingBuf_DataWatch@loc_tail+1)& (0+255),w,b
  9993   0020B8  0372               	mulwf	??i1_RingBuf_DataWatch& (0+255),b
  9994   0020BA  50F3               	movf	prodl,w,c
  9995   0020BC  2775               	addwf	(??i1_RingBuf_DataWatch+3)& (0+255),f,b
  9996   0020BE  5171               	movf	i1RingBuf_DataWatch@rb& (0+255),w,b
  9997   0020C0  6ED9               	movwf	fsr2l,c
  9998   0020C2  6ADA               	clrf	fsr2h,c
  9999   0020C4  CFDE F076          	movff	postinc2,??i1_RingBuf_DataWatch+4
 10000   0020C8  CFDD F077          	movff	postdec2,??i1_RingBuf_DataWatch+5
 10001   0020CC  5174               	movf	(??i1_RingBuf_DataWatch+2)& (0+255),w,b
 10002   0020CE  2576               	addwf	(??i1_RingBuf_DataWatch+4)& (0+255),w,b
 10003   0020D0  6F62               	movwf	i1memcpy@s1& (0+255),b
 10004   0020D2  5175               	movf	(??i1_RingBuf_DataWatch+3)& (0+255),w,b
 10005   0020D4  2177               	addwfc	(??i1_RingBuf_DataWatch+5)& (0+255),w,b
 10006   0020D6  6F63               	movwf	(i1memcpy@s1+1)& (0+255),b
 10007   0020D8  5171               	movf	i1RingBuf_DataWatch@rb& (0+255),w,b
 10008   0020DA  6ED9               	movwf	fsr2l,c
 10009   0020DC  6ADA               	clrf	fsr2h,c
 10010   0020DE  0E08               	movlw	8
 10011   0020E0  26D9               	addwf	fsr2l,f,c
 10012   0020E2  CFDE F078          	movff	postinc2,??i1_RingBuf_DataWatch+6
 10013   0020E6  CFDD F079          	movff	postdec2,??i1_RingBuf_DataWatch+7
 10014   0020EA  5184               	movf	i1RingBuf_DataWatch@space& (0+255),w,b
 10015   0020EC  0378               	mulwf	(??i1_RingBuf_DataWatch+6)& (0+255),b
 10016   0020EE  CFF3 F07A          	movff	prodl,??i1_RingBuf_DataWatch+8
 10017   0020F2  CFF4 F07B          	movff	prodh,??i1_RingBuf_DataWatch+9
 10018   0020F6  0379               	mulwf	(??i1_RingBuf_DataWatch+7)& (0+255),b
 10019   0020F8  50F3               	movf	prodl,w,c
 10020   0020FA  277B               	addwf	(??i1_RingBuf_DataWatch+9)& (0+255),f,b
 10021   0020FC  5185               	movf	(i1RingBuf_DataWatch@space+1)& (0+255),w,b
 10022   0020FE  0378               	mulwf	(??i1_RingBuf_DataWatch+6)& (0+255),b
 10023   002100  50F3               	movf	prodl,w,c
 10024   002102  277B               	addwf	(??i1_RingBuf_DataWatch+9)& (0+255),f,b
 10025   002104  C07A  F064         	movff	??i1_RingBuf_DataWatch+8,i1memcpy@n
 10026   002108  C07B  F065         	movff	??i1_RingBuf_DataWatch+9,i1memcpy@n+1
 10027   00210C  EC3B  F020         	call	i1_memcpy	;wreg free
 10028   002110                     
 10029                           ;ringbuf.c: 151:         loc_tail = 0;
 10030   002110  0100               	movlb	0	; () banked
 10031   002112  6B83               	clrf	(i1RingBuf_DataWatch@loc_tail+1)& (0+255),b
 10032   002114  0E00               	movlw	0
 10033   002116  6F82               	movwf	i1RingBuf_DataWatch@loc_tail& (0+255),b
 10034   002118                     
 10035                           ; BSR set to: 0
 10036                           ;ringbuf.c: 153:         s_addr = space;
 10037   002118  C084  F080         	movff	i1RingBuf_DataWatch@space,i1RingBuf_DataWatch@s_addr
 10038   00211C  C085  F081         	movff	i1RingBuf_DataWatch@space+1,i1RingBuf_DataWatch@s_addr+1
 10039   002120                     
 10040                           ; BSR set to: 0
 10041                           ;ringbuf.c: 155:         len -= space;
 10042   002120  5184               	movf	i1RingBuf_DataWatch@space& (0+255),w,b
 10043   002122  5F6F               	subwf	i1RingBuf_DataWatch@len& (0+255),f,b
 10044   002124  5185               	movf	(i1RingBuf_DataWatch@space+1)& (0+255),w,b
 10045   002126  5B70               	subwfb	(i1RingBuf_DataWatch@len+1)& (0+255),f,b
 10046   002128                     i1l4526:
 10047                           
 10048                           ; BSR set to: 0
 10049                           ;ringbuf.c: 158:     memcpy((uint8_t*)data + (s_addr * rb->cell_size), &rb->buf[loc_tail
      +                           * rb->cell_size], len * rb->cell_size);
 10050   002128  5171               	movf	i1RingBuf_DataWatch@rb& (0+255),w,b
 10051   00212A  6ED9               	movwf	fsr2l,c
 10052   00212C  6ADA               	clrf	fsr2h,c
 10053   00212E  0E08               	movlw	8
 10054   002130  26D9               	addwf	fsr2l,f,c
 10055   002132  CFDE F072          	movff	postinc2,??i1_RingBuf_DataWatch
 10056   002136  CFDD F073          	movff	postdec2,??i1_RingBuf_DataWatch+1
 10057   00213A  5180               	movf	i1RingBuf_DataWatch@s_addr& (0+255),w,b
 10058   00213C  0372               	mulwf	??i1_RingBuf_DataWatch& (0+255),b
 10059   00213E  CFF3 F074          	movff	prodl,??i1_RingBuf_DataWatch+2
 10060   002142  CFF4 F075          	movff	prodh,??i1_RingBuf_DataWatch+3
 10061   002146  0373               	mulwf	(??i1_RingBuf_DataWatch+1)& (0+255),b
 10062   002148  50F3               	movf	prodl,w,c
 10063   00214A  2775               	addwf	(??i1_RingBuf_DataWatch+3)& (0+255),f,b
 10064   00214C  5181               	movf	(i1RingBuf_DataWatch@s_addr+1)& (0+255),w,b
 10065   00214E  0372               	mulwf	??i1_RingBuf_DataWatch& (0+255),b
 10066   002150  50F3               	movf	prodl,w,c
 10067   002152  2775               	addwf	(??i1_RingBuf_DataWatch+3)& (0+255),f,b
 10068   002154  5174               	movf	(??i1_RingBuf_DataWatch+2)& (0+255),w,b
 10069   002156  256D               	addwf	i1RingBuf_DataWatch@data& (0+255),w,b
 10070   002158  6F60               	movwf	i1memcpy@d1& (0+255),b
 10071   00215A  5175               	movf	(??i1_RingBuf_DataWatch+3)& (0+255),w,b
 10072   00215C  216E               	addwfc	(i1RingBuf_DataWatch@data+1)& (0+255),w,b
 10073   00215E  6F61               	movwf	(i1memcpy@d1+1)& (0+255),b
 10074   002160  5171               	movf	i1RingBuf_DataWatch@rb& (0+255),w,b
 10075   002162  6ED9               	movwf	fsr2l,c
 10076   002164  6ADA               	clrf	fsr2h,c
 10077   002166  0E08               	movlw	8
 10078   002168  26D9               	addwf	fsr2l,f,c
 10079   00216A  CFDE F076          	movff	postinc2,??i1_RingBuf_DataWatch+4
 10080   00216E  CFDD F077          	movff	postdec2,??i1_RingBuf_DataWatch+5
 10081   002172  5182               	movf	i1RingBuf_DataWatch@loc_tail& (0+255),w,b
 10082   002174  0376               	mulwf	(??i1_RingBuf_DataWatch+4)& (0+255),b
 10083   002176  CFF3 F078          	movff	prodl,??i1_RingBuf_DataWatch+6
 10084   00217A  CFF4 F079          	movff	prodh,??i1_RingBuf_DataWatch+7
 10085   00217E  0377               	mulwf	(??i1_RingBuf_DataWatch+5)& (0+255),b
 10086   002180  50F3               	movf	prodl,w,c
 10087   002182  2779               	addwf	(??i1_RingBuf_DataWatch+7)& (0+255),f,b
 10088   002184  5183               	movf	(i1RingBuf_DataWatch@loc_tail+1)& (0+255),w,b
 10089   002186  0376               	mulwf	(??i1_RingBuf_DataWatch+4)& (0+255),b
 10090   002188  50F3               	movf	prodl,w,c
 10091   00218A  2779               	addwf	(??i1_RingBuf_DataWatch+7)& (0+255),f,b
 10092   00218C  5171               	movf	i1RingBuf_DataWatch@rb& (0+255),w,b
 10093   00218E  6ED9               	movwf	fsr2l,c
 10094   002190  6ADA               	clrf	fsr2h,c
 10095   002192  CFDE F07A          	movff	postinc2,??i1_RingBuf_DataWatch+8
 10096   002196  CFDD F07B          	movff	postdec2,??i1_RingBuf_DataWatch+9
 10097   00219A  5178               	movf	(??i1_RingBuf_DataWatch+6)& (0+255),w,b
 10098   00219C  257A               	addwf	(??i1_RingBuf_DataWatch+8)& (0+255),w,b
 10099   00219E  6F62               	movwf	i1memcpy@s1& (0+255),b
 10100   0021A0  5179               	movf	(??i1_RingBuf_DataWatch+7)& (0+255),w,b
 10101   0021A2  217B               	addwfc	(??i1_RingBuf_DataWatch+9)& (0+255),w,b
 10102   0021A4  6F63               	movwf	(i1memcpy@s1+1)& (0+255),b
 10103   0021A6  5171               	movf	i1RingBuf_DataWatch@rb& (0+255),w,b
 10104   0021A8  6ED9               	movwf	fsr2l,c
 10105   0021AA  6ADA               	clrf	fsr2h,c
 10106   0021AC  0E08               	movlw	8
 10107   0021AE  26D9               	addwf	fsr2l,f,c
 10108   0021B0  CFDE F07C          	movff	postinc2,??i1_RingBuf_DataWatch+10
 10109   0021B4  CFDD F07D          	movff	postdec2,??i1_RingBuf_DataWatch+11
 10110   0021B8  516F               	movf	i1RingBuf_DataWatch@len& (0+255),w,b
 10111   0021BA  037C               	mulwf	(??i1_RingBuf_DataWatch+10)& (0+255),b
 10112   0021BC  CFF3 F07E          	movff	prodl,??i1_RingBuf_DataWatch+12
 10113   0021C0  CFF4 F07F          	movff	prodh,??i1_RingBuf_DataWatch+13
 10114   0021C4  037D               	mulwf	(??i1_RingBuf_DataWatch+11)& (0+255),b
 10115   0021C6  50F3               	movf	prodl,w,c
 10116   0021C8  277F               	addwf	(??i1_RingBuf_DataWatch+13)& (0+255),f,b
 10117   0021CA  5170               	movf	(i1RingBuf_DataWatch@len+1)& (0+255),w,b
 10118   0021CC  037C               	mulwf	(??i1_RingBuf_DataWatch+10)& (0+255),b
 10119   0021CE  50F3               	movf	prodl,w,c
 10120   0021D0  277F               	addwf	(??i1_RingBuf_DataWatch+13)& (0+255),f,b
 10121   0021D2  C07E  F064         	movff	??i1_RingBuf_DataWatch+12,i1memcpy@n
 10122   0021D6  C07F  F065         	movff	??i1_RingBuf_DataWatch+13,i1memcpy@n+1
 10123   0021DA  EC3B  F020         	call	i1_memcpy	;wreg free
 10124   0021DE                     
 10125                           ;ringbuf.c: 159:     return RINGBUF_OK;
 10126   0021DE  0E00               	movlw	0
 10127   0021E0                     i1l213:
 10128   0021E0  0012               	return		;funcret
 10129   0021E2                     __end_ofi1_RingBuf_DataWatch:
 10130                           	callstack 0
 10131                           
 10132 ;; *************** function i1_RingBuf_DataPut *****************
 10133 ;; Defined at:
 10134 ;;		line 57 in file "ringbuf.c"
 10135 ;; Parameters:    Size  Location     Type
 10136 ;;  data            2   13[BANK0 ] PTR const void 
 10137 ;;		 -> RXbyte_cbk@byte(1), main@strtx(100), 
 10138 ;;  len             2   15[BANK0 ] unsigned short 
 10139 ;;  rb              1   17[BANK0 ] PTR volatile struct RING
 10140 ;;		 -> RXringbuf(10), TXringbuf(10), 
 10141 ;; Auto vars:     Size  Location     Type
 10142 ;;  space           2   42[BANK0 ] unsigned int 
 10143 ;;  avaldat         2   40[BANK0 ] unsigned short 
 10144 ;;  s_addr          2   38[BANK0 ] unsigned int 
 10145 ;;  input           2   36[BANK0 ] PTR const unsigned char 
 10146 ;;		 -> RXbyte_cbk@byte(1), main@strtx(100), 
 10147 ;;  len_tmp         2   34[BANK0 ] unsigned short 
 10148 ;; Return value:  Size  Location     Type
 10149 ;;                  1    wreg      enum E691
 10150 ;; Registers used:
 10151 ;;		wreg, fsr1l, fsr1h, fsr2l, fsr2h, status,2, status,0, prodl, prodh, cstack
 10152 ;; Tracked objects:
 10153 ;;		On entry : 0/0
 10154 ;;		On exit  : 0/0
 10155 ;;		Unchanged: 0/0
 10156 ;; Data sizes:     COMRAM   BANK0   BANK1   BANK2   BANK3   BANK4   BANK5   BANK6   BANK7   BANK8   BANK9  BANK10  BANK1
      +1  BANK12  BANK13  BANK14
 10157 ;;      Params:         0       5       0       0       0       0       0       0       0       0       0       0       
      +0       0       0       0
 10158 ;;      Locals:         0      10       0       0       0       0       0       0       0       0       0       0       
      +0       0       0       0
 10159 ;;      Temps:          0      16       0       0       0       0       0       0       0       0       0       0       
      +0       0       0       0
 10160 ;;      Totals:         0      31       0       0       0       0       0       0       0       0       0       0       
      +0       0       0       0
 10161 ;;Total ram usage:       31 bytes
 10162 ;; Hardware stack levels used: 1
 10163 ;; Hardware stack levels required when called: 6
 10164 ;; This function calls:
 10165 ;;		i1_RingBuf_Available
 10166 ;;		i1_memcpy
 10167 ;; This function is called by:
 10168 ;;		_RXbyte_cbk
 10169 ;; This function uses a non-reentrant model
 10170 ;;
 10171                           
 10172                           	psect	text47
 10173   0016D8                     __ptext47:
 10174                           	callstack 0
 10175   0016D8                     i1_RingBuf_DataPut:
 10176                           	callstack 14
 10177   0016D8                     
 10178                           ;ringbuf.c: 58:     if (rb->buf == ((void*)0)) return RINGBUF_PARAM_ERR;
 10179   0016D8  0100               	movlb	0	; () banked
 10180   0016DA  5171               	movf	i1RingBuf_DataPut@rb& (0+255),w,b
 10181   0016DC  6ED9               	movwf	fsr2l,c
 10182   0016DE  6ADA               	clrf	fsr2h,c
 10183   0016E0  50DE               	movf	postinc2,w,c
 10184   0016E2  10DE               	iorwf	postinc2,w,c
 10185   0016E4  A4D8               	btfss	status,2,c
 10186   0016E6  EF77  F00B         	goto	i1u433_21
 10187   0016EA  EF79  F00B         	goto	i1u433_20
 10188   0016EE                     i1u433_21:
 10189   0016EE  EF7B  F00B         	goto	i1l4786
 10190   0016F2                     i1u433_20:
 10191   0016F2  EF01  F00D         	goto	i1l197
 10192   0016F6                     i1l4786:
 10193                           
 10194                           ; BSR set to: 0
 10195                           ;ringbuf.c: 59:     if (len > rb->size)
 10196   0016F6  5171               	movf	i1RingBuf_DataPut@rb& (0+255),w,b
 10197   0016F8  6ED9               	movwf	fsr2l,c
 10198   0016FA  6ADA               	clrf	fsr2h,c
 10199   0016FC  0E06               	movlw	6
 10200   0016FE  26D9               	addwf	fsr2l,f,c
 10201   001700  516F               	movf	i1RingBuf_DataPut@len& (0+255),w,b
 10202   001702  5CDE               	subwf	postinc2,w,c
 10203   001704  5170               	movf	(i1RingBuf_DataPut@len+1)& (0+255),w,b
 10204   001706  58DE               	subwfb	postinc2,w,c
 10205   001708  B0D8               	btfsc	status,0,c
 10206   00170A  EF89  F00B         	goto	i1u434_21
 10207   00170E  EF8B  F00B         	goto	i1u434_20
 10208   001712                     i1u434_21:
 10209   001712  EF8D  F00B         	goto	i1l4790
 10210   001716                     i1u434_20:
 10211   001716  EF01  F00D         	goto	i1l197
 10212   00171A                     i1l4790:
 10213                           
 10214                           ; BSR set to: 0
 10215                           ;ringbuf.c: 61:     const char *input = data;
 10216   00171A  C06D  F084         	movff	i1RingBuf_DataPut@data,i1RingBuf_DataPut@input
 10217   00171E  C06E  F085         	movff	i1RingBuf_DataPut@data+1,i1RingBuf_DataPut@input+1
 10218   001722                     
 10219                           ; BSR set to: 0
 10220                           ;ringbuf.c: 63:     size_t s_addr = 0;
 10221   001722  6B87               	clrf	(i1RingBuf_DataPut@s_addr+1)& (0+255),b
 10222   001724  0E00               	movlw	0
 10223   001726  6F86               	movwf	i1RingBuf_DataPut@s_addr& (0+255),b
 10224   001728                     
 10225                           ; BSR set to: 0
 10226                           ;ringbuf.c: 65:     size_t space = rb->size - rb->head;
 10227   001728  5171               	movf	i1RingBuf_DataPut@rb& (0+255),w,b
 10228   00172A  6ED9               	movwf	fsr2l,c
 10229   00172C  6ADA               	clrf	fsr2h,c
 10230   00172E  0E04               	movlw	4
 10231   001730  26D9               	addwf	fsr2l,f,c
 10232   001732  CFDE F072          	movff	postinc2,??i1_RingBuf_DataPut
 10233   001736  CFDD F073          	movff	postdec2,??i1_RingBuf_DataPut+1
 10234   00173A  5171               	movf	i1RingBuf_DataPut@rb& (0+255),w,b
 10235   00173C  6ED9               	movwf	fsr2l,c
 10236   00173E  6ADA               	clrf	fsr2h,c
 10237   001740  0E06               	movlw	6
 10238   001742  26D9               	addwf	fsr2l,f,c
 10239   001744  CFDE F074          	movff	postinc2,??i1_RingBuf_DataPut+2
 10240   001748  CFDD F075          	movff	postdec2,??i1_RingBuf_DataPut+3
 10241   00174C  5172               	movf	??i1_RingBuf_DataPut& (0+255),w,b
 10242   00174E  5D74               	subwf	(??i1_RingBuf_DataPut+2)& (0+255),w,b
 10243   001750  6F8A               	movwf	i1RingBuf_DataPut@space& (0+255),b
 10244   001752  5173               	movf	(??i1_RingBuf_DataPut+1)& (0+255),w,b
 10245   001754  5975               	subwfb	(??i1_RingBuf_DataPut+3)& (0+255),w,b
 10246   001756  6F8B               	movwf	(i1RingBuf_DataPut@space+1)& (0+255),b
 10247   001758                     
 10248                           ; BSR set to: 0
 10249                           ;ringbuf.c: 68:     uint16_t avaldat = 0;
 10250   001758  6B89               	clrf	(i1RingBuf_DataPut@avaldat+1)& (0+255),b
 10251   00175A  0E00               	movlw	0
 10252   00175C  6F88               	movwf	i1RingBuf_DataPut@avaldat& (0+255),b
 10253   00175E                     
 10254                           ; BSR set to: 0
 10255                           ;ringbuf.c: 69:     RingBuf_Available(&avaldat, rb);
 10256   00175E  0E88               	movlw	low i1RingBuf_DataPut@avaldat
 10257   001760  6F60               	movwf	i1RingBuf_Available@len& (0+255),b
 10258   001762  6B61               	clrf	(i1RingBuf_Available@len+1)& (0+255),b
 10259   001764  C071  F062         	movff	i1RingBuf_DataPut@rb,i1RingBuf_Available@rb
 10260   001768  EC83  F017         	call	i1_RingBuf_Available	;wreg free
 10261   00176C                     
 10262                           ;ringbuf.c: 70:     uint16_t len_tmp = len;
 10263   00176C  C06F  F082         	movff	i1RingBuf_DataPut@len,i1RingBuf_DataPut@len_tmp
 10264   001770  C070  F083         	movff	i1RingBuf_DataPut@len+1,i1RingBuf_DataPut@len_tmp+1
 10265   001774                     
 10266                           ;ringbuf.c: 72:     if (len > space) {
 10267   001774  0100               	movlb	0	; () banked
 10268   001776  516F               	movf	i1RingBuf_DataPut@len& (0+255),w,b
 10269   001778  5D8A               	subwf	i1RingBuf_DataPut@space& (0+255),w,b
 10270   00177A  5170               	movf	(i1RingBuf_DataPut@len+1)& (0+255),w,b
 10271   00177C  598B               	subwfb	(i1RingBuf_DataPut@space+1)& (0+255),w,b
 10272   00177E  B0D8               	btfsc	status,0,c
 10273   001780  EFC4  F00B         	goto	i1u435_21
 10274   001784  EFC6  F00B         	goto	i1u435_20
 10275   001788                     i1u435_21:
 10276   001788  EF22  F00C         	goto	i1l4812
 10277   00178C                     i1u435_20:
 10278   00178C                     
 10279                           ; BSR set to: 0
 10280                           ;ringbuf.c: 74:         memcpy(&rb->buf[rb->head*rb->cell_size], &input[s_addr * rb->cel
      +                          l_size], space * rb->cell_size);
 10281   00178C  5171               	movf	i1RingBuf_DataPut@rb& (0+255),w,b
 10282   00178E  6ED9               	movwf	fsr2l,c
 10283   001790  6ADA               	clrf	fsr2h,c
 10284   001792  0E08               	movlw	8
 10285   001794  26D9               	addwf	fsr2l,f,c
 10286   001796  CFDE F072          	movff	postinc2,??i1_RingBuf_DataPut
 10287   00179A  CFDD F073          	movff	postdec2,??i1_RingBuf_DataPut+1
 10288   00179E  5171               	movf	i1RingBuf_DataPut@rb& (0+255),w,b
 10289   0017A0  6ED9               	movwf	fsr2l,c
 10290   0017A2  6ADA               	clrf	fsr2h,c
 10291   0017A4  0E04               	movlw	4
 10292   0017A6  26D9               	addwf	fsr2l,f,c
 10293   0017A8  CFDE F074          	movff	postinc2,??i1_RingBuf_DataPut+2
 10294   0017AC  CFDD F075          	movff	postdec2,??i1_RingBuf_DataPut+3
 10295   0017B0  5172               	movf	??i1_RingBuf_DataPut& (0+255),w,b
 10296   0017B2  0374               	mulwf	(??i1_RingBuf_DataPut+2)& (0+255),b
 10297   0017B4  CFF3 F076          	movff	prodl,??i1_RingBuf_DataPut+4
 10298   0017B8  CFF4 F077          	movff	prodh,??i1_RingBuf_DataPut+5
 10299   0017BC  0375               	mulwf	(??i1_RingBuf_DataPut+3)& (0+255),b
 10300   0017BE  50F3               	movf	prodl,w,c
 10301   0017C0  2777               	addwf	(??i1_RingBuf_DataPut+5)& (0+255),f,b
 10302   0017C2  5173               	movf	(??i1_RingBuf_DataPut+1)& (0+255),w,b
 10303   0017C4  0374               	mulwf	(??i1_RingBuf_DataPut+2)& (0+255),b
 10304   0017C6  50F3               	movf	prodl,w,c
 10305   0017C8  2777               	addwf	(??i1_RingBuf_DataPut+5)& (0+255),f,b
 10306   0017CA  5171               	movf	i1RingBuf_DataPut@rb& (0+255),w,b
 10307   0017CC  6ED9               	movwf	fsr2l,c
 10308   0017CE  6ADA               	clrf	fsr2h,c
 10309   0017D0  CFDE F078          	movff	postinc2,??i1_RingBuf_DataPut+6
 10310   0017D4  CFDD F079          	movff	postdec2,??i1_RingBuf_DataPut+7
 10311   0017D8  5176               	movf	(??i1_RingBuf_DataPut+4)& (0+255),w,b
 10312   0017DA  2578               	addwf	(??i1_RingBuf_DataPut+6)& (0+255),w,b
 10313   0017DC  6F60               	movwf	i1memcpy@d1& (0+255),b
 10314   0017DE  5177               	movf	(??i1_RingBuf_DataPut+5)& (0+255),w,b
 10315   0017E0  2179               	addwfc	(??i1_RingBuf_DataPut+7)& (0+255),w,b
 10316   0017E2  6F61               	movwf	(i1memcpy@d1+1)& (0+255),b
 10317   0017E4  C084  F062         	movff	i1RingBuf_DataPut@input,i1memcpy@s1
 10318   0017E8  C085  F063         	movff	i1RingBuf_DataPut@input+1,i1memcpy@s1+1
 10319   0017EC  5171               	movf	i1RingBuf_DataPut@rb& (0+255),w,b
 10320   0017EE  6ED9               	movwf	fsr2l,c
 10321   0017F0  6ADA               	clrf	fsr2h,c
 10322   0017F2  0E08               	movlw	8
 10323   0017F4  26D9               	addwf	fsr2l,f,c
 10324   0017F6  CFDE F07A          	movff	postinc2,??i1_RingBuf_DataPut+8
 10325   0017FA  CFDD F07B          	movff	postdec2,??i1_RingBuf_DataPut+9
 10326   0017FE  518A               	movf	i1RingBuf_DataPut@space& (0+255),w,b
 10327   001800  037A               	mulwf	(??i1_RingBuf_DataPut+8)& (0+255),b
 10328   001802  CFF3 F07C          	movff	prodl,??i1_RingBuf_DataPut+10
 10329   001806  CFF4 F07D          	movff	prodh,??i1_RingBuf_DataPut+11
 10330   00180A  037B               	mulwf	(??i1_RingBuf_DataPut+9)& (0+255),b
 10331   00180C  50F3               	movf	prodl,w,c
 10332   00180E  277D               	addwf	(??i1_RingBuf_DataPut+11)& (0+255),f,b
 10333   001810  518B               	movf	(i1RingBuf_DataPut@space+1)& (0+255),w,b
 10334   001812  037A               	mulwf	(??i1_RingBuf_DataPut+8)& (0+255),b
 10335   001814  50F3               	movf	prodl,w,c
 10336   001816  277D               	addwf	(??i1_RingBuf_DataPut+11)& (0+255),f,b
 10337   001818  C07C  F064         	movff	??i1_RingBuf_DataPut+10,i1memcpy@n
 10338   00181C  C07D  F065         	movff	??i1_RingBuf_DataPut+11,i1memcpy@n+1
 10339   001820  EC3B  F020         	call	i1_memcpy	;wreg free
 10340   001824                     
 10341                           ;ringbuf.c: 76:         rb->head = 0;
 10342   001824  0100               	movlb	0	; () banked
 10343   001826  5171               	movf	i1RingBuf_DataPut@rb& (0+255),w,b
 10344   001828  6ED9               	movwf	fsr2l,c
 10345   00182A  6ADA               	clrf	fsr2h,c
 10346   00182C  0E04               	movlw	4
 10347   00182E  26D9               	addwf	fsr2l,f,c
 10348   001830  6ADE               	clrf	postinc2,c
 10349   001832  6ADD               	clrf	postdec2,c
 10350   001834                     
 10351                           ; BSR set to: 0
 10352                           ;ringbuf.c: 78:         s_addr = space;
 10353   001834  C08A  F086         	movff	i1RingBuf_DataPut@space,i1RingBuf_DataPut@s_addr
 10354   001838  C08B  F087         	movff	i1RingBuf_DataPut@space+1,i1RingBuf_DataPut@s_addr+1
 10355   00183C                     
 10356                           ; BSR set to: 0
 10357                           ;ringbuf.c: 80:         len -= space;
 10358   00183C  518A               	movf	i1RingBuf_DataPut@space& (0+255),w,b
 10359   00183E  5F6F               	subwf	i1RingBuf_DataPut@len& (0+255),f,b
 10360   001840  518B               	movf	(i1RingBuf_DataPut@space+1)& (0+255),w,b
 10361   001842  5B70               	subwfb	(i1RingBuf_DataPut@len+1)& (0+255),f,b
 10362   001844                     i1l4812:
 10363                           
 10364                           ; BSR set to: 0
 10365                           ;ringbuf.c: 83:     memcpy(&rb->buf[rb->head*rb->cell_size], &input[s_addr * rb->cell_si
      +                          ze], len * rb->cell_size);
 10366   001844  5171               	movf	i1RingBuf_DataPut@rb& (0+255),w,b
 10367   001846  6ED9               	movwf	fsr2l,c
 10368   001848  6ADA               	clrf	fsr2h,c
 10369   00184A  0E08               	movlw	8
 10370   00184C  26D9               	addwf	fsr2l,f,c
 10371   00184E  CFDE F072          	movff	postinc2,??i1_RingBuf_DataPut
 10372   001852  CFDD F073          	movff	postdec2,??i1_RingBuf_DataPut+1
 10373   001856  5171               	movf	i1RingBuf_DataPut@rb& (0+255),w,b
 10374   001858  6ED9               	movwf	fsr2l,c
 10375   00185A  6ADA               	clrf	fsr2h,c
 10376   00185C  0E04               	movlw	4
 10377   00185E  26D9               	addwf	fsr2l,f,c
 10378   001860  CFDE F074          	movff	postinc2,??i1_RingBuf_DataPut+2
 10379   001864  CFDD F075          	movff	postdec2,??i1_RingBuf_DataPut+3
 10380   001868  5172               	movf	??i1_RingBuf_DataPut& (0+255),w,b
 10381   00186A  0374               	mulwf	(??i1_RingBuf_DataPut+2)& (0+255),b
 10382   00186C  CFF3 F076          	movff	prodl,??i1_RingBuf_DataPut+4
 10383   001870  CFF4 F077          	movff	prodh,??i1_RingBuf_DataPut+5
 10384   001874  0375               	mulwf	(??i1_RingBuf_DataPut+3)& (0+255),b
 10385   001876  50F3               	movf	prodl,w,c
 10386   001878  2777               	addwf	(??i1_RingBuf_DataPut+5)& (0+255),f,b
 10387   00187A  5173               	movf	(??i1_RingBuf_DataPut+1)& (0+255),w,b
 10388   00187C  0374               	mulwf	(??i1_RingBuf_DataPut+2)& (0+255),b
 10389   00187E  50F3               	movf	prodl,w,c
 10390   001880  2777               	addwf	(??i1_RingBuf_DataPut+5)& (0+255),f,b
 10391   001882  5171               	movf	i1RingBuf_DataPut@rb& (0+255),w,b
 10392   001884  6ED9               	movwf	fsr2l,c
 10393   001886  6ADA               	clrf	fsr2h,c
 10394   001888  CFDE F078          	movff	postinc2,??i1_RingBuf_DataPut+6
 10395   00188C  CFDD F079          	movff	postdec2,??i1_RingBuf_DataPut+7
 10396   001890  5176               	movf	(??i1_RingBuf_DataPut+4)& (0+255),w,b
 10397   001892  2578               	addwf	(??i1_RingBuf_DataPut+6)& (0+255),w,b
 10398   001894  6F60               	movwf	i1memcpy@d1& (0+255),b
 10399   001896  5177               	movf	(??i1_RingBuf_DataPut+5)& (0+255),w,b
 10400   001898  2179               	addwfc	(??i1_RingBuf_DataPut+7)& (0+255),w,b
 10401   00189A  6F61               	movwf	(i1memcpy@d1+1)& (0+255),b
 10402   00189C  5171               	movf	i1RingBuf_DataPut@rb& (0+255),w,b
 10403   00189E  6ED9               	movwf	fsr2l,c
 10404   0018A0  6ADA               	clrf	fsr2h,c
 10405   0018A2  0E08               	movlw	8
 10406   0018A4  26D9               	addwf	fsr2l,f,c
 10407   0018A6  CFDE F07A          	movff	postinc2,??i1_RingBuf_DataPut+8
 10408   0018AA  CFDD F07B          	movff	postdec2,??i1_RingBuf_DataPut+9
 10409   0018AE  5186               	movf	i1RingBuf_DataPut@s_addr& (0+255),w,b
 10410   0018B0  037A               	mulwf	(??i1_RingBuf_DataPut+8)& (0+255),b
 10411   0018B2  CFF3 F07C          	movff	prodl,??i1_RingBuf_DataPut+10
 10412   0018B6  CFF4 F07D          	movff	prodh,??i1_RingBuf_DataPut+11
 10413   0018BA  037B               	mulwf	(??i1_RingBuf_DataPut+9)& (0+255),b
 10414   0018BC  50F3               	movf	prodl,w,c
 10415   0018BE  277D               	addwf	(??i1_RingBuf_DataPut+11)& (0+255),f,b
 10416   0018C0  5187               	movf	(i1RingBuf_DataPut@s_addr+1)& (0+255),w,b
 10417   0018C2  037A               	mulwf	(??i1_RingBuf_DataPut+8)& (0+255),b
 10418   0018C4  50F3               	movf	prodl,w,c
 10419   0018C6  277D               	addwf	(??i1_RingBuf_DataPut+11)& (0+255),f,b
 10420   0018C8  517C               	movf	(??i1_RingBuf_DataPut+10)& (0+255),w,b
 10421   0018CA  2584               	addwf	i1RingBuf_DataPut@input& (0+255),w,b
 10422   0018CC  6F62               	movwf	i1memcpy@s1& (0+255),b
 10423   0018CE  517D               	movf	(??i1_RingBuf_DataPut+11)& (0+255),w,b
 10424   0018D0  2185               	addwfc	(i1RingBuf_DataPut@input+1)& (0+255),w,b
 10425   0018D2  6F63               	movwf	(i1memcpy@s1+1)& (0+255),b
 10426   0018D4  5171               	movf	i1RingBuf_DataPut@rb& (0+255),w,b
 10427   0018D6  6ED9               	movwf	fsr2l,c
 10428   0018D8  6ADA               	clrf	fsr2h,c
 10429   0018DA  0E08               	movlw	8
 10430   0018DC  26D9               	addwf	fsr2l,f,c
 10431   0018DE  CFDE F07E          	movff	postinc2,??i1_RingBuf_DataPut+12
 10432   0018E2  CFDD F07F          	movff	postdec2,??i1_RingBuf_DataPut+13
 10433   0018E6  516F               	movf	i1RingBuf_DataPut@len& (0+255),w,b
 10434   0018E8  037E               	mulwf	(??i1_RingBuf_DataPut+12)& (0+255),b
 10435   0018EA  CFF3 F080          	movff	prodl,??i1_RingBuf_DataPut+14
 10436   0018EE  CFF4 F081          	movff	prodh,??i1_RingBuf_DataPut+15
 10437   0018F2  037F               	mulwf	(??i1_RingBuf_DataPut+13)& (0+255),b
 10438   0018F4  50F3               	movf	prodl,w,c
 10439   0018F6  2781               	addwf	(??i1_RingBuf_DataPut+15)& (0+255),f,b
 10440   0018F8  5170               	movf	(i1RingBuf_DataPut@len+1)& (0+255),w,b
 10441   0018FA  037E               	mulwf	(??i1_RingBuf_DataPut+12)& (0+255),b
 10442   0018FC  50F3               	movf	prodl,w,c
 10443   0018FE  2781               	addwf	(??i1_RingBuf_DataPut+15)& (0+255),f,b
 10444   001900  C080  F064         	movff	??i1_RingBuf_DataPut+14,i1memcpy@n
 10445   001904  C081  F065         	movff	??i1_RingBuf_DataPut+15,i1memcpy@n+1
 10446   001908  EC3B  F020         	call	i1_memcpy	;wreg free
 10447   00190C                     
 10448                           ;ringbuf.c: 85:     rb->head += len;
 10449   00190C  0100               	movlb	0	; () banked
 10450   00190E  5171               	movf	i1RingBuf_DataPut@rb& (0+255),w,b
 10451   001910  6ED9               	movwf	fsr2l,c
 10452   001912  6ADA               	clrf	fsr2h,c
 10453   001914  0E04               	movlw	4
 10454   001916  26D9               	addwf	fsr2l,f,c
 10455   001918  516F               	movf	i1RingBuf_DataPut@len& (0+255),w,b	;volatile
 10456   00191A  26DE               	addwf	postinc2,f,c
 10457   00191C  5170               	movf	(i1RingBuf_DataPut@len+1)& (0+255),w,b	;volatile
 10458   00191E  22DD               	addwfc	postdec2,f,c
 10459   001920                     
 10460                           ; BSR set to: 0
 10461                           ;ringbuf.c: 86:     if (rb->head >= rb->size)
 10462   001920  5171               	movf	i1RingBuf_DataPut@rb& (0+255),w,b
 10463   001922  6ED9               	movwf	fsr2l,c
 10464   001924  6ADA               	clrf	fsr2h,c
 10465   001926  0E06               	movlw	6
 10466   001928  26D9               	addwf	fsr2l,f,c
 10467   00192A  5171               	movf	i1RingBuf_DataPut@rb& (0+255),w,b
 10468   00192C  6EE1               	movwf	fsr1l,c
 10469   00192E  6AE2               	clrf	fsr1h,c
 10470   001930  0E04               	movlw	4
 10471   001932  26E1               	addwf	fsr1l,f,c
 10472   001934  50DE               	movf	postinc2,w,c
 10473   001936  5CE6               	subwf	postinc1,w,c
 10474   001938  50DE               	movf	postinc2,w,c
 10475   00193A  58E6               	subwfb	postinc1,w,c
 10476   00193C  A0D8               	btfss	status,0,c
 10477   00193E  EFA3  F00C         	goto	i1u436_21
 10478   001942  EFA5  F00C         	goto	i1u436_20
 10479   001946                     i1u436_21:
 10480   001946  EFB7  F00C         	goto	i1l200
 10481   00194A                     i1u436_20:
 10482   00194A                     
 10483                           ; BSR set to: 0
 10484                           ;ringbuf.c: 87:         rb->head -= rb->size;
 10485   00194A  5171               	movf	i1RingBuf_DataPut@rb& (0+255),w,b
 10486   00194C  6ED9               	movwf	fsr2l,c
 10487   00194E  6ADA               	clrf	fsr2h,c
 10488   001950  0E06               	movlw	6
 10489   001952  26D9               	addwf	fsr2l,f,c
 10490   001954  CFDE F072          	movff	postinc2,??i1_RingBuf_DataPut
 10491   001958  CFDD F073          	movff	postdec2,??i1_RingBuf_DataPut+1
 10492   00195C  5171               	movf	i1RingBuf_DataPut@rb& (0+255),w,b
 10493   00195E  6ED9               	movwf	fsr2l,c
 10494   001960  6ADA               	clrf	fsr2h,c
 10495   001962  0E04               	movlw	4
 10496   001964  26D9               	addwf	fsr2l,f,c
 10497   001966  5172               	movf	??i1_RingBuf_DataPut& (0+255),w,b
 10498   001968  5EDE               	subwf	postinc2,f,c
 10499   00196A  5173               	movf	(??i1_RingBuf_DataPut+1)& (0+255),w,b
 10500   00196C  5ADD               	subwfb	postdec2,f,c
 10501   00196E                     i1l200:
 10502                           
 10503                           ; BSR set to: 0
 10504                           ;ringbuf.c: 90:     if((rb->size - avaldat) <= len_tmp) rb->tail = rb->head + 1;
 10505   00196E  5171               	movf	i1RingBuf_DataPut@rb& (0+255),w,b
 10506   001970  6ED9               	movwf	fsr2l,c
 10507   001972  6ADA               	clrf	fsr2h,c
 10508   001974  0E06               	movlw	6
 10509   001976  26D9               	addwf	fsr2l,f,c
 10510   001978  CFDE F072          	movff	postinc2,??i1_RingBuf_DataPut
 10511   00197C  CFDD F073          	movff	postdec2,??i1_RingBuf_DataPut+1
 10512   001980  5188               	movf	i1RingBuf_DataPut@avaldat& (0+255),w,b
 10513   001982  5F72               	subwf	??i1_RingBuf_DataPut& (0+255),f,b
 10514   001984  5189               	movf	(i1RingBuf_DataPut@avaldat+1)& (0+255),w,b
 10515   001986  5B73               	subwfb	(??i1_RingBuf_DataPut+1)& (0+255),f,b
 10516   001988  5172               	movf	??i1_RingBuf_DataPut& (0+255),w,b
 10517   00198A  5D82               	subwf	i1RingBuf_DataPut@len_tmp& (0+255),w,b
 10518   00198C  5173               	movf	(??i1_RingBuf_DataPut+1)& (0+255),w,b
 10519   00198E  5983               	subwfb	(i1RingBuf_DataPut@len_tmp+1)& (0+255),w,b
 10520   001990  A0D8               	btfss	status,0,c
 10521   001992  EFCD  F00C         	goto	i1u437_21
 10522   001996  EFCF  F00C         	goto	i1u437_20
 10523   00199A                     i1u437_21:
 10524   00199A  EFE5  F00C         	goto	i1l4822
 10525   00199E                     i1u437_20:
 10526   00199E                     
 10527                           ; BSR set to: 0
 10528   00199E  5171               	movf	i1RingBuf_DataPut@rb& (0+255),w,b
 10529   0019A0  6ED9               	movwf	fsr2l,c
 10530   0019A2  6ADA               	clrf	fsr2h,c
 10531   0019A4  0E04               	movlw	4
 10532   0019A6  26D9               	addwf	fsr2l,f,c
 10533   0019A8  CFDE F072          	movff	postinc2,??i1_RingBuf_DataPut
 10534   0019AC  CFDD F073          	movff	postdec2,??i1_RingBuf_DataPut+1
 10535   0019B0  0E01               	movlw	1
 10536   0019B2  2772               	addwf	??i1_RingBuf_DataPut& (0+255),f,b
 10537   0019B4  0E00               	movlw	0
 10538   0019B6  2373               	addwfc	(??i1_RingBuf_DataPut+1)& (0+255),f,b
 10539   0019B8  5171               	movf	i1RingBuf_DataPut@rb& (0+255),w,b
 10540   0019BA  6ED9               	movwf	fsr2l,c
 10541   0019BC  6ADA               	clrf	fsr2h,c
 10542   0019BE  0E02               	movlw	2
 10543   0019C0  26D9               	addwf	fsr2l,f,c
 10544   0019C2  C072  FFDE         	movff	??i1_RingBuf_DataPut,postinc2
 10545   0019C6  C073  FFDD         	movff	??i1_RingBuf_DataPut+1,postdec2
 10546   0019CA                     i1l4822:
 10547                           
 10548                           ; BSR set to: 0
 10549                           ;ringbuf.c: 92:     if (rb->tail >= rb->size)
 10550   0019CA  5171               	movf	i1RingBuf_DataPut@rb& (0+255),w,b
 10551   0019CC  6ED9               	movwf	fsr2l,c
 10552   0019CE  6ADA               	clrf	fsr2h,c
 10553   0019D0  0E06               	movlw	6
 10554   0019D2  26D9               	addwf	fsr2l,f,c
 10555   0019D4  5171               	movf	i1RingBuf_DataPut@rb& (0+255),w,b
 10556   0019D6  6EE1               	movwf	fsr1l,c
 10557   0019D8  6AE2               	clrf	fsr1h,c
 10558   0019DA  0E02               	movlw	2
 10559   0019DC  26E1               	addwf	fsr1l,f,c
 10560   0019DE  50DE               	movf	postinc2,w,c
 10561   0019E0  5CE6               	subwf	postinc1,w,c
 10562   0019E2  50DE               	movf	postinc2,w,c
 10563   0019E4  58E6               	subwfb	postinc1,w,c
 10564   0019E6  A0D8               	btfss	status,0,c
 10565   0019E8  EFF8  F00C         	goto	i1u438_21
 10566   0019EC  EFFA  F00C         	goto	i1u438_20
 10567   0019F0                     i1u438_21:
 10568   0019F0  EF01  F00D         	goto	i1l197
 10569   0019F4                     i1u438_20:
 10570   0019F4                     
 10571                           ; BSR set to: 0
 10572                           ;ringbuf.c: 93:         rb->tail = 0;
 10573   0019F4  5171               	movf	i1RingBuf_DataPut@rb& (0+255),w,b
 10574   0019F6  6ED9               	movwf	fsr2l,c
 10575   0019F8  6ADA               	clrf	fsr2h,c
 10576   0019FA  0E02               	movlw	2
 10577   0019FC  26D9               	addwf	fsr2l,f,c
 10578   0019FE  6ADE               	clrf	postinc2,c
 10579   001A00  6ADD               	clrf	postdec2,c
 10580   001A02                     i1l197:
 10581                           
 10582                           ; BSR set to: 0
 10583   001A02  0012               	return		;funcret
 10584   001A04                     __end_ofi1_RingBuf_DataPut:
 10585                           	callstack 0
 10586                           
 10587 ;; *************** function i1_memcpy *****************
 10588 ;; Defined at:
 10589 ;;		line 4 in file "C:\Program Files\Microchip\xc8\v4.00\pic\sources\c99\common\memcpy.c"
 10590 ;; Parameters:    Size  Location     Type
 10591 ;;  d1              2    0[BANK0 ] PTR void 
 10592 ;;		 -> dbio_putstring@byte(1), TXbuf(200), RXbuf(200), TXbyte_cbk@byte(1), 
 10593 ;;		 -> main@strrx(100), 
 10594 ;;  s1              2    2[BANK0 ] PTR const void 
 10595 ;;		 -> TXbuf(200), RXbuf(200), RXbyte_cbk@byte(1), main@strtx(100), 
 10596 ;;  n               2    4[BANK0 ] unsigned int 
 10597 ;; Auto vars:     Size  Location     Type
 10598 ;;  s               2    8[BANK0 ] PTR const unsigned char 
 10599 ;;		 -> TXbuf(200), RXbuf(200), RXbyte_cbk@byte(1), main@strtx(100), 
 10600 ;;  d               2    6[BANK0 ] PTR unsigned char 
 10601 ;;		 -> dbio_putstring@byte(1), TXbuf(200), RXbuf(200), TXbyte_cbk@byte(1), 
 10602 ;;		 -> main@strrx(100), 
 10603 ;;  tmp             1   10[BANK0 ] unsigned char 
 10604 ;; Return value:  Size  Location     Type
 10605 ;;                  2    0[BANK0 ] PTR void 
 10606 ;; Registers used:
 10607 ;;		wreg, fsr2l, fsr2h, status,2, status,0
 10608 ;; Tracked objects:
 10609 ;;		On entry : 0/0
 10610 ;;		On exit  : 0/0
 10611 ;;		Unchanged: 0/0
 10612 ;; Data sizes:     COMRAM   BANK0   BANK1   BANK2   BANK3   BANK4   BANK5   BANK6   BANK7   BANK8   BANK9  BANK10  BANK1
      +1  BANK12  BANK13  BANK14
 10613 ;;      Params:         0       6       0       0       0       0       0       0       0       0       0       0       
      +0       0       0       0
 10614 ;;      Locals:         0       5       0       0       0       0       0       0       0       0       0       0       
      +0       0       0       0
 10615 ;;      Temps:          0       0       0       0       0       0       0       0       0       0       0       0       
      +0       0       0       0
 10616 ;;      Totals:         0      11       0       0       0       0       0       0       0       0       0       0       
      +0       0       0       0
 10617 ;;Total ram usage:       11 bytes
 10618 ;; Hardware stack levels used: 1
 10619 ;; Hardware stack levels required when called: 5
 10620 ;; This function calls:
 10621 ;;		Nothing
 10622 ;; This function is called by:
 10623 ;;		i1_RingBuf_DataPut
 10624 ;;		i1_RingBuf_DataWatch
 10625 ;; This function uses a non-reentrant model
 10626 ;;
 10627                           
 10628                           	psect	text48
 10629   004076                     __ptext48:
 10630                           	callstack 0
 10631   004076                     i1_memcpy:
 10632                           	callstack 13
 10633   004076  C062  F068         	movff	i1memcpy@s1,i1memcpy@s
 10634   00407A  C063  F069         	movff	i1memcpy@s1+1,i1memcpy@s+1
 10635   00407E  C060  F066         	movff	i1memcpy@d1,i1memcpy@d
 10636   004082  C061  F067         	movff	i1memcpy@d1+1,i1memcpy@d+1
 10637   004086  EF55  F020         	goto	i1l2968
 10638   00408A                     i1l2960:
 10639                           
 10640                           ; BSR set to: 0
 10641   00408A  C068  FFD9         	movff	i1memcpy@s,fsr2l
 10642   00408E  C069  FFDA         	movff	i1memcpy@s+1,fsr2h
 10643   004092  50DF               	movf	indf2,w,c
 10644   004094  6F6A               	movwf	i1memcpy@tmp& (0+255),b
 10645   004096                     
 10646                           ; BSR set to: 0
 10647   004096  4B68               	infsnz	i1memcpy@s& (0+255),f,b
 10648   004098  2B69               	incf	(i1memcpy@s+1)& (0+255),f,b
 10649   00409A                     
 10650                           ; BSR set to: 0
 10651   00409A  C066  FFD9         	movff	i1memcpy@d,fsr2l
 10652   00409E  C067  FFDA         	movff	i1memcpy@d+1,fsr2h
 10653   0040A2  C06A  FFDF         	movff	i1memcpy@tmp,indf2
 10654   0040A6                     
 10655                           ; BSR set to: 0
 10656   0040A6  4B66               	infsnz	i1memcpy@d& (0+255),f,b
 10657   0040A8  2B67               	incf	(i1memcpy@d+1)& (0+255),f,b
 10658   0040AA                     i1l2968:
 10659   0040AA  0100               	movlb	0	; () banked
 10660   0040AC  0764               	decf	i1memcpy@n& (0+255),f,b
 10661   0040AE  A0D8               	btfss	status,0,c
 10662   0040B0  0765               	decf	(i1memcpy@n+1)& (0+255),f,b
 10663   0040B2  2964               	incf	i1memcpy@n& (0+255),w,b
 10664   0040B4  E106               	bnz	i1u217_21
 10665   0040B6  2965               	incf	(i1memcpy@n+1)& (0+255),w,b
 10666   0040B8  A4D8               	btfss	status,2,c
 10667   0040BA  EF61  F020         	goto	i1u217_21
 10668   0040BE  EF63  F020         	goto	i1u217_20
 10669   0040C2                     i1u217_21:
 10670   0040C2  EF45  F020         	goto	i1l2960
 10671   0040C6                     i1u217_20:
 10672   0040C6                     
 10673                           ; BSR set to: 0
 10674   0040C6  0012               	return		;funcret
 10675   0040C8                     __end_ofi1_memcpy:
 10676                           	callstack 0
 10677                           
 10678 ;; *************** function i1_RingBuf_Available *****************
 10679 ;; Defined at:
 10680 ;;		line 40 in file "ringbuf.c"
 10681 ;; Parameters:    Size  Location     Type
 10682 ;;  len             2    0[BANK0 ] PTR unsigned short 
 10683 ;;		 -> i1RingBuf_DataWatch@aval_len(2), i1RingBuf_DataRead@aval_len(2), i1RingBuf_DataPut@avaldat(2), dbio_putstring@bu
      +f_len(2), 
 10684 ;;		 -> dbio_getstring@buf_len(2), TXbyte_cbk@buf_len(2), RingBuf_DataWatch@aval_len(2), RingBuf_DataRead@aval_len(2), 
 10685 ;;		 -> RingBuf_DataPut@avaldat(2), 
 10686 ;;  rb              1    2[BANK0 ] PTR volatile struct RING
 10687 ;;		 -> RXringbuf(10), TXringbuf(10), 
 10688 ;; Auto vars:     Size  Location     Type
 10689 ;;		None
 10690 ;; Return value:  Size  Location     Type
 10691 ;;                  1    wreg      enum E691
 10692 ;; Registers used:
 10693 ;;		wreg, fsr1l, fsr1h, fsr2l, fsr2h, status,2, status,0
 10694 ;; Tracked objects:
 10695 ;;		On entry : 0/0
 10696 ;;		On exit  : 0/0
 10697 ;;		Unchanged: 0/0
 10698 ;; Data sizes:     COMRAM   BANK0   BANK1   BANK2   BANK3   BANK4   BANK5   BANK6   BANK7   BANK8   BANK9  BANK10  BANK1
      +1  BANK12  BANK13  BANK14
 10699 ;;      Params:         0       3       0       0       0       0       0       0       0       0       0       0       
      +0       0       0       0
 10700 ;;      Locals:         0       0       0       0       0       0       0       0       0       0       0       0       
      +0       0       0       0
 10701 ;;      Temps:          0      10       0       0       0       0       0       0       0       0       0       0       
      +0       0       0       0
 10702 ;;      Totals:         0      13       0       0       0       0       0       0       0       0       0       0       
      +0       0       0       0
 10703 ;;Total ram usage:       13 bytes
 10704 ;; Hardware stack levels used: 1
 10705 ;; Hardware stack levels required when called: 5
 10706 ;; This function calls:
 10707 ;;		Nothing
 10708 ;; This function is called by:
 10709 ;;		_TXbyte_cbk
 10710 ;;		i1_RingBuf_DataPut
 10711 ;;		i1_RingBuf_DataRead
 10712 ;;		i1_RingBuf_DataWatch
 10713 ;; This function uses a non-reentrant model
 10714 ;;
 10715                           
 10716                           	psect	text49
 10717   002F06                     __ptext49:
 10718                           	callstack 0
 10719   002F06                     i1_RingBuf_Available:
 10720                           	callstack 13
 10721   002F06                     
 10722                           ;ringbuf.c: 41:     if (rb->buf == ((void*)0)) return RINGBUF_PARAM_ERR;
 10723   002F06  0100               	movlb	0	; () banked
 10724   002F08  5162               	movf	i1RingBuf_Available@rb& (0+255),w,b
 10725   002F0A  6ED9               	movwf	fsr2l,c
 10726   002F0C  6ADA               	clrf	fsr2h,c
 10727   002F0E  50DE               	movf	postinc2,w,c
 10728   002F10  10DE               	iorwf	postinc2,w,c
 10729   002F12  A4D8               	btfss	status,2,c
 10730   002F14  EF8E  F017         	goto	i1u378_21
 10731   002F18  EF90  F017         	goto	i1u378_20
 10732   002F1C                     i1u378_21:
 10733   002F1C  EF92  F017         	goto	i1l4300
 10734   002F20                     i1u378_20:
 10735   002F20  EFF8  F017         	goto	i1l191
 10736   002F24                     i1l4300:
 10737                           
 10738                           ; BSR set to: 0
 10739                           ;ringbuf.c: 42:     if (rb->head < rb->tail)
 10740   002F24  5162               	movf	i1RingBuf_Available@rb& (0+255),w,b
 10741   002F26  6ED9               	movwf	fsr2l,c
 10742   002F28  6ADA               	clrf	fsr2h,c
 10743   002F2A  0E02               	movlw	2
 10744   002F2C  26D9               	addwf	fsr2l,f,c
 10745   002F2E  5162               	movf	i1RingBuf_Available@rb& (0+255),w,b
 10746   002F30  6EE1               	movwf	fsr1l,c
 10747   002F32  6AE2               	clrf	fsr1h,c
 10748   002F34  0E04               	movlw	4
 10749   002F36  26E1               	addwf	fsr1l,f,c
 10750   002F38  50DE               	movf	postinc2,w,c
 10751   002F3A  5CE6               	subwf	postinc1,w,c
 10752   002F3C  50DE               	movf	postinc2,w,c
 10753   002F3E  58E6               	subwfb	postinc1,w,c
 10754   002F40  B0D8               	btfsc	status,0,c
 10755   002F42  EFA5  F017         	goto	i1u379_21
 10756   002F46  EFA7  F017         	goto	i1u379_20
 10757   002F4A                     i1u379_21:
 10758   002F4A  EFD8  F017         	goto	i1l4304
 10759   002F4E                     i1u379_20:
 10760   002F4E                     
 10761                           ; BSR set to: 0
 10762                           ;ringbuf.c: 43:         *len = rb->size - rb->tail + rb->head;
 10763   002F4E  5162               	movf	i1RingBuf_Available@rb& (0+255),w,b
 10764   002F50  6ED9               	movwf	fsr2l,c
 10765   002F52  6ADA               	clrf	fsr2h,c
 10766   002F54  0E04               	movlw	4
 10767   002F56  26D9               	addwf	fsr2l,f,c
 10768   002F58  CFDE F063          	movff	postinc2,??i1_RingBuf_Available
 10769   002F5C  CFDD F064          	movff	postdec2,??i1_RingBuf_Available+1
 10770   002F60  5162               	movf	i1RingBuf_Available@rb& (0+255),w,b
 10771   002F62  6ED9               	movwf	fsr2l,c
 10772   002F64  6ADA               	clrf	fsr2h,c
 10773   002F66  0E02               	movlw	2
 10774   002F68  26D9               	addwf	fsr2l,f,c
 10775   002F6A  CFDE F065          	movff	postinc2,??i1_RingBuf_Available+2
 10776   002F6E  CFDD F066          	movff	postdec2,??i1_RingBuf_Available+3
 10777   002F72  5162               	movf	i1RingBuf_Available@rb& (0+255),w,b
 10778   002F74  6ED9               	movwf	fsr2l,c
 10779   002F76  6ADA               	clrf	fsr2h,c
 10780   002F78  0E06               	movlw	6
 10781   002F7A  26D9               	addwf	fsr2l,f,c
 10782   002F7C  CFDE F067          	movff	postinc2,??i1_RingBuf_Available+4
 10783   002F80  CFDD F068          	movff	postdec2,??i1_RingBuf_Available+5
 10784   002F84  5165               	movf	(??i1_RingBuf_Available+2)& (0+255),w,b
 10785   002F86  5D67               	subwf	(??i1_RingBuf_Available+4)& (0+255),w,b
 10786   002F88  6F69               	movwf	(??i1_RingBuf_Available+6)& (0+255),b
 10787   002F8A  5166               	movf	(??i1_RingBuf_Available+3)& (0+255),w,b
 10788   002F8C  5968               	subwfb	(??i1_RingBuf_Available+5)& (0+255),w,b
 10789   002F8E  6F6A               	movwf	(??i1_RingBuf_Available+7)& (0+255),b
 10790   002F90  5163               	movf	??i1_RingBuf_Available& (0+255),w,b
 10791   002F92  2569               	addwf	(??i1_RingBuf_Available+6)& (0+255),w,b
 10792   002F94  6F6B               	movwf	(??i1_RingBuf_Available+8)& (0+255),b
 10793   002F96  5164               	movf	(??i1_RingBuf_Available+1)& (0+255),w,b
 10794   002F98  216A               	addwfc	(??i1_RingBuf_Available+7)& (0+255),w,b
 10795   002F9A  6F6C               	movwf	(??i1_RingBuf_Available+9)& (0+255),b
 10796   002F9C  C060  FFD9         	movff	i1RingBuf_Available@len,fsr2l
 10797   002FA0  C061  FFDA         	movff	i1RingBuf_Available@len+1,fsr2h
 10798   002FA4  C06B  FFDE         	movff	??i1_RingBuf_Available+8,postinc2
 10799   002FA8  C06C  FFDD         	movff	??i1_RingBuf_Available+9,postdec2
 10800   002FAC  EFF8  F017         	goto	i1l191
 10801   002FB0                     i1l4304:
 10802                           
 10803                           ; BSR set to: 0
 10804                           ;ringbuf.c: 45:         *len = rb->head - rb->tail;
 10805   002FB0  5162               	movf	i1RingBuf_Available@rb& (0+255),w,b
 10806   002FB2  6ED9               	movwf	fsr2l,c
 10807   002FB4  6ADA               	clrf	fsr2h,c
 10808   002FB6  0E02               	movlw	2
 10809   002FB8  26D9               	addwf	fsr2l,f,c
 10810   002FBA  CFDE F063          	movff	postinc2,??i1_RingBuf_Available
 10811   002FBE  CFDD F064          	movff	postdec2,??i1_RingBuf_Available+1
 10812   002FC2  5162               	movf	i1RingBuf_Available@rb& (0+255),w,b
 10813   002FC4  6ED9               	movwf	fsr2l,c
 10814   002FC6  6ADA               	clrf	fsr2h,c
 10815   002FC8  0E04               	movlw	4
 10816   002FCA  26D9               	addwf	fsr2l,f,c
 10817   002FCC  CFDE F065          	movff	postinc2,??i1_RingBuf_Available+2
 10818   002FD0  CFDD F066          	movff	postdec2,??i1_RingBuf_Available+3
 10819   002FD4  5163               	movf	??i1_RingBuf_Available& (0+255),w,b
 10820   002FD6  5D65               	subwf	(??i1_RingBuf_Available+2)& (0+255),w,b
 10821   002FD8  6F67               	movwf	(??i1_RingBuf_Available+4)& (0+255),b
 10822   002FDA  5164               	movf	(??i1_RingBuf_Available+1)& (0+255),w,b
 10823   002FDC  5966               	subwfb	(??i1_RingBuf_Available+3)& (0+255),w,b
 10824   002FDE  6F68               	movwf	(??i1_RingBuf_Available+5)& (0+255),b
 10825   002FE0  C060  FFD9         	movff	i1RingBuf_Available@len,fsr2l
 10826   002FE4  C061  FFDA         	movff	i1RingBuf_Available@len+1,fsr2h
 10827   002FE8  C067  FFDE         	movff	??i1_RingBuf_Available+4,postinc2
 10828   002FEC  C068  FFDD         	movff	??i1_RingBuf_Available+5,postdec2
 10829   002FF0                     i1l191:
 10830                           
 10831                           ; BSR set to: 0
 10832   002FF0  0012               	return		;funcret
 10833   002FF2                     __end_ofi1_RingBuf_Available:
 10834                           	callstack 0
 10835                           
 10836 ;; *************** function _HighInterrupts_handler *****************
 10837 ;; Defined at:
 10838 ;;		line 46 in file "system.c"
 10839 ;; Parameters:    Size  Location     Type
 10840 ;;		None
 10841 ;; Auto vars:     Size  Location     Type
 10842 ;;  i               1   68[COMRAM] unsigned char 
 10843 ;;  i               2   66[COMRAM] int 
 10844 ;; Return value:  Size  Location     Type
 10845 ;;                  1    wreg      void 
 10846 ;; Registers used:
 10847 ;;		wreg, fsr1l, fsr1h, fsr2l, fsr2h, status,2, status,0, pcl, pclath, pclatu, tosl, prodl, prodh, cstack
 10848 ;; Tracked objects:
 10849 ;;		On entry : 0/0
 10850 ;;		On exit  : 0/0
 10851 ;;		Unchanged: 0/0
 10852 ;; Data sizes:     COMRAM   BANK0   BANK1   BANK2   BANK3   BANK4   BANK5   BANK6   BANK7   BANK8   BANK9  BANK10  BANK1
      +1  BANK12  BANK13  BANK14
 10853 ;;      Params:         0       0       0       0       0       0       0       0       0       0       0       0       
      +0       0       0       0
 10854 ;;      Locals:         3       0       0       0       0       0       0       0       0       0       0       0       
      +0       0       0       0
 10855 ;;      Temps:         11       0       0       0       0       0       0       0       0       0       0       0       
      +0       0       0       0
 10856 ;;      Totals:        14       0       0       0       0       0       0       0       0       0       0       0       
      +0       0       0       0
 10857 ;;Total ram usage:       14 bytes
 10858 ;; Hardware stack levels used: 1
 10859 ;; Hardware stack levels required when called: 4
 10860 ;; This function calls:
 10861 ;;		_ADC_ms_cbk
 10862 ;;		_blinky
 10863 ;;		i2_ADC_cplt_cbk
 10864 ;;		i2_RXbyte_cbk
 10865 ;;		i2_TXbyte_cbk
 10866 ;; This function is called by:
 10867 ;;		Interrupt level 2
 10868 ;; This function uses a non-reentrant model
 10869 ;;
 10870                           
 10871                           	psect	intcode
 10872   000008                     __pintcode:
 10873                           	callstack 0
 10874   000008                     _HighInterrupts_handler:
 10875                           	callstack 13
 10876                           
 10877                           ; BSR set to: 0
 10878                           ;incstack = 0
 10879   000008  8201               	bsf	int$flags,1,c	;set compiler interrupt flag (level 2)
 10880   00000A  EF8A  F015         	goto	int_func
 10881                           
 10882                           	psect	intcode_body
 10883   002B14                     __pintcode_body:
 10884                           	callstack 13
 10885   002B14                     int_func:
 10886                           	callstack 13
 10887   002B14  CFFA F03C          	movff	pclath,??_HighInterrupts_handler+3
 10888   002B18  CFFB F03D          	movff	pclatu,??_HighInterrupts_handler+4
 10889   002B1C  CFE1 F03E          	movff	fsr1l,??_HighInterrupts_handler+5
 10890   002B20  CFE2 F03F          	movff	fsr1h,??_HighInterrupts_handler+6
 10891   002B24  CFD9 F040          	movff	fsr2l,??_HighInterrupts_handler+7
 10892   002B28  CFDA F041          	movff	fsr2h,??_HighInterrupts_handler+8
 10893   002B2C  CFF3 F042          	movff	prodl,??_HighInterrupts_handler+9
 10894   002B30  CFF4 F043          	movff	prodh,??_HighInterrupts_handler+10
 10895   002B34                     
 10896                           ;system.c: 49:   if (TMR0IE && TMR0IF)
 10897   002B34  AAF2               	btfss	4082,5,c	;volatile
 10898   002B36  EF9F  F015         	goto	i2u476_41
 10899   002B3A  EFA1  F015         	goto	i2u476_40
 10900   002B3E                     i2u476_41:
 10901   002B3E  EFD4  F015         	goto	i2l5302
 10902   002B42                     i2u476_40:
 10903   002B42  A4F2               	btfss	4082,2,c	;volatile
 10904   002B44  EFA6  F015         	goto	i2u477_41
 10905   002B48  EFA8  F015         	goto	i2u477_40
 10906   002B4C                     i2u477_41:
 10907   002B4C  EFD4  F015         	goto	i2l5302
 10908   002B50                     i2u477_40:
 10909   002B50                     
 10910                           ;system.c: 50:   {;system.c: 51:     TMR0IF = 0;
 10911   002B50  94F2               	bcf	4082,2,c	;volatile
 10912                           
 10913                           ;system.c: 52:     TMR0H = TMR0H_tmp;
 10914   002B52  C139  FFD7         	movff	_TMR0H_tmp,4055	;volatile
 10915                           
 10916                           ;system.c: 53:     TMR0L = TMR0L_tmp;
 10917   002B56  C13A  FFD6         	movff	_TMR0L_tmp,4054	;volatile
 10918   002B5A                     
 10919                           ;system.c: 54:     timestamp++;
 10920   002B5A  0E01               	movlw	1
 10921   002B5C  264B               	addwf	_timestamp^0,f,c	;volatile
 10922   002B5E  0E00               	movlw	0
 10923   002B60  224C               	addwfc	(_timestamp+1)^0,f,c	;volatile
 10924   002B62  224D               	addwfc	(_timestamp+2)^0,f,c	;volatile
 10925   002B64  224E               	addwfc	(_timestamp+3)^0,f,c	;volatile
 10926   002B66                     
 10927                           ;system.c: 55:     for(uint8_t i = 0; i < ms_clbk_max; i++) ms_clbk[i]();
 10928   002B66  6A46               	clrf	HighInterrupts_handler@i^0,c
 10929   002B68  EFCB  F015         	goto	i2l5300
 10930   002B6C                     i2l5296:
 10931   002B6C  5046               	movf	HighInterrupts_handler@i^0,w,c
 10932   002B6E  0D02               	mullw	2
 10933   002B70  0E20               	movlw	low _ms_clbk
 10934   002B72  24F3               	addwf	243,w,c
 10935   002B74  6ED9               	movwf	fsr2l,c
 10936   002B76  0E01               	movlw	high _ms_clbk
 10937   002B78  20F4               	addwfc	prodh,w,c
 10938   002B7A  6EDA               	movwf	fsr2h,c
 10939   002B7C  D802               	call	i2u478_48
 10940   002B7E  EFCA  F015         	goto	i2u478_49
 10941   002B82                     i2u478_48:
 10942   002B82  0005               	push	
 10943   002B84  6EFA               	movwf	pclath,c
 10944   002B86  50DE               	movf	postinc2,w,c
 10945   002B88  6EFD               	movwf	tosl,c
 10946   002B8A  50DE               	movf	postinc2,w,c
 10947   002B8C  6EFE               	movwf	tosh,c
 10948   002B8E  6AFF               	clrf	tosu,c
 10949   002B90  50FA               	movf	pclath,w,c
 10950   002B92  0012               	return		;indir
 10951   002B94                     i2u478_49:
 10952   002B94  2A46               	incf	HighInterrupts_handler@i^0,f,c
 10953   002B96                     i2l5300:
 10954   002B96  5058               	movf	_ms_clbk_max^0,w,c
 10955   002B98  5C46               	subwf	HighInterrupts_handler@i^0,w,c
 10956   002B9A  A0D8               	btfss	status,0,c
 10957   002B9C  EFD2  F015         	goto	i2u479_41
 10958   002BA0  EFD4  F015         	goto	i2u479_40
 10959   002BA4                     i2u479_41:
 10960   002BA4  EFB6  F015         	goto	i2l5296
 10961   002BA8                     i2u479_40:
 10962   002BA8                     i2l5302:
 10963                           
 10964                           ;system.c: 58:   for(int i = 0; i < IRQ_hpmax; i++)
 10965   002BA8  6A45               	clrf	(HighInterrupts_handler@i_746+1)^0,c
 10966   002BAA  0E00               	movlw	0
 10967   002BAC  6E44               	movwf	HighInterrupts_handler@i_746^0,c
 10968   002BAE  EFED  F015         	goto	i2l5308
 10969   002BB2                     i2l5304:
 10970                           
 10971                           ;system.c: 59:   {;system.c: 60:     IRQ_clbk_hp[i]();
 10972   002BB2  5044               	movf	HighInterrupts_handler@i_746^0,w,c
 10973   002BB4  0D02               	mullw	2
 10974   002BB6  50F3               	movf	243,w,c
 10975   002BB8  0FA7               	addlw	low _IRQ_clbk_hp
 10976   002BBA  6ED9               	movwf	fsr2l,c
 10977   002BBC  6ADA               	clrf	fsr2h,c
 10978   002BBE  D802               	call	i2u480_48
 10979   002BC0  EFEB  F015         	goto	i2u480_49
 10980   002BC4                     i2u480_48:
 10981   002BC4  0005               	push	
 10982   002BC6  6EFA               	movwf	pclath,c
 10983   002BC8  50DE               	movf	postinc2,w,c
 10984   002BCA  6EFD               	movwf	tosl,c
 10985   002BCC  50DE               	movf	postinc2,w,c
 10986   002BCE  6EFE               	movwf	tosh,c
 10987   002BD0  6AFF               	clrf	tosu,c
 10988   002BD2  50FA               	movf	pclath,w,c
 10989   002BD4  0012               	return		;indir
 10990   002BD6                     i2u480_49:
 10991   002BD6                     
 10992                           ;system.c: 61:   };system.c: 58:   for(int i = 0; i < IRQ_hpmax; i++)
 10993   002BD6  4A44               	infsnz	HighInterrupts_handler@i_746^0,f,c
 10994   002BD8  2A45               	incf	(HighInterrupts_handler@i_746+1)^0,f,c
 10995   002BDA                     i2l5308:
 10996   002BDA  5059               	movf	_IRQ_hpmax^0,w,c
 10997   002BDC  6E39               	movwf	??_HighInterrupts_handler^0,c
 10998   002BDE  6A3A               	clrf	(??_HighInterrupts_handler+1)^0,c
 10999   002BE0  5039               	movf	??_HighInterrupts_handler^0,w,c
 11000   002BE2  5C44               	subwf	HighInterrupts_handler@i_746^0,w,c
 11001   002BE4  5045               	movf	(HighInterrupts_handler@i_746+1)^0,w,c
 11002   002BE6  0A80               	xorlw	128
 11003   002BE8  6E3B               	movwf	(??_HighInterrupts_handler+2)^0,c
 11004   002BEA  503A               	movf	(??_HighInterrupts_handler+1)^0,w,c
 11005   002BEC  0A80               	xorlw	128
 11006   002BEE  583B               	subwfb	(??_HighInterrupts_handler+2)^0,w,c
 11007   002BF0  A0D8               	btfss	status,0,c
 11008   002BF2  EFFD  F015         	goto	i2u481_41
 11009   002BF6  EFFF  F015         	goto	i2u481_40
 11010   002BFA                     i2u481_41:
 11011   002BFA  EFD9  F015         	goto	i2l5304
 11012   002BFE                     i2u481_40:
 11013   002BFE  C043  FFF4         	movff	??_HighInterrupts_handler+10,prodh
 11014   002C02  C042  FFF3         	movff	??_HighInterrupts_handler+9,prodl
 11015   002C06  C041  FFDA         	movff	??_HighInterrupts_handler+8,fsr2h
 11016   002C0A  C040  FFD9         	movff	??_HighInterrupts_handler+7,fsr2l
 11017   002C0E  C03F  FFE2         	movff	??_HighInterrupts_handler+6,fsr1h
 11018   002C12  C03E  FFE1         	movff	??_HighInterrupts_handler+5,fsr1l
 11019   002C16  C03D  FFFB         	movff	??_HighInterrupts_handler+4,pclatu
 11020   002C1A  C03C  FFFA         	movff	??_HighInterrupts_handler+3,pclath
 11021   002C1E  9201               	bcf	int$flags,1,c	;clear compiler interrupt flag (level 2)
 11022   002C20  0011               	retfie		f
 11023   002C22                     __end_of_HighInterrupts_handler:
 11024                           	callstack 0
 11025                           
 11026 ;; *************** function i2_ADC_cplt_cbk *****************
 11027 ;; Defined at:
 11028 ;;		line 8 in file "ADC.c"
 11029 ;; Parameters:    Size  Location     Type
 11030 ;;		None
 11031 ;; Auto vars:     Size  Location     Type
 11032 ;;		None
 11033 ;; Return value:  Size  Location     Type
 11034 ;;                  1    wreg      void 
 11035 ;; Registers used:
 11036 ;;		wreg, fsr2l, fsr2h, status,2, status,0, prodl, prodh
 11037 ;; Tracked objects:
 11038 ;;		On entry : 0/0
 11039 ;;		On exit  : 0/0
 11040 ;;		Unchanged: 0/0
 11041 ;; Data sizes:     COMRAM   BANK0   BANK1   BANK2   BANK3   BANK4   BANK5   BANK6   BANK7   BANK8   BANK9  BANK10  BANK1
      +1  BANK12  BANK13  BANK14
 11042 ;;      Params:         0       0       0       0       0       0       0       0       0       0       0       0       
      +0       0       0       0
 11043 ;;      Locals:         0       0       0       0       0       0       0       0       0       0       0       0       
      +0       0       0       0
 11044 ;;      Temps:          3       0       0       0       0       0       0       0       0       0       0       0       
      +0       0       0       0
 11045 ;;      Totals:         3       0       0       0       0       0       0       0       0       0       0       0       
      +0       0       0       0
 11046 ;;Total ram usage:        3 bytes
 11047 ;; Hardware stack levels used: 1
 11048 ;; This function calls:
 11049 ;;		Nothing
 11050 ;; This function is called by:
 11051 ;;		_HighInterrupts_handler
 11052 ;;		_Interrupts_handler
 11053 ;; This function uses a non-reentrant model
 11054 ;;
 11055                           
 11056                           	psect	text51
 11057   003936                     __ptext51:
 11058                           	callstack 0
 11059   003936                     i2_ADC_cplt_cbk:
 11060                           	callstack 16
 11061   003936                     
 11062                           ;ADC.c: 10:   if(ADIE && ADIF)
 11063   003936  AC9D               	btfss	3997,6,c	;volatile
 11064   003938  EFA0  F01C         	goto	i2u319_41
 11065   00393C  EFA2  F01C         	goto	i2u319_40
 11066   003940                     i2u319_41:
 11067   003940  EFEA  F01C         	goto	i2l385
 11068   003944                     i2u319_40:
 11069   003944  AC9E               	btfss	3998,6,c	;volatile
 11070   003946  EFA7  F01C         	goto	i2u320_41
 11071   00394A  EFA9  F01C         	goto	i2u320_40
 11072   00394E                     i2u320_41:
 11073   00394E  EFEA  F01C         	goto	i2l385
 11074   003952                     i2u320_40:
 11075   003952                     
 11076                           ;ADC.c: 11:   {;ADC.c: 12:     ADIF = 0;
 11077   003952  9C9E               	bcf	3998,6,c	;volatile
 11078   003954                     
 11079                           ;ADC.c: 13:     ChanValue[ChanNum[ChanIndx++]] = (((int16_t)ADRESH) << 8) | ADRESL;
 11080   003954  50C3               	movf	195,w,c	;volatile
 11081   003956  CFC4 F002          	movff	4036,??i2_ADC_cplt_cbk	;volatile
 11082   00395A  6A03               	clrf	(??i2_ADC_cplt_cbk+1)^0,c
 11083   00395C  C002  F003         	movff	??i2_ADC_cplt_cbk,??i2_ADC_cplt_cbk+1
 11084   003960  6A02               	clrf	??i2_ADC_cplt_cbk^0,c
 11085   003962  1202               	iorwf	??i2_ADC_cplt_cbk^0,f,c
 11086   003964  0E00               	movlw	0
 11087   003966  1203               	iorwf	(??i2_ADC_cplt_cbk+1)^0,f,c
 11088   003968  5053               	movf	_ChanIndx^0,w,c
 11089   00396A  0FCF               	addlw	low _ChanNum
 11090   00396C  6ED9               	movwf	fsr2l,c
 11091   00396E  6ADA               	clrf	fsr2h,c
 11092   003970  50DF               	movf	indf2,w,c
 11093   003972  6E04               	movwf	(??i2_ADC_cplt_cbk+2)^0,c
 11094   003974  5004               	movf	(??i2_ADC_cplt_cbk+2)^0,w,c
 11095   003976  0D02               	mullw	2
 11096   003978  0E00               	movlw	low _ChanValue
 11097   00397A  24F3               	addwf	243,w,c
 11098   00397C  6ED9               	movwf	fsr2l,c
 11099   00397E  0E01               	movlw	high _ChanValue
 11100   003980  20F4               	addwfc	prodh,w,c
 11101   003982  6EDA               	movwf	fsr2h,c
 11102   003984  C002  FFDE         	movff	??i2_ADC_cplt_cbk,postinc2
 11103   003988  C003  FFDD         	movff	??i2_ADC_cplt_cbk+1,postdec2
 11104   00398C  4A53               	infsnz	_ChanIndx^0,f,c
 11105   00398E  2A54               	incf	(_ChanIndx+1)^0,f,c
 11106   003990                     
 11107                           ;ADC.c: 14:     if(ChanIndx >= (1 +1 +1 +0 +0 +0 +0 +0 +0 +0 +0 +0 +0 +0 +0)) {
 11108   003990  BE54               	btfsc	(_ChanIndx+1)^0,7,c
 11109   003992  EFD4  F01C         	goto	i2u321_41
 11110   003996  5054               	movf	(_ChanIndx+1)^0,w,c
 11111   003998  E109               	bnz	i2u321_40
 11112   00399A  0E03               	movlw	3
 11113   00399C  5C53               	subwf	_ChanIndx^0,w,c
 11114   00399E  A0D8               	btfss	status,0,c
 11115   0039A0  EFD4  F01C         	goto	i2u321_41
 11116   0039A4  EFD6  F01C         	goto	i2u321_40
 11117   0039A8                     i2u321_41:
 11118   0039A8  EFDC  F01C         	goto	i2l3964
 11119   0039AC                     i2u321_40:
 11120   0039AC                     
 11121                           ;ADC.c: 15:       ADIE = 0;
 11122   0039AC  9C9D               	bcf	3997,6,c	;volatile
 11123   0039AE                     
 11124                           ;ADC.c: 16:       ChanIndx = 0;
 11125   0039AE  6A54               	clrf	(_ChanIndx+1)^0,c
 11126   0039B0  0E00               	movlw	0
 11127   0039B2  6E53               	movwf	_ChanIndx^0,c
 11128                           
 11129                           ;ADC.c: 17:     }
 11130   0039B4  EFEA  F01C         	goto	i2l385
 11131   0039B8                     i2l3964:
 11132                           
 11133                           ;ADC.c: 19:       ADCON0bits.CHS = ChanNum[ChanIndx];
 11134   0039B8  5053               	movf	_ChanIndx^0,w,c
 11135   0039BA  0FCF               	addlw	low _ChanNum
 11136   0039BC  6ED9               	movwf	fsr2l,c
 11137   0039BE  6ADA               	clrf	fsr2h,c
 11138   0039C0  50DF               	movf	indf2,w,c
 11139   0039C2  6E02               	movwf	??i2_ADC_cplt_cbk^0,c
 11140   0039C4  4602               	rlncf	??i2_ADC_cplt_cbk^0,f,c
 11141   0039C6  4602               	rlncf	??i2_ADC_cplt_cbk^0,f,c
 11142   0039C8  50C2               	movf	194,w,c	;volatile
 11143   0039CA  1802               	xorwf	??i2_ADC_cplt_cbk^0,w,c
 11144   0039CC  0BC3               	andlw	-61
 11145   0039CE  1802               	xorwf	??i2_ADC_cplt_cbk^0,w,c
 11146   0039D0  6EC2               	movwf	194,c	;volatile
 11147   0039D2                     
 11148                           ;ADC.c: 20:       ADCON0bits.GODONE = 1;
 11149   0039D2  82C2               	bsf	194,1,c	;volatile
 11150   0039D4                     i2l385:
 11151   0039D4  0012               	return		;funcret
 11152   0039D6                     __end_ofi2_ADC_cplt_cbk:
 11153                           	callstack 0
 11154                           
 11155 ;; *************** function i2_RXbyte_cbk *****************
 11156 ;; Defined at:
 11157 ;;		line 31 in file "dbio.c"
 11158 ;; Parameters:    Size  Location     Type
 11159 ;;		None
 11160 ;; Auto vars:     Size  Location     Type
 11161 ;;  byte            1   44[COMRAM] unsigned char 
 11162 ;; Return value:  Size  Location     Type
 11163 ;;                  1    wreg      void 
 11164 ;; Registers used:
 11165 ;;		wreg, fsr1l, fsr1h, fsr2l, fsr2h, status,2, status,0, prodl, prodh, cstack
 11166 ;; Tracked objects:
 11167 ;;		On entry : 0/0
 11168 ;;		On exit  : 0/0
 11169 ;;		Unchanged: 0/0
 11170 ;; Data sizes:     COMRAM   BANK0   BANK1   BANK2   BANK3   BANK4   BANK5   BANK6   BANK7   BANK8   BANK9  BANK10  BANK1
      +1  BANK12  BANK13  BANK14
 11171 ;;      Params:         0       0       0       0       0       0       0       0       0       0       0       0       
      +0       0       0       0
 11172 ;;      Locals:         1       0       0       0       0       0       0       0       0       0       0       0       
      +0       0       0       0
 11173 ;;      Temps:          0       0       0       0       0       0       0       0       0       0       0       0       
      +0       0       0       0
 11174 ;;      Totals:         1       0       0       0       0       0       0       0       0       0       0       0       
      +0       0       0       0
 11175 ;;Total ram usage:        1 bytes
 11176 ;; Hardware stack levels used: 1
 11177 ;; Hardware stack levels required when called: 2
 11178 ;; This function calls:
 11179 ;;		i2_RingBuf_DataPut
 11180 ;; This function is called by:
 11181 ;;		_HighInterrupts_handler
 11182 ;;		_Interrupts_handler
 11183 ;; This function uses a non-reentrant model
 11184 ;;
 11185                           
 11186                           	psect	text52
 11187   0041AE                     __ptext52:
 11188                           	callstack 0
 11189   0041AE                     i2_RXbyte_cbk:
 11190                           	callstack 14
 11191   0041AE                     
 11192                           ;dbio.c: 33:   if (RC1IE && RC1IF)
 11193   0041AE  AA9D               	btfss	3997,5,c	;volatile
 11194   0041B0  EFDC  F020         	goto	i2u472_41
 11195   0041B4  EFDE  F020         	goto	i2u472_40
 11196   0041B8                     i2u472_41:
 11197   0041B8  EFFB  F020         	goto	i2l272
 11198   0041BC                     i2u472_40:
 11199   0041BC  AA9E               	btfss	3998,5,c	;volatile
 11200   0041BE  EFE3  F020         	goto	i2u473_41
 11201   0041C2  EFE5  F020         	goto	i2u473_40
 11202   0041C6                     i2u473_41:
 11203   0041C6  EFFB  F020         	goto	i2l272
 11204   0041CA                     i2u473_40:
 11205   0041CA                     
 11206                           ;dbio.c: 34:   {;dbio.c: 35:     uint8_t byte;;dbio.c: 36:     if(RCSTAbits.OERR) {
 11207   0041CA  A2AC               	btfss	172,1,c	;volatile
 11208   0041CC  EFEA  F020         	goto	i2u474_41
 11209   0041D0  EFEC  F020         	goto	i2u474_40
 11210   0041D4                     i2u474_41:
 11211   0041D4  EFEF  F020         	goto	i2l5228
 11212   0041D8                     i2u474_40:
 11213   0041D8                     
 11214                           ;dbio.c: 37:       RCSTA1bits.CREN = 0;
 11215   0041D8  98AC               	bcf	172,4,c	;volatile
 11216                           
 11217                           ;dbio.c: 38:       RCSTA1bits.CREN = 1;
 11218   0041DA  88AC               	bsf	172,4,c	;volatile
 11219   0041DC                     
 11220                           ;dbio.c: 39:       overrun_errors++;
 11221   0041DC  2A57               	incf	_overrun_errors^0,f,c
 11222   0041DE                     i2l5228:
 11223                           
 11224                           ;dbio.c: 41:     byte = RCREG;
 11225   0041DE  CFAF F02E          	movff	4015,i2RXbyte_cbk@byte	;volatile
 11226   0041E2                     
 11227                           ;dbio.c: 42:     RingBuf_DataPut((uint8_t*)&byte, 1, &RXringbuf);
 11228   0041E2  0E2E               	movlw	low i2RXbyte_cbk@byte
 11229   0041E4  6E0F               	movwf	i2RingBuf_DataPut@data^0,c
 11230   0041E6  6A10               	clrf	(i2RingBuf_DataPut@data+1)^0,c
 11231   0041E8  6A12               	clrf	(i2RingBuf_DataPut@len+1)^0,c
 11232   0041EA  0E01               	movlw	1
 11233   0041EC  6E11               	movwf	i2RingBuf_DataPut@len^0,c
 11234   0041EE  0EDD               	movlw	low _RXringbuf
 11235   0041F0  6E13               	movwf	i2RingBuf_DataPut@rb^0,c
 11236   0041F2  EC02  F00D         	call	i2_RingBuf_DataPut	;wreg free
 11237   0041F6                     i2l272:
 11238   0041F6  0012               	return		;funcret
 11239   0041F8                     __end_ofi2_RXbyte_cbk:
 11240                           	callstack 0
 11241                           
 11242 ;; *************** function i2_TXbyte_cbk *****************
 11243 ;; Defined at:
 11244 ;;		line 16 in file "dbio.c"
 11245 ;; Parameters:    Size  Location     Type
 11246 ;;		None
 11247 ;; Auto vars:     Size  Location     Type
 11248 ;;  buf_len         2   53[COMRAM] unsigned short 
 11249 ;;  byte            1   52[COMRAM] unsigned char 
 11250 ;; Return value:  Size  Location     Type
 11251 ;;                  1    wreg      void 
 11252 ;; Registers used:
 11253 ;;		wreg, fsr1l, fsr1h, fsr2l, fsr2h, status,2, status,0, prodl, prodh, cstack
 11254 ;; Tracked objects:
 11255 ;;		On entry : 0/0
 11256 ;;		On exit  : 0/0
 11257 ;;		Unchanged: 0/0
 11258 ;; Data sizes:     COMRAM   BANK0   BANK1   BANK2   BANK3   BANK4   BANK5   BANK6   BANK7   BANK8   BANK9  BANK10  BANK1
      +1  BANK12  BANK13  BANK14
 11259 ;;      Params:         0       0       0       0       0       0       0       0       0       0       0       0       
      +0       0       0       0
 11260 ;;      Locals:         3       0       0       0       0       0       0       0       0       0       0       0       
      +0       0       0       0
 11261 ;;      Temps:          0       0       0       0       0       0       0       0       0       0       0       0       
      +0       0       0       0
 11262 ;;      Totals:         3       0       0       0       0       0       0       0       0       0       0       0       
      +0       0       0       0
 11263 ;;Total ram usage:        3 bytes
 11264 ;; Hardware stack levels used: 1
 11265 ;; Hardware stack levels required when called: 3
 11266 ;; This function calls:
 11267 ;;		i2_RingBuf_Available
 11268 ;;		i2_RingBuf_DataRead
 11269 ;; This function is called by:
 11270 ;;		_HighInterrupts_handler
 11271 ;;		_Interrupts_handler
 11272 ;; This function uses a non-reentrant model
 11273 ;;
 11274                           
 11275                           	psect	text53
 11276   003E68                     __ptext53:
 11277                           	callstack 0
 11278   003E68                     i2_TXbyte_cbk:
 11279                           	callstack 13
 11280   003E68                     
 11281                           ;dbio.c: 18:   if (TX1IE && TX1IF)
 11282   003E68  A89D               	btfss	3997,4,c	;volatile
 11283   003E6A  EF39  F01F         	goto	i2u469_41
 11284   003E6E  EF3B  F01F         	goto	i2u469_40
 11285   003E72                     i2u469_41:
 11286   003E72  EF64  F01F         	goto	i2l267
 11287   003E76                     i2u469_40:
 11288   003E76  A89E               	btfss	3998,4,c	;volatile
 11289   003E78  EF40  F01F         	goto	i2u470_41
 11290   003E7C  EF42  F01F         	goto	i2u470_40
 11291   003E80                     i2u470_41:
 11292   003E80  EF64  F01F         	goto	i2l267
 11293   003E84                     i2u470_40:
 11294   003E84                     
 11295                           ;dbio.c: 19:   {;dbio.c: 20:     uint16_t buf_len = 0;
 11296   003E84  6A38               	clrf	(i2TXbyte_cbk@buf_len+1)^0,c
 11297   003E86  0E00               	movlw	0
 11298   003E88  6E37               	movwf	i2TXbyte_cbk@buf_len^0,c
 11299   003E8A                     
 11300                           ;dbio.c: 21:     uint8_t byte;;dbio.c: 22:     RingBuf_Available(&buf_len, &TXringbuf);
 11301   003E8A  0E37               	movlw	low i2TXbyte_cbk@buf_len
 11302   003E8C  6E02               	movwf	i2RingBuf_Available@len^0,c
 11303   003E8E  6A03               	clrf	(i2RingBuf_Available@len+1)^0,c
 11304   003E90  0ED3               	movlw	low _TXringbuf
 11305   003E92  6E04               	movwf	i2RingBuf_Available@rb^0,c
 11306   003E94  ECF9  F017         	call	i2_RingBuf_Available	;wreg free
 11307   003E98                     
 11308                           ;dbio.c: 23:     if(buf_len) {
 11309   003E98  5037               	movf	i2TXbyte_cbk@buf_len^0,w,c
 11310   003E9A  1038               	iorwf	(i2TXbyte_cbk@buf_len+1)^0,w,c
 11311   003E9C  B4D8               	btfsc	status,2,c
 11312   003E9E  EF53  F01F         	goto	i2u471_41
 11313   003EA2  EF55  F01F         	goto	i2u471_40
 11314   003EA6                     i2u471_41:
 11315   003EA6  EF63  F01F         	goto	i2l265
 11316   003EAA                     i2u471_40:
 11317   003EAA                     
 11318                           ;dbio.c: 24:       RingBuf_DataRead((uint8_t*)&byte, 1, &TXringbuf);
 11319   003EAA  0E36               	movlw	low i2TXbyte_cbk@byte
 11320   003EAC  6E2A               	movwf	i2RingBuf_DataRead@data^0,c
 11321   003EAE  6A2B               	clrf	(i2RingBuf_DataRead@data+1)^0,c
 11322   003EB0  6A2D               	clrf	(i2RingBuf_DataRead@len+1)^0,c
 11323   003EB2  0E01               	movlw	1
 11324   003EB4  6E2C               	movwf	i2RingBuf_DataRead@len^0,c
 11325   003EB6  0ED3               	movlw	low _TXringbuf
 11326   003EB8  6E2E               	movwf	i2RingBuf_DataRead@rb^0,c
 11327   003EBA  EC53  F019         	call	i2_RingBuf_DataRead	;wreg free
 11328   003EBE                     
 11329                           ;dbio.c: 25:       TXREG = byte;
 11330   003EBE  C036  FFAE         	movff	i2TXbyte_cbk@byte,4014	;volatile
 11331                           
 11332                           ;dbio.c: 26:     }
 11333   003EC2  EF64  F01F         	goto	i2l267
 11334   003EC6                     i2l265:
 11335   003EC6  989D               	bcf	157,4,c	;volatile
 11336   003EC8                     i2l267:
 11337   003EC8  0012               	return		;funcret
 11338   003ECA                     __end_ofi2_TXbyte_cbk:
 11339                           	callstack 0
 11340                           
 11341 ;; *************** function i2_RingBuf_DataRead *****************
 11342 ;; Defined at:
 11343 ;;		line 106 in file "ringbuf.c"
 11344 ;; Parameters:    Size  Location     Type
 11345 ;;  data            2   40[COMRAM] PTR void 
 11346 ;;		 -> i2TXbyte_cbk@byte(1), dbio_putstring@byte(1), TXbyte_cbk@byte(1), main@strrx(100), 
 11347 ;;  len             2   42[COMRAM] unsigned short 
 11348 ;;  rb              1   44[COMRAM] PTR volatile struct RING
 11349 ;;		 -> RXringbuf(10), TXringbuf(10), 
 11350 ;; Auto vars:     Size  Location     Type
 11351 ;;  aval_len        2   50[COMRAM] unsigned short 
 11352 ;;  st              1   49[COMRAM] enum E691
 11353 ;; Return value:  Size  Location     Type
 11354 ;;                  1    wreg      enum E691
 11355 ;; Registers used:
 11356 ;;		wreg, fsr1l, fsr1h, fsr2l, fsr2h, status,2, status,0, prodl, prodh, cstack
 11357 ;; Tracked objects:
 11358 ;;		On entry : 0/0
 11359 ;;		On exit  : 0/0
 11360 ;;		Unchanged: 0/0
 11361 ;; Data sizes:     COMRAM   BANK0   BANK1   BANK2   BANK3   BANK4   BANK5   BANK6   BANK7   BANK8   BANK9  BANK10  BANK1
      +1  BANK12  BANK13  BANK14
 11362 ;;      Params:         5       0       0       0       0       0       0       0       0       0       0       0       
      +0       0       0       0
 11363 ;;      Locals:         3       0       0       0       0       0       0       0       0       0       0       0       
      +0       0       0       0
 11364 ;;      Temps:          4       0       0       0       0       0       0       0       0       0       0       0       
      +0       0       0       0
 11365 ;;      Totals:        12       0       0       0       0       0       0       0       0       0       0       0       
      +0       0       0       0
 11366 ;;Total ram usage:       12 bytes
 11367 ;; Hardware stack levels used: 1
 11368 ;; Hardware stack levels required when called: 2
 11369 ;; This function calls:
 11370 ;;		i2_RingBuf_Available
 11371 ;;		i2_RingBuf_DataWatch
 11372 ;; This function is called by:
 11373 ;;		i2_TXbyte_cbk
 11374 ;; This function uses a non-reentrant model
 11375 ;;
 11376                           
 11377                           	psect	text54
 11378   0032A6                     __ptext54:
 11379                           	callstack 0
 11380   0032A6                     i2_RingBuf_DataRead:
 11381                           	callstack 13
 11382   0032A6                     
 11383                           ;ringbuf.c: 107:     if (rb->buf == ((void*)0)) return RINGBUF_PARAM_ERR;
 11384   0032A6  502E               	movf	i2RingBuf_DataRead@rb^0,w,c
 11385   0032A8  6ED9               	movwf	fsr2l,c
 11386   0032AA  6ADA               	clrf	fsr2h,c
 11387   0032AC  50DE               	movf	postinc2,w,c
 11388   0032AE  10DE               	iorwf	postinc2,w,c
 11389   0032B0  A4D8               	btfss	status,2,c
 11390   0032B2  EF5D  F019         	goto	i2u449_41
 11391   0032B6  EF5F  F019         	goto	i2u449_40
 11392   0032BA                     i2u449_41:
 11393   0032BA  EF61  F019         	goto	i2l4904
 11394   0032BE                     i2u449_40:
 11395   0032BE  EFC1  F019         	goto	i2l206
 11396   0032C2                     i2l4904:
 11397                           
 11398                           ;ringbuf.c: 108:     uint16_t aval_len = 0;
 11399   0032C2  6A35               	clrf	(i2RingBuf_DataRead@aval_len+1)^0,c
 11400   0032C4  0E00               	movlw	0
 11401   0032C6  6E34               	movwf	i2RingBuf_DataRead@aval_len^0,c
 11402   0032C8                     
 11403                           ;ringbuf.c: 109:     RingBuf_Available(&aval_len, rb);
 11404   0032C8  0E34               	movlw	low i2RingBuf_DataRead@aval_len
 11405   0032CA  6E02               	movwf	i2RingBuf_Available@len^0,c
 11406   0032CC  6A03               	clrf	(i2RingBuf_Available@len+1)^0,c
 11407   0032CE  C02E  F004         	movff	i2RingBuf_DataRead@rb,i2RingBuf_Available@rb
 11408   0032D2  ECF9  F017         	call	i2_RingBuf_Available	;wreg free
 11409   0032D6                     
 11410                           ;ringbuf.c: 110:     if (len > aval_len) len = aval_len;
 11411   0032D6  502C               	movf	i2RingBuf_DataRead@len^0,w,c
 11412   0032D8  5C34               	subwf	i2RingBuf_DataRead@aval_len^0,w,c
 11413   0032DA  502D               	movf	(i2RingBuf_DataRead@len+1)^0,w,c
 11414   0032DC  5835               	subwfb	(i2RingBuf_DataRead@aval_len+1)^0,w,c
 11415   0032DE  B0D8               	btfsc	status,0,c
 11416   0032E0  EF74  F019         	goto	i2u450_41
 11417   0032E4  EF76  F019         	goto	i2u450_40
 11418   0032E8                     i2u450_41:
 11419   0032E8  EF7A  F019         	goto	i2l4912
 11420   0032EC                     i2u450_40:
 11421   0032EC  C034  F02C         	movff	i2RingBuf_DataRead@aval_len,i2RingBuf_DataRead@len
 11422   0032F0  C035  F02D         	movff	i2RingBuf_DataRead@aval_len+1,i2RingBuf_DataRead@len+1
 11423   0032F4                     i2l4912:
 11424                           
 11425                           ;ringbuf.c: 112:     RINGBUF_STATUS st = RingBuf_DataWatch(data, len, rb);
 11426   0032F4  C02A  F00F         	movff	i2RingBuf_DataRead@data,i2RingBuf_DataWatch@data
 11427   0032F8  C02B  F010         	movff	i2RingBuf_DataRead@data+1,i2RingBuf_DataWatch@data+1
 11428   0032FC  C02C  F011         	movff	i2RingBuf_DataRead@len,i2RingBuf_DataWatch@len
 11429   003300  C02D  F012         	movff	i2RingBuf_DataRead@len+1,i2RingBuf_DataWatch@len+1
 11430   003304  C02E  F013         	movff	i2RingBuf_DataRead@rb,i2RingBuf_DataWatch@rb
 11431   003308  ECF1  F010         	call	i2_RingBuf_DataWatch	;wreg free
 11432   00330C  6E33               	movwf	i2RingBuf_DataRead@st^0,c
 11433   00330E                     
 11434                           ;ringbuf.c: 113:     if (st != RINGBUF_OK)
 11435   00330E  5033               	movf	i2RingBuf_DataRead@st^0,w,c
 11436   003310  B4D8               	btfsc	status,2,c
 11437   003312  EF8D  F019         	goto	i2u451_41
 11438   003316  EF8F  F019         	goto	i2u451_40
 11439   00331A                     i2u451_41:
 11440   00331A  EF91  F019         	goto	i2l4918
 11441   00331E                     i2u451_40:
 11442   00331E  EFC1  F019         	goto	i2l206
 11443   003322                     i2l4918:
 11444                           
 11445                           ;ringbuf.c: 116:     rb->tail += len;
 11446   003322  502E               	movf	i2RingBuf_DataRead@rb^0,w,c
 11447   003324  6ED9               	movwf	fsr2l,c
 11448   003326  6ADA               	clrf	fsr2h,c
 11449   003328  0E02               	movlw	2
 11450   00332A  26D9               	addwf	fsr2l,f,c
 11451   00332C  502C               	movf	i2RingBuf_DataRead@len^0,w,c	;volatile
 11452   00332E  26DE               	addwf	postinc2,f,c
 11453   003330  502D               	movf	(i2RingBuf_DataRead@len+1)^0,w,c	;volatile
 11454   003332  22DD               	addwfc	postdec2,f,c
 11455   003334                     
 11456                           ;ringbuf.c: 117:     if (rb->tail >= rb->size)
 11457   003334  502E               	movf	i2RingBuf_DataRead@rb^0,w,c
 11458   003336  6ED9               	movwf	fsr2l,c
 11459   003338  6ADA               	clrf	fsr2h,c
 11460   00333A  0E06               	movlw	6
 11461   00333C  26D9               	addwf	fsr2l,f,c
 11462   00333E  502E               	movf	i2RingBuf_DataRead@rb^0,w,c
 11463   003340  6EE1               	movwf	fsr1l,c
 11464   003342  6AE2               	clrf	fsr1h,c
 11465   003344  0E02               	movlw	2
 11466   003346  26E1               	addwf	fsr1l,f,c
 11467   003348  50DE               	movf	postinc2,w,c
 11468   00334A  5CE6               	subwf	postinc1,w,c
 11469   00334C  50DE               	movf	postinc2,w,c
 11470   00334E  58E6               	subwfb	postinc1,w,c
 11471   003350  A0D8               	btfss	status,0,c
 11472   003352  EFAD  F019         	goto	i2u452_41
 11473   003356  EFAF  F019         	goto	i2u452_40
 11474   00335A                     i2u452_41:
 11475   00335A  EFC1  F019         	goto	i2l206
 11476   00335E                     i2u452_40:
 11477   00335E                     
 11478                           ;ringbuf.c: 118:         rb->tail -= rb->size;
 11479   00335E  502E               	movf	i2RingBuf_DataRead@rb^0,w,c
 11480   003360  6ED9               	movwf	fsr2l,c
 11481   003362  6ADA               	clrf	fsr2h,c
 11482   003364  0E06               	movlw	6
 11483   003366  26D9               	addwf	fsr2l,f,c
 11484   003368  CFDE F02F          	movff	postinc2,??i2_RingBuf_DataRead
 11485   00336C  CFDD F030          	movff	postdec2,??i2_RingBuf_DataRead+1
 11486   003370  502E               	movf	i2RingBuf_DataRead@rb^0,w,c
 11487   003372  6ED9               	movwf	fsr2l,c
 11488   003374  6ADA               	clrf	fsr2h,c
 11489   003376  0E02               	movlw	2
 11490   003378  26D9               	addwf	fsr2l,f,c
 11491   00337A  502F               	movf	??i2_RingBuf_DataRead^0,w,c
 11492   00337C  5EDE               	subwf	postinc2,f,c
 11493   00337E  5030               	movf	(??i2_RingBuf_DataRead+1)^0,w,c
 11494   003380  5ADD               	subwfb	postdec2,f,c
 11495   003382                     i2l206:
 11496   003382  0012               	return		;funcret
 11497   003384                     __end_ofi2_RingBuf_DataRead:
 11498                           	callstack 0
 11499                           
 11500 ;; *************** function i2_RingBuf_DataWatch *****************
 11501 ;; Defined at:
 11502 ;;		line 131 in file "ringbuf.c"
 11503 ;; Parameters:    Size  Location     Type
 11504 ;;  data            2   13[COMRAM] PTR void 
 11505 ;;		 -> i2TXbyte_cbk@byte(1), dbio_putstring@byte(1), TXbyte_cbk@byte(1), main@strrx(100), 
 11506 ;;  len             2   15[COMRAM] unsigned short 
 11507 ;;  rb              1   17[COMRAM] PTR volatile struct RING
 11508 ;;		 -> RXringbuf(10), TXringbuf(10), 
 11509 ;; Auto vars:     Size  Location     Type
 11510 ;;  aval_len        2   38[COMRAM] unsigned short 
 11511 ;;  space           2   36[COMRAM] unsigned short 
 11512 ;;  loc_tail        2   34[COMRAM] unsigned short 
 11513 ;;  s_addr          2   32[COMRAM] unsigned short 
 11514 ;; Return value:  Size  Location     Type
 11515 ;;                  1    wreg      enum E691
 11516 ;; Registers used:
 11517 ;;		wreg, fsr1l, fsr1h, fsr2l, fsr2h, status,2, status,0, prodl, prodh, cstack
 11518 ;; Tracked objects:
 11519 ;;		On entry : 0/0
 11520 ;;		On exit  : 0/0
 11521 ;;		Unchanged: 0/0
 11522 ;; Data sizes:     COMRAM   BANK0   BANK1   BANK2   BANK3   BANK4   BANK5   BANK6   BANK7   BANK8   BANK9  BANK10  BANK1
      +1  BANK12  BANK13  BANK14
 11523 ;;      Params:         5       0       0       0       0       0       0       0       0       0       0       0       
      +0       0       0       0
 11524 ;;      Locals:         8       0       0       0       0       0       0       0       0       0       0       0       
      +0       0       0       0
 11525 ;;      Temps:         14       0       0       0       0       0       0       0       0       0       0       0       
      +0       0       0       0
 11526 ;;      Totals:        27       0       0       0       0       0       0       0       0       0       0       0       
      +0       0       0       0
 11527 ;;Total ram usage:       27 bytes
 11528 ;; Hardware stack levels used: 1
 11529 ;; Hardware stack levels required when called: 1
 11530 ;; This function calls:
 11531 ;;		i2_RingBuf_Available
 11532 ;;		i2_memcpy
 11533 ;; This function is called by:
 11534 ;;		i2_RingBuf_DataRead
 11535 ;; This function uses a non-reentrant model
 11536 ;;
 11537                           
 11538                           	psect	text55
 11539   0021E2                     __ptext55:
 11540                           	callstack 0
 11541   0021E2                     i2_RingBuf_DataWatch:
 11542                           	callstack 13
 11543   0021E2                     
 11544                           ;ringbuf.c: 132:     if (data == ((void*)0))
 11545   0021E2  500F               	movf	i2RingBuf_DataWatch@data^0,w,c
 11546   0021E4  1010               	iorwf	(i2RingBuf_DataWatch@data+1)^0,w,c
 11547   0021E6  A4D8               	btfss	status,2,c
 11548   0021E8  EFF8  F010         	goto	i2u407_41
 11549   0021EC  EFFA  F010         	goto	i2u407_40
 11550   0021F0                     i2u407_41:
 11551   0021F0  EFFD  F010         	goto	i2l4538
 11552   0021F4                     i2u407_40:
 11553   0021F4                     
 11554                           ;ringbuf.c: 133:         return RINGBUF_PARAM_ERR;
 11555   0021F4  0E02               	movlw	2
 11556   0021F6  EF1B  F012         	goto	i2l213
 11557   0021FA                     i2l4538:
 11558                           
 11559                           ;ringbuf.c: 134:     if (len > rb->size)
 11560   0021FA  5013               	movf	i2RingBuf_DataWatch@rb^0,w,c
 11561   0021FC  6ED9               	movwf	fsr2l,c
 11562   0021FE  6ADA               	clrf	fsr2h,c
 11563   002200  0E06               	movlw	6
 11564   002202  26D9               	addwf	fsr2l,f,c
 11565   002204  5011               	movf	i2RingBuf_DataWatch@len^0,w,c
 11566   002206  5CDE               	subwf	postinc2,w,c
 11567   002208  5012               	movf	(i2RingBuf_DataWatch@len+1)^0,w,c
 11568   00220A  58DE               	subwfb	postinc2,w,c
 11569   00220C  B0D8               	btfsc	status,0,c
 11570   00220E  EF0B  F011         	goto	i2u408_41
 11571   002212  EF0D  F011         	goto	i2u408_40
 11572   002216                     i2u408_41:
 11573   002216  EF10  F011         	goto	i2l4544
 11574   00221A                     i2u408_40:
 11575   00221A                     
 11576                           ;ringbuf.c: 135:         return RINGBUF_OVERFLOW;
 11577   00221A  0E03               	movlw	3
 11578   00221C  EF1B  F012         	goto	i2l213
 11579   002220                     i2l4544:
 11580                           
 11581                           ;ringbuf.c: 136:     if (rb->head == rb->tail)
 11582   002220  5013               	movf	i2RingBuf_DataWatch@rb^0,w,c
 11583   002222  6ED9               	movwf	fsr2l,c
 11584   002224  6ADA               	clrf	fsr2h,c
 11585   002226  0E02               	movlw	2
 11586   002228  26D9               	addwf	fsr2l,f,c
 11587   00222A  5013               	movf	i2RingBuf_DataWatch@rb^0,w,c
 11588   00222C  6EE1               	movwf	fsr1l,c
 11589   00222E  6AE2               	clrf	fsr1h,c
 11590   002230  0E04               	movlw	4
 11591   002232  26E1               	addwf	fsr1l,f,c
 11592   002234  50DE               	movf	postinc2,w,c
 11593   002236  18E6               	xorwf	postinc1,w,c
 11594   002238  E107               	bnz	i2u409_41
 11595   00223A  50DE               	movf	postinc2,w,c
 11596   00223C  18E6               	xorwf	postinc1,w,c
 11597   00223E  A4D8               	btfss	status,2,c
 11598   002240  EF24  F011         	goto	i2u409_41
 11599   002244  EF26  F011         	goto	i2u409_40
 11600   002248                     i2u409_41:
 11601   002248  EF29  F011         	goto	i2l4550
 11602   00224C                     i2u409_40:
 11603   00224C                     
 11604                           ;ringbuf.c: 137:         return RINGBUF_EMPTY;
 11605   00224C  0E04               	movlw	4
 11606   00224E  EF1B  F012         	goto	i2l213
 11607   002252                     i2l4550:
 11608                           
 11609                           ;ringbuf.c: 138:     uint16_t aval_len = 0;
 11610   002252  6A29               	clrf	(i2RingBuf_DataWatch@aval_len+1)^0,c
 11611   002254  0E00               	movlw	0
 11612   002256  6E28               	movwf	i2RingBuf_DataWatch@aval_len^0,c
 11613   002258                     
 11614                           ;ringbuf.c: 139:     RingBuf_Available(&aval_len, rb);
 11615   002258  0E28               	movlw	low i2RingBuf_DataWatch@aval_len
 11616   00225A  6E02               	movwf	i2RingBuf_Available@len^0,c
 11617   00225C  6A03               	clrf	(i2RingBuf_Available@len+1)^0,c
 11618   00225E  C013  F004         	movff	i2RingBuf_DataWatch@rb,i2RingBuf_Available@rb
 11619   002262  ECF9  F017         	call	i2_RingBuf_Available	;wreg free
 11620   002266                     
 11621                           ;ringbuf.c: 140:     if (len > aval_len) len = aval_len;
 11622   002266  5011               	movf	i2RingBuf_DataWatch@len^0,w,c
 11623   002268  5C28               	subwf	i2RingBuf_DataWatch@aval_len^0,w,c
 11624   00226A  5012               	movf	(i2RingBuf_DataWatch@len+1)^0,w,c
 11625   00226C  5829               	subwfb	(i2RingBuf_DataWatch@aval_len+1)^0,w,c
 11626   00226E  B0D8               	btfsc	status,0,c
 11627   002270  EF3C  F011         	goto	i2u410_41
 11628   002274  EF3E  F011         	goto	i2u410_40
 11629   002278                     i2u410_41:
 11630   002278  EF42  F011         	goto	i2l4558
 11631   00227C                     i2u410_40:
 11632   00227C  C028  F011         	movff	i2RingBuf_DataWatch@aval_len,i2RingBuf_DataWatch@len
 11633   002280  C029  F012         	movff	i2RingBuf_DataWatch@aval_len+1,i2RingBuf_DataWatch@len+1
 11634   002284                     i2l4558:
 11635                           
 11636                           ;ringbuf.c: 142:     uint16_t s_addr = 0;
 11637   002284  6A23               	clrf	(i2RingBuf_DataWatch@s_addr+1)^0,c
 11638   002286  0E00               	movlw	0
 11639   002288  6E22               	movwf	i2RingBuf_DataWatch@s_addr^0,c
 11640   00228A                     
 11641                           ;ringbuf.c: 144:     uint16_t space = rb->size - rb->tail;
 11642   00228A  5013               	movf	i2RingBuf_DataWatch@rb^0,w,c
 11643   00228C  6ED9               	movwf	fsr2l,c
 11644   00228E  6ADA               	clrf	fsr2h,c
 11645   002290  0E02               	movlw	2
 11646   002292  26D9               	addwf	fsr2l,f,c
 11647   002294  CFDE F014          	movff	postinc2,??i2_RingBuf_DataWatch
 11648   002298  CFDD F015          	movff	postdec2,??i2_RingBuf_DataWatch+1
 11649   00229C  5013               	movf	i2RingBuf_DataWatch@rb^0,w,c
 11650   00229E  6ED9               	movwf	fsr2l,c
 11651   0022A0  6ADA               	clrf	fsr2h,c
 11652   0022A2  0E06               	movlw	6
 11653   0022A4  26D9               	addwf	fsr2l,f,c
 11654   0022A6  CFDE F016          	movff	postinc2,??i2_RingBuf_DataWatch+2
 11655   0022AA  CFDD F017          	movff	postdec2,??i2_RingBuf_DataWatch+3
 11656   0022AE  5014               	movf	??i2_RingBuf_DataWatch^0,w,c
 11657   0022B0  5C16               	subwf	(??i2_RingBuf_DataWatch+2)^0,w,c
 11658   0022B2  6E26               	movwf	i2RingBuf_DataWatch@space^0,c
 11659   0022B4  5015               	movf	(??i2_RingBuf_DataWatch+1)^0,w,c
 11660   0022B6  5817               	subwfb	(??i2_RingBuf_DataWatch+3)^0,w,c
 11661   0022B8  6E27               	movwf	(i2RingBuf_DataWatch@space+1)^0,c
 11662   0022BA                     
 11663                           ;ringbuf.c: 145:     uint16_t loc_tail = rb->tail;
 11664   0022BA  5013               	movf	i2RingBuf_DataWatch@rb^0,w,c
 11665   0022BC  6ED9               	movwf	fsr2l,c
 11666   0022BE  6ADA               	clrf	fsr2h,c
 11667   0022C0  0E02               	movlw	2
 11668   0022C2  26D9               	addwf	fsr2l,f,c
 11669   0022C4  CFDE F024          	movff	postinc2,i2RingBuf_DataWatch@loc_tail
 11670   0022C8  CFDD F025          	movff	postdec2,i2RingBuf_DataWatch@loc_tail+1
 11671   0022CC                     
 11672                           ;ringbuf.c: 146:     if (len > space) {
 11673   0022CC  5011               	movf	i2RingBuf_DataWatch@len^0,w,c
 11674   0022CE  5C26               	subwf	i2RingBuf_DataWatch@space^0,w,c
 11675   0022D0  5012               	movf	(i2RingBuf_DataWatch@len+1)^0,w,c
 11676   0022D2  5827               	subwfb	(i2RingBuf_DataWatch@space+1)^0,w,c
 11677   0022D4  B0D8               	btfsc	status,0,c
 11678   0022D6  EF6F  F011         	goto	i2u411_41
 11679   0022DA  EF71  F011         	goto	i2u411_40
 11680   0022DE                     i2u411_41:
 11681   0022DE  EFBF  F011         	goto	i2l4574
 11682   0022E2                     i2u411_40:
 11683   0022E2                     
 11684                           ;ringbuf.c: 149:         memcpy((uint8_t*)data + (s_addr * rb->cell_size), &rb->buf[loc_
      +                          tail * rb->cell_size], space * rb->cell_size);
 11685   0022E2  C00F  F002         	movff	i2RingBuf_DataWatch@data,i2memcpy@d1
 11686   0022E6  C010  F003         	movff	i2RingBuf_DataWatch@data+1,i2memcpy@d1+1
 11687   0022EA  5013               	movf	i2RingBuf_DataWatch@rb^0,w,c
 11688   0022EC  6ED9               	movwf	fsr2l,c
 11689   0022EE  6ADA               	clrf	fsr2h,c
 11690   0022F0  0E08               	movlw	8
 11691   0022F2  26D9               	addwf	fsr2l,f,c
 11692   0022F4  CFDE F014          	movff	postinc2,??i2_RingBuf_DataWatch
 11693   0022F8  CFDD F015          	movff	postdec2,??i2_RingBuf_DataWatch+1
 11694   0022FC  5024               	movf	i2RingBuf_DataWatch@loc_tail^0,w,c
 11695   0022FE  0214               	mulwf	??i2_RingBuf_DataWatch^0,c
 11696   002300  CFF3 F016          	movff	prodl,??i2_RingBuf_DataWatch+2
 11697   002304  CFF4 F017          	movff	prodh,??i2_RingBuf_DataWatch+3
 11698   002308  0215               	mulwf	(??i2_RingBuf_DataWatch+1)^0,c
 11699   00230A  50F3               	movf	prodl,w,c
 11700   00230C  2617               	addwf	(??i2_RingBuf_DataWatch+3)^0,f,c
 11701   00230E  5025               	movf	(i2RingBuf_DataWatch@loc_tail+1)^0,w,c
 11702   002310  0214               	mulwf	??i2_RingBuf_DataWatch^0,c
 11703   002312  50F3               	movf	prodl,w,c
 11704   002314  2617               	addwf	(??i2_RingBuf_DataWatch+3)^0,f,c
 11705   002316  5013               	movf	i2RingBuf_DataWatch@rb^0,w,c
 11706   002318  6ED9               	movwf	fsr2l,c
 11707   00231A  6ADA               	clrf	fsr2h,c
 11708   00231C  CFDE F018          	movff	postinc2,??i2_RingBuf_DataWatch+4
 11709   002320  CFDD F019          	movff	postdec2,??i2_RingBuf_DataWatch+5
 11710   002324  5016               	movf	(??i2_RingBuf_DataWatch+2)^0,w,c
 11711   002326  2418               	addwf	(??i2_RingBuf_DataWatch+4)^0,w,c
 11712   002328  6E04               	movwf	i2memcpy@s1^0,c
 11713   00232A  5017               	movf	(??i2_RingBuf_DataWatch+3)^0,w,c
 11714   00232C  2019               	addwfc	(??i2_RingBuf_DataWatch+5)^0,w,c
 11715   00232E  6E05               	movwf	(i2memcpy@s1+1)^0,c
 11716   002330  5013               	movf	i2RingBuf_DataWatch@rb^0,w,c
 11717   002332  6ED9               	movwf	fsr2l,c
 11718   002334  6ADA               	clrf	fsr2h,c
 11719   002336  0E08               	movlw	8
 11720   002338  26D9               	addwf	fsr2l,f,c
 11721   00233A  CFDE F01A          	movff	postinc2,??i2_RingBuf_DataWatch+6
 11722   00233E  CFDD F01B          	movff	postdec2,??i2_RingBuf_DataWatch+7
 11723   002342  5026               	movf	i2RingBuf_DataWatch@space^0,w,c
 11724   002344  021A               	mulwf	(??i2_RingBuf_DataWatch+6)^0,c
 11725   002346  CFF3 F01C          	movff	prodl,??i2_RingBuf_DataWatch+8
 11726   00234A  CFF4 F01D          	movff	prodh,??i2_RingBuf_DataWatch+9
 11727   00234E  021B               	mulwf	(??i2_RingBuf_DataWatch+7)^0,c
 11728   002350  50F3               	movf	prodl,w,c
 11729   002352  261D               	addwf	(??i2_RingBuf_DataWatch+9)^0,f,c
 11730   002354  5027               	movf	(i2RingBuf_DataWatch@space+1)^0,w,c
 11731   002356  021A               	mulwf	(??i2_RingBuf_DataWatch+6)^0,c
 11732   002358  50F3               	movf	prodl,w,c
 11733   00235A  261D               	addwf	(??i2_RingBuf_DataWatch+9)^0,f,c
 11734   00235C  C01C  F006         	movff	??i2_RingBuf_DataWatch+8,i2memcpy@n
 11735   002360  C01D  F007         	movff	??i2_RingBuf_DataWatch+9,i2memcpy@n+1
 11736   002364  EC64  F020         	call	i2_memcpy	;wreg free
 11737   002368                     
 11738                           ;ringbuf.c: 151:         loc_tail = 0;
 11739   002368  6A25               	clrf	(i2RingBuf_DataWatch@loc_tail+1)^0,c
 11740   00236A  0E00               	movlw	0
 11741   00236C  6E24               	movwf	i2RingBuf_DataWatch@loc_tail^0,c
 11742   00236E                     
 11743                           ;ringbuf.c: 153:         s_addr = space;
 11744   00236E  C026  F022         	movff	i2RingBuf_DataWatch@space,i2RingBuf_DataWatch@s_addr
 11745   002372  C027  F023         	movff	i2RingBuf_DataWatch@space+1,i2RingBuf_DataWatch@s_addr+1
 11746   002376                     
 11747                           ;ringbuf.c: 155:         len -= space;
 11748   002376  5026               	movf	i2RingBuf_DataWatch@space^0,w,c
 11749   002378  5E11               	subwf	i2RingBuf_DataWatch@len^0,f,c
 11750   00237A  5027               	movf	(i2RingBuf_DataWatch@space+1)^0,w,c
 11751   00237C  5A12               	subwfb	(i2RingBuf_DataWatch@len+1)^0,f,c
 11752   00237E                     i2l4574:
 11753                           
 11754                           ;ringbuf.c: 158:     memcpy((uint8_t*)data + (s_addr * rb->cell_size), &rb->buf[loc_tail
      +                           * rb->cell_size], len * rb->cell_size);
 11755   00237E  5013               	movf	i2RingBuf_DataWatch@rb^0,w,c
 11756   002380  6ED9               	movwf	fsr2l,c
 11757   002382  6ADA               	clrf	fsr2h,c
 11758   002384  0E08               	movlw	8
 11759   002386  26D9               	addwf	fsr2l,f,c
 11760   002388  CFDE F014          	movff	postinc2,??i2_RingBuf_DataWatch
 11761   00238C  CFDD F015          	movff	postdec2,??i2_RingBuf_DataWatch+1
 11762   002390  5022               	movf	i2RingBuf_DataWatch@s_addr^0,w,c
 11763   002392  0214               	mulwf	??i2_RingBuf_DataWatch^0,c
 11764   002394  CFF3 F016          	movff	prodl,??i2_RingBuf_DataWatch+2
 11765   002398  CFF4 F017          	movff	prodh,??i2_RingBuf_DataWatch+3
 11766   00239C  0215               	mulwf	(??i2_RingBuf_DataWatch+1)^0,c
 11767   00239E  50F3               	movf	prodl,w,c
 11768   0023A0  2617               	addwf	(??i2_RingBuf_DataWatch+3)^0,f,c
 11769   0023A2  5023               	movf	(i2RingBuf_DataWatch@s_addr+1)^0,w,c
 11770   0023A4  0214               	mulwf	??i2_RingBuf_DataWatch^0,c
 11771   0023A6  50F3               	movf	prodl,w,c
 11772   0023A8  2617               	addwf	(??i2_RingBuf_DataWatch+3)^0,f,c
 11773   0023AA  5016               	movf	(??i2_RingBuf_DataWatch+2)^0,w,c
 11774   0023AC  240F               	addwf	i2RingBuf_DataWatch@data^0,w,c
 11775   0023AE  6E02               	movwf	i2memcpy@d1^0,c
 11776   0023B0  5017               	movf	(??i2_RingBuf_DataWatch+3)^0,w,c
 11777   0023B2  2010               	addwfc	(i2RingBuf_DataWatch@data+1)^0,w,c
 11778   0023B4  6E03               	movwf	(i2memcpy@d1+1)^0,c
 11779   0023B6  5013               	movf	i2RingBuf_DataWatch@rb^0,w,c
 11780   0023B8  6ED9               	movwf	fsr2l,c
 11781   0023BA  6ADA               	clrf	fsr2h,c
 11782   0023BC  0E08               	movlw	8
 11783   0023BE  26D9               	addwf	fsr2l,f,c
 11784   0023C0  CFDE F018          	movff	postinc2,??i2_RingBuf_DataWatch+4
 11785   0023C4  CFDD F019          	movff	postdec2,??i2_RingBuf_DataWatch+5
 11786   0023C8  5024               	movf	i2RingBuf_DataWatch@loc_tail^0,w,c
 11787   0023CA  0218               	mulwf	(??i2_RingBuf_DataWatch+4)^0,c
 11788   0023CC  CFF3 F01A          	movff	prodl,??i2_RingBuf_DataWatch+6
 11789   0023D0  CFF4 F01B          	movff	prodh,??i2_RingBuf_DataWatch+7
 11790   0023D4  0219               	mulwf	(??i2_RingBuf_DataWatch+5)^0,c
 11791   0023D6  50F3               	movf	prodl,w,c
 11792   0023D8  261B               	addwf	(??i2_RingBuf_DataWatch+7)^0,f,c
 11793   0023DA  5025               	movf	(i2RingBuf_DataWatch@loc_tail+1)^0,w,c
 11794   0023DC  0218               	mulwf	(??i2_RingBuf_DataWatch+4)^0,c
 11795   0023DE  50F3               	movf	prodl,w,c
 11796   0023E0  261B               	addwf	(??i2_RingBuf_DataWatch+7)^0,f,c
 11797   0023E2  5013               	movf	i2RingBuf_DataWatch@rb^0,w,c
 11798   0023E4  6ED9               	movwf	fsr2l,c
 11799   0023E6  6ADA               	clrf	fsr2h,c
 11800   0023E8  CFDE F01C          	movff	postinc2,??i2_RingBuf_DataWatch+8
 11801   0023EC  CFDD F01D          	movff	postdec2,??i2_RingBuf_DataWatch+9
 11802   0023F0  501A               	movf	(??i2_RingBuf_DataWatch+6)^0,w,c
 11803   0023F2  241C               	addwf	(??i2_RingBuf_DataWatch+8)^0,w,c
 11804   0023F4  6E04               	movwf	i2memcpy@s1^0,c
 11805   0023F6  501B               	movf	(??i2_RingBuf_DataWatch+7)^0,w,c
 11806   0023F8  201D               	addwfc	(??i2_RingBuf_DataWatch+9)^0,w,c
 11807   0023FA  6E05               	movwf	(i2memcpy@s1+1)^0,c
 11808   0023FC  5013               	movf	i2RingBuf_DataWatch@rb^0,w,c
 11809   0023FE  6ED9               	movwf	fsr2l,c
 11810   002400  6ADA               	clrf	fsr2h,c
 11811   002402  0E08               	movlw	8
 11812   002404  26D9               	addwf	fsr2l,f,c
 11813   002406  CFDE F01E          	movff	postinc2,??i2_RingBuf_DataWatch+10
 11814   00240A  CFDD F01F          	movff	postdec2,??i2_RingBuf_DataWatch+11
 11815   00240E  5011               	movf	i2RingBuf_DataWatch@len^0,w,c
 11816   002410  021E               	mulwf	(??i2_RingBuf_DataWatch+10)^0,c
 11817   002412  CFF3 F020          	movff	prodl,??i2_RingBuf_DataWatch+12
 11818   002416  CFF4 F021          	movff	prodh,??i2_RingBuf_DataWatch+13
 11819   00241A  021F               	mulwf	(??i2_RingBuf_DataWatch+11)^0,c
 11820   00241C  50F3               	movf	prodl,w,c
 11821   00241E  2621               	addwf	(??i2_RingBuf_DataWatch+13)^0,f,c
 11822   002420  5012               	movf	(i2RingBuf_DataWatch@len+1)^0,w,c
 11823   002422  021E               	mulwf	(??i2_RingBuf_DataWatch+10)^0,c
 11824   002424  50F3               	movf	prodl,w,c
 11825   002426  2621               	addwf	(??i2_RingBuf_DataWatch+13)^0,f,c
 11826   002428  C020  F006         	movff	??i2_RingBuf_DataWatch+12,i2memcpy@n
 11827   00242C  C021  F007         	movff	??i2_RingBuf_DataWatch+13,i2memcpy@n+1
 11828   002430  EC64  F020         	call	i2_memcpy	;wreg free
 11829   002434                     
 11830                           ;ringbuf.c: 159:     return RINGBUF_OK;
 11831   002434  0E00               	movlw	0
 11832   002436                     i2l213:
 11833   002436  0012               	return		;funcret
 11834   002438                     __end_ofi2_RingBuf_DataWatch:
 11835                           	callstack 0
 11836                           
 11837 ;; *************** function i2_RingBuf_DataPut *****************
 11838 ;; Defined at:
 11839 ;;		line 57 in file "ringbuf.c"
 11840 ;; Parameters:    Size  Location     Type
 11841 ;;  data            2   13[COMRAM] PTR const void 
 11842 ;;		 -> i2RXbyte_cbk@byte(1), RXbyte_cbk@byte(1), main@strtx(100), 
 11843 ;;  len             2   15[COMRAM] unsigned short 
 11844 ;;  rb              1   17[COMRAM] PTR volatile struct RING
 11845 ;;		 -> RXringbuf(10), TXringbuf(10), 
 11846 ;; Auto vars:     Size  Location     Type
 11847 ;;  space           2   42[COMRAM] unsigned int 
 11848 ;;  avaldat         2   40[COMRAM] unsigned short 
 11849 ;;  s_addr          2   38[COMRAM] unsigned int 
 11850 ;;  input           2   36[COMRAM] PTR const unsigned char 
 11851 ;;		 -> i2RXbyte_cbk@byte(1), RXbyte_cbk@byte(1), main@strtx(100), 
 11852 ;;  len_tmp         2   34[COMRAM] unsigned short 
 11853 ;; Return value:  Size  Location     Type
 11854 ;;                  1    wreg      enum E691
 11855 ;; Registers used:
 11856 ;;		wreg, fsr1l, fsr1h, fsr2l, fsr2h, status,2, status,0, prodl, prodh, cstack
 11857 ;; Tracked objects:
 11858 ;;		On entry : 0/0
 11859 ;;		On exit  : 0/0
 11860 ;;		Unchanged: 0/0
 11861 ;; Data sizes:     COMRAM   BANK0   BANK1   BANK2   BANK3   BANK4   BANK5   BANK6   BANK7   BANK8   BANK9  BANK10  BANK1
      +1  BANK12  BANK13  BANK14
 11862 ;;      Params:         5       0       0       0       0       0       0       0       0       0       0       0       
      +0       0       0       0
 11863 ;;      Locals:        10       0       0       0       0       0       0       0       0       0       0       0       
      +0       0       0       0
 11864 ;;      Temps:         16       0       0       0       0       0       0       0       0       0       0       0       
      +0       0       0       0
 11865 ;;      Totals:        31       0       0       0       0       0       0       0       0       0       0       0       
      +0       0       0       0
 11866 ;;Total ram usage:       31 bytes
 11867 ;; Hardware stack levels used: 1
 11868 ;; Hardware stack levels required when called: 1
 11869 ;; This function calls:
 11870 ;;		i2_RingBuf_Available
 11871 ;;		i2_memcpy
 11872 ;; This function is called by:
 11873 ;;		i2_RXbyte_cbk
 11874 ;; This function uses a non-reentrant model
 11875 ;;
 11876                           
 11877                           	psect	text56
 11878   001A04                     __ptext56:
 11879                           	callstack 0
 11880   001A04                     i2_RingBuf_DataPut:
 11881                           	callstack 14
 11882   001A04                     
 11883                           ;ringbuf.c: 58:     if (rb->buf == ((void*)0)) return RINGBUF_PARAM_ERR;
 11884   001A04  5013               	movf	i2RingBuf_DataPut@rb^0,w,c
 11885   001A06  6ED9               	movwf	fsr2l,c
 11886   001A08  6ADA               	clrf	fsr2h,c
 11887   001A0A  50DE               	movf	postinc2,w,c
 11888   001A0C  10DE               	iorwf	postinc2,w,c
 11889   001A0E  A4D8               	btfss	status,2,c
 11890   001A10  EF0C  F00D         	goto	i2u439_41
 11891   001A14  EF0E  F00D         	goto	i2u439_40
 11892   001A18                     i2u439_41:
 11893   001A18  EF10  F00D         	goto	i2l4832
 11894   001A1C                     i2u439_40:
 11895   001A1C  EF93  F00E         	goto	i2l197
 11896   001A20                     i2l4832:
 11897                           
 11898                           ;ringbuf.c: 59:     if (len > rb->size)
 11899   001A20  5013               	movf	i2RingBuf_DataPut@rb^0,w,c
 11900   001A22  6ED9               	movwf	fsr2l,c
 11901   001A24  6ADA               	clrf	fsr2h,c
 11902   001A26  0E06               	movlw	6
 11903   001A28  26D9               	addwf	fsr2l,f,c
 11904   001A2A  5011               	movf	i2RingBuf_DataPut@len^0,w,c
 11905   001A2C  5CDE               	subwf	postinc2,w,c
 11906   001A2E  5012               	movf	(i2RingBuf_DataPut@len+1)^0,w,c
 11907   001A30  58DE               	subwfb	postinc2,w,c
 11908   001A32  B0D8               	btfsc	status,0,c
 11909   001A34  EF1E  F00D         	goto	i2u440_41
 11910   001A38  EF20  F00D         	goto	i2u440_40
 11911   001A3C                     i2u440_41:
 11912   001A3C  EF22  F00D         	goto	i2l4836
 11913   001A40                     i2u440_40:
 11914   001A40  EF93  F00E         	goto	i2l197
 11915   001A44                     i2l4836:
 11916                           
 11917                           ;ringbuf.c: 61:     const char *input = data;
 11918   001A44  C00F  F026         	movff	i2RingBuf_DataPut@data,i2RingBuf_DataPut@input
 11919   001A48  C010  F027         	movff	i2RingBuf_DataPut@data+1,i2RingBuf_DataPut@input+1
 11920   001A4C                     
 11921                           ;ringbuf.c: 63:     size_t s_addr = 0;
 11922   001A4C  6A29               	clrf	(i2RingBuf_DataPut@s_addr+1)^0,c
 11923   001A4E  0E00               	movlw	0
 11924   001A50  6E28               	movwf	i2RingBuf_DataPut@s_addr^0,c
 11925   001A52                     
 11926                           ;ringbuf.c: 65:     size_t space = rb->size - rb->head;
 11927   001A52  5013               	movf	i2RingBuf_DataPut@rb^0,w,c
 11928   001A54  6ED9               	movwf	fsr2l,c
 11929   001A56  6ADA               	clrf	fsr2h,c
 11930   001A58  0E04               	movlw	4
 11931   001A5A  26D9               	addwf	fsr2l,f,c
 11932   001A5C  CFDE F014          	movff	postinc2,??i2_RingBuf_DataPut
 11933   001A60  CFDD F015          	movff	postdec2,??i2_RingBuf_DataPut+1
 11934   001A64  5013               	movf	i2RingBuf_DataPut@rb^0,w,c
 11935   001A66  6ED9               	movwf	fsr2l,c
 11936   001A68  6ADA               	clrf	fsr2h,c
 11937   001A6A  0E06               	movlw	6
 11938   001A6C  26D9               	addwf	fsr2l,f,c
 11939   001A6E  CFDE F016          	movff	postinc2,??i2_RingBuf_DataPut+2
 11940   001A72  CFDD F017          	movff	postdec2,??i2_RingBuf_DataPut+3
 11941   001A76  5014               	movf	??i2_RingBuf_DataPut^0,w,c
 11942   001A78  5C16               	subwf	(??i2_RingBuf_DataPut+2)^0,w,c
 11943   001A7A  6E2C               	movwf	i2RingBuf_DataPut@space^0,c
 11944   001A7C  5015               	movf	(??i2_RingBuf_DataPut+1)^0,w,c
 11945   001A7E  5817               	subwfb	(??i2_RingBuf_DataPut+3)^0,w,c
 11946   001A80  6E2D               	movwf	(i2RingBuf_DataPut@space+1)^0,c
 11947   001A82                     
 11948                           ;ringbuf.c: 68:     uint16_t avaldat = 0;
 11949   001A82  6A2B               	clrf	(i2RingBuf_DataPut@avaldat+1)^0,c
 11950   001A84  0E00               	movlw	0
 11951   001A86  6E2A               	movwf	i2RingBuf_DataPut@avaldat^0,c
 11952   001A88                     
 11953                           ;ringbuf.c: 69:     RingBuf_Available(&avaldat, rb);
 11954   001A88  0E2A               	movlw	low i2RingBuf_DataPut@avaldat
 11955   001A8A  6E02               	movwf	i2RingBuf_Available@len^0,c
 11956   001A8C  6A03               	clrf	(i2RingBuf_Available@len+1)^0,c
 11957   001A8E  C013  F004         	movff	i2RingBuf_DataPut@rb,i2RingBuf_Available@rb
 11958   001A92  ECF9  F017         	call	i2_RingBuf_Available	;wreg free
 11959   001A96                     
 11960                           ;ringbuf.c: 70:     uint16_t len_tmp = len;
 11961   001A96  C011  F024         	movff	i2RingBuf_DataPut@len,i2RingBuf_DataPut@len_tmp
 11962   001A9A  C012  F025         	movff	i2RingBuf_DataPut@len+1,i2RingBuf_DataPut@len_tmp+1
 11963   001A9E                     
 11964                           ;ringbuf.c: 72:     if (len > space) {
 11965   001A9E  5011               	movf	i2RingBuf_DataPut@len^0,w,c
 11966   001AA0  5C2C               	subwf	i2RingBuf_DataPut@space^0,w,c
 11967   001AA2  5012               	movf	(i2RingBuf_DataPut@len+1)^0,w,c
 11968   001AA4  582D               	subwfb	(i2RingBuf_DataPut@space+1)^0,w,c
 11969   001AA6  B0D8               	btfsc	status,0,c
 11970   001AA8  EF58  F00D         	goto	i2u441_41
 11971   001AAC  EF5A  F00D         	goto	i2u441_40
 11972   001AB0                     i2u441_41:
 11973   001AB0  EFB5  F00D         	goto	i2l4858
 11974   001AB4                     i2u441_40:
 11975   001AB4                     
 11976                           ;ringbuf.c: 74:         memcpy(&rb->buf[rb->head*rb->cell_size], &input[s_addr * rb->cel
      +                          l_size], space * rb->cell_size);
 11977   001AB4  5013               	movf	i2RingBuf_DataPut@rb^0,w,c
 11978   001AB6  6ED9               	movwf	fsr2l,c
 11979   001AB8  6ADA               	clrf	fsr2h,c
 11980   001ABA  0E08               	movlw	8
 11981   001ABC  26D9               	addwf	fsr2l,f,c
 11982   001ABE  CFDE F014          	movff	postinc2,??i2_RingBuf_DataPut
 11983   001AC2  CFDD F015          	movff	postdec2,??i2_RingBuf_DataPut+1
 11984   001AC6  5013               	movf	i2RingBuf_DataPut@rb^0,w,c
 11985   001AC8  6ED9               	movwf	fsr2l,c
 11986   001ACA  6ADA               	clrf	fsr2h,c
 11987   001ACC  0E04               	movlw	4
 11988   001ACE  26D9               	addwf	fsr2l,f,c
 11989   001AD0  CFDE F016          	movff	postinc2,??i2_RingBuf_DataPut+2
 11990   001AD4  CFDD F017          	movff	postdec2,??i2_RingBuf_DataPut+3
 11991   001AD8  5014               	movf	??i2_RingBuf_DataPut^0,w,c
 11992   001ADA  0216               	mulwf	(??i2_RingBuf_DataPut+2)^0,c
 11993   001ADC  CFF3 F018          	movff	prodl,??i2_RingBuf_DataPut+4
 11994   001AE0  CFF4 F019          	movff	prodh,??i2_RingBuf_DataPut+5
 11995   001AE4  0217               	mulwf	(??i2_RingBuf_DataPut+3)^0,c
 11996   001AE6  50F3               	movf	prodl,w,c
 11997   001AE8  2619               	addwf	(??i2_RingBuf_DataPut+5)^0,f,c
 11998   001AEA  5015               	movf	(??i2_RingBuf_DataPut+1)^0,w,c
 11999   001AEC  0216               	mulwf	(??i2_RingBuf_DataPut+2)^0,c
 12000   001AEE  50F3               	movf	prodl,w,c
 12001   001AF0  2619               	addwf	(??i2_RingBuf_DataPut+5)^0,f,c
 12002   001AF2  5013               	movf	i2RingBuf_DataPut@rb^0,w,c
 12003   001AF4  6ED9               	movwf	fsr2l,c
 12004   001AF6  6ADA               	clrf	fsr2h,c
 12005   001AF8  CFDE F01A          	movff	postinc2,??i2_RingBuf_DataPut+6
 12006   001AFC  CFDD F01B          	movff	postdec2,??i2_RingBuf_DataPut+7
 12007   001B00  5018               	movf	(??i2_RingBuf_DataPut+4)^0,w,c
 12008   001B02  241A               	addwf	(??i2_RingBuf_DataPut+6)^0,w,c
 12009   001B04  6E02               	movwf	i2memcpy@d1^0,c
 12010   001B06  5019               	movf	(??i2_RingBuf_DataPut+5)^0,w,c
 12011   001B08  201B               	addwfc	(??i2_RingBuf_DataPut+7)^0,w,c
 12012   001B0A  6E03               	movwf	(i2memcpy@d1+1)^0,c
 12013   001B0C  C026  F004         	movff	i2RingBuf_DataPut@input,i2memcpy@s1
 12014   001B10  C027  F005         	movff	i2RingBuf_DataPut@input+1,i2memcpy@s1+1
 12015   001B14  5013               	movf	i2RingBuf_DataPut@rb^0,w,c
 12016   001B16  6ED9               	movwf	fsr2l,c
 12017   001B18  6ADA               	clrf	fsr2h,c
 12018   001B1A  0E08               	movlw	8
 12019   001B1C  26D9               	addwf	fsr2l,f,c
 12020   001B1E  CFDE F01C          	movff	postinc2,??i2_RingBuf_DataPut+8
 12021   001B22  CFDD F01D          	movff	postdec2,??i2_RingBuf_DataPut+9
 12022   001B26  502C               	movf	i2RingBuf_DataPut@space^0,w,c
 12023   001B28  021C               	mulwf	(??i2_RingBuf_DataPut+8)^0,c
 12024   001B2A  CFF3 F01E          	movff	prodl,??i2_RingBuf_DataPut+10
 12025   001B2E  CFF4 F01F          	movff	prodh,??i2_RingBuf_DataPut+11
 12026   001B32  021D               	mulwf	(??i2_RingBuf_DataPut+9)^0,c
 12027   001B34  50F3               	movf	prodl,w,c
 12028   001B36  261F               	addwf	(??i2_RingBuf_DataPut+11)^0,f,c
 12029   001B38  502D               	movf	(i2RingBuf_DataPut@space+1)^0,w,c
 12030   001B3A  021C               	mulwf	(??i2_RingBuf_DataPut+8)^0,c
 12031   001B3C  50F3               	movf	prodl,w,c
 12032   001B3E  261F               	addwf	(??i2_RingBuf_DataPut+11)^0,f,c
 12033   001B40  C01E  F006         	movff	??i2_RingBuf_DataPut+10,i2memcpy@n
 12034   001B44  C01F  F007         	movff	??i2_RingBuf_DataPut+11,i2memcpy@n+1
 12035   001B48  EC64  F020         	call	i2_memcpy	;wreg free
 12036   001B4C                     
 12037                           ;ringbuf.c: 76:         rb->head = 0;
 12038   001B4C  5013               	movf	i2RingBuf_DataPut@rb^0,w,c
 12039   001B4E  6ED9               	movwf	fsr2l,c
 12040   001B50  6ADA               	clrf	fsr2h,c
 12041   001B52  0E04               	movlw	4
 12042   001B54  26D9               	addwf	fsr2l,f,c
 12043   001B56  6ADE               	clrf	postinc2,c
 12044   001B58  6ADD               	clrf	postdec2,c
 12045   001B5A                     
 12046                           ;ringbuf.c: 78:         s_addr = space;
 12047   001B5A  C02C  F028         	movff	i2RingBuf_DataPut@space,i2RingBuf_DataPut@s_addr
 12048   001B5E  C02D  F029         	movff	i2RingBuf_DataPut@space+1,i2RingBuf_DataPut@s_addr+1
 12049   001B62                     
 12050                           ;ringbuf.c: 80:         len -= space;
 12051   001B62  502C               	movf	i2RingBuf_DataPut@space^0,w,c
 12052   001B64  5E11               	subwf	i2RingBuf_DataPut@len^0,f,c
 12053   001B66  502D               	movf	(i2RingBuf_DataPut@space+1)^0,w,c
 12054   001B68  5A12               	subwfb	(i2RingBuf_DataPut@len+1)^0,f,c
 12055   001B6A                     i2l4858:
 12056                           
 12057                           ;ringbuf.c: 83:     memcpy(&rb->buf[rb->head*rb->cell_size], &input[s_addr * rb->cell_si
      +                          ze], len * rb->cell_size);
 12058   001B6A  5013               	movf	i2RingBuf_DataPut@rb^0,w,c
 12059   001B6C  6ED9               	movwf	fsr2l,c
 12060   001B6E  6ADA               	clrf	fsr2h,c
 12061   001B70  0E08               	movlw	8
 12062   001B72  26D9               	addwf	fsr2l,f,c
 12063   001B74  CFDE F014          	movff	postinc2,??i2_RingBuf_DataPut
 12064   001B78  CFDD F015          	movff	postdec2,??i2_RingBuf_DataPut+1
 12065   001B7C  5013               	movf	i2RingBuf_DataPut@rb^0,w,c
 12066   001B7E  6ED9               	movwf	fsr2l,c
 12067   001B80  6ADA               	clrf	fsr2h,c
 12068   001B82  0E04               	movlw	4
 12069   001B84  26D9               	addwf	fsr2l,f,c
 12070   001B86  CFDE F016          	movff	postinc2,??i2_RingBuf_DataPut+2
 12071   001B8A  CFDD F017          	movff	postdec2,??i2_RingBuf_DataPut+3
 12072   001B8E  5014               	movf	??i2_RingBuf_DataPut^0,w,c
 12073   001B90  0216               	mulwf	(??i2_RingBuf_DataPut+2)^0,c
 12074   001B92  CFF3 F018          	movff	prodl,??i2_RingBuf_DataPut+4
 12075   001B96  CFF4 F019          	movff	prodh,??i2_RingBuf_DataPut+5
 12076   001B9A  0217               	mulwf	(??i2_RingBuf_DataPut+3)^0,c
 12077   001B9C  50F3               	movf	prodl,w,c
 12078   001B9E  2619               	addwf	(??i2_RingBuf_DataPut+5)^0,f,c
 12079   001BA0  5015               	movf	(??i2_RingBuf_DataPut+1)^0,w,c
 12080   001BA2  0216               	mulwf	(??i2_RingBuf_DataPut+2)^0,c
 12081   001BA4  50F3               	movf	prodl,w,c
 12082   001BA6  2619               	addwf	(??i2_RingBuf_DataPut+5)^0,f,c
 12083   001BA8  5013               	movf	i2RingBuf_DataPut@rb^0,w,c
 12084   001BAA  6ED9               	movwf	fsr2l,c
 12085   001BAC  6ADA               	clrf	fsr2h,c
 12086   001BAE  CFDE F01A          	movff	postinc2,??i2_RingBuf_DataPut+6
 12087   001BB2  CFDD F01B          	movff	postdec2,??i2_RingBuf_DataPut+7
 12088   001BB6  5018               	movf	(??i2_RingBuf_DataPut+4)^0,w,c
 12089   001BB8  241A               	addwf	(??i2_RingBuf_DataPut+6)^0,w,c
 12090   001BBA  6E02               	movwf	i2memcpy@d1^0,c
 12091   001BBC  5019               	movf	(??i2_RingBuf_DataPut+5)^0,w,c
 12092   001BBE  201B               	addwfc	(??i2_RingBuf_DataPut+7)^0,w,c
 12093   001BC0  6E03               	movwf	(i2memcpy@d1+1)^0,c
 12094   001BC2  5013               	movf	i2RingBuf_DataPut@rb^0,w,c
 12095   001BC4  6ED9               	movwf	fsr2l,c
 12096   001BC6  6ADA               	clrf	fsr2h,c
 12097   001BC8  0E08               	movlw	8
 12098   001BCA  26D9               	addwf	fsr2l,f,c
 12099   001BCC  CFDE F01C          	movff	postinc2,??i2_RingBuf_DataPut+8
 12100   001BD0  CFDD F01D          	movff	postdec2,??i2_RingBuf_DataPut+9
 12101   001BD4  5028               	movf	i2RingBuf_DataPut@s_addr^0,w,c
 12102   001BD6  021C               	mulwf	(??i2_RingBuf_DataPut+8)^0,c
 12103   001BD8  CFF3 F01E          	movff	prodl,??i2_RingBuf_DataPut+10
 12104   001BDC  CFF4 F01F          	movff	prodh,??i2_RingBuf_DataPut+11
 12105   001BE0  021D               	mulwf	(??i2_RingBuf_DataPut+9)^0,c
 12106   001BE2  50F3               	movf	prodl,w,c
 12107   001BE4  261F               	addwf	(??i2_RingBuf_DataPut+11)^0,f,c
 12108   001BE6  5029               	movf	(i2RingBuf_DataPut@s_addr+1)^0,w,c
 12109   001BE8  021C               	mulwf	(??i2_RingBuf_DataPut+8)^0,c
 12110   001BEA  50F3               	movf	prodl,w,c
 12111   001BEC  261F               	addwf	(??i2_RingBuf_DataPut+11)^0,f,c
 12112   001BEE  501E               	movf	(??i2_RingBuf_DataPut+10)^0,w,c
 12113   001BF0  2426               	addwf	i2RingBuf_DataPut@input^0,w,c
 12114   001BF2  6E04               	movwf	i2memcpy@s1^0,c
 12115   001BF4  501F               	movf	(??i2_RingBuf_DataPut+11)^0,w,c
 12116   001BF6  2027               	addwfc	(i2RingBuf_DataPut@input+1)^0,w,c
 12117   001BF8  6E05               	movwf	(i2memcpy@s1+1)^0,c
 12118   001BFA  5013               	movf	i2RingBuf_DataPut@rb^0,w,c
 12119   001BFC  6ED9               	movwf	fsr2l,c
 12120   001BFE  6ADA               	clrf	fsr2h,c
 12121   001C00  0E08               	movlw	8
 12122   001C02  26D9               	addwf	fsr2l,f,c
 12123   001C04  CFDE F020          	movff	postinc2,??i2_RingBuf_DataPut+12
 12124   001C08  CFDD F021          	movff	postdec2,??i2_RingBuf_DataPut+13
 12125   001C0C  5011               	movf	i2RingBuf_DataPut@len^0,w,c
 12126   001C0E  0220               	mulwf	(??i2_RingBuf_DataPut+12)^0,c
 12127   001C10  CFF3 F022          	movff	prodl,??i2_RingBuf_DataPut+14
 12128   001C14  CFF4 F023          	movff	prodh,??i2_RingBuf_DataPut+15
 12129   001C18  0221               	mulwf	(??i2_RingBuf_DataPut+13)^0,c
 12130   001C1A  50F3               	movf	prodl,w,c
 12131   001C1C  2623               	addwf	(??i2_RingBuf_DataPut+15)^0,f,c
 12132   001C1E  5012               	movf	(i2RingBuf_DataPut@len+1)^0,w,c
 12133   001C20  0220               	mulwf	(??i2_RingBuf_DataPut+12)^0,c
 12134   001C22  50F3               	movf	prodl,w,c
 12135   001C24  2623               	addwf	(??i2_RingBuf_DataPut+15)^0,f,c
 12136   001C26  C022  F006         	movff	??i2_RingBuf_DataPut+14,i2memcpy@n
 12137   001C2A  C023  F007         	movff	??i2_RingBuf_DataPut+15,i2memcpy@n+1
 12138   001C2E  EC64  F020         	call	i2_memcpy	;wreg free
 12139   001C32                     
 12140                           ;ringbuf.c: 85:     rb->head += len;
 12141   001C32  5013               	movf	i2RingBuf_DataPut@rb^0,w,c
 12142   001C34  6ED9               	movwf	fsr2l,c
 12143   001C36  6ADA               	clrf	fsr2h,c
 12144   001C38  0E04               	movlw	4
 12145   001C3A  26D9               	addwf	fsr2l,f,c
 12146   001C3C  5011               	movf	i2RingBuf_DataPut@len^0,w,c	;volatile
 12147   001C3E  26DE               	addwf	postinc2,f,c
 12148   001C40  5012               	movf	(i2RingBuf_DataPut@len+1)^0,w,c	;volatile
 12149   001C42  22DD               	addwfc	postdec2,f,c
 12150   001C44                     
 12151                           ;ringbuf.c: 86:     if (rb->head >= rb->size)
 12152   001C44  5013               	movf	i2RingBuf_DataPut@rb^0,w,c
 12153   001C46  6ED9               	movwf	fsr2l,c
 12154   001C48  6ADA               	clrf	fsr2h,c
 12155   001C4A  0E06               	movlw	6
 12156   001C4C  26D9               	addwf	fsr2l,f,c
 12157   001C4E  5013               	movf	i2RingBuf_DataPut@rb^0,w,c
 12158   001C50  6EE1               	movwf	fsr1l,c
 12159   001C52  6AE2               	clrf	fsr1h,c
 12160   001C54  0E04               	movlw	4
 12161   001C56  26E1               	addwf	fsr1l,f,c
 12162   001C58  50DE               	movf	postinc2,w,c
 12163   001C5A  5CE6               	subwf	postinc1,w,c
 12164   001C5C  50DE               	movf	postinc2,w,c
 12165   001C5E  58E6               	subwfb	postinc1,w,c
 12166   001C60  A0D8               	btfss	status,0,c
 12167   001C62  EF35  F00E         	goto	i2u442_41
 12168   001C66  EF37  F00E         	goto	i2u442_40
 12169   001C6A                     i2u442_41:
 12170   001C6A  EF49  F00E         	goto	i2l200
 12171   001C6E                     i2u442_40:
 12172   001C6E                     
 12173                           ;ringbuf.c: 87:         rb->head -= rb->size;
 12174   001C6E  5013               	movf	i2RingBuf_DataPut@rb^0,w,c
 12175   001C70  6ED9               	movwf	fsr2l,c
 12176   001C72  6ADA               	clrf	fsr2h,c
 12177   001C74  0E06               	movlw	6
 12178   001C76  26D9               	addwf	fsr2l,f,c
 12179   001C78  CFDE F014          	movff	postinc2,??i2_RingBuf_DataPut
 12180   001C7C  CFDD F015          	movff	postdec2,??i2_RingBuf_DataPut+1
 12181   001C80  5013               	movf	i2RingBuf_DataPut@rb^0,w,c
 12182   001C82  6ED9               	movwf	fsr2l,c
 12183   001C84  6ADA               	clrf	fsr2h,c
 12184   001C86  0E04               	movlw	4
 12185   001C88  26D9               	addwf	fsr2l,f,c
 12186   001C8A  5014               	movf	??i2_RingBuf_DataPut^0,w,c
 12187   001C8C  5EDE               	subwf	postinc2,f,c
 12188   001C8E  5015               	movf	(??i2_RingBuf_DataPut+1)^0,w,c
 12189   001C90  5ADD               	subwfb	postdec2,f,c
 12190   001C92                     i2l200:
 12191                           
 12192                           ;ringbuf.c: 90:     if((rb->size - avaldat) <= len_tmp) rb->tail = rb->head + 1;
 12193   001C92  5013               	movf	i2RingBuf_DataPut@rb^0,w,c
 12194   001C94  6ED9               	movwf	fsr2l,c
 12195   001C96  6ADA               	clrf	fsr2h,c
 12196   001C98  0E06               	movlw	6
 12197   001C9A  26D9               	addwf	fsr2l,f,c
 12198   001C9C  CFDE F014          	movff	postinc2,??i2_RingBuf_DataPut
 12199   001CA0  CFDD F015          	movff	postdec2,??i2_RingBuf_DataPut+1
 12200   001CA4  502A               	movf	i2RingBuf_DataPut@avaldat^0,w,c
 12201   001CA6  5E14               	subwf	??i2_RingBuf_DataPut^0,f,c
 12202   001CA8  502B               	movf	(i2RingBuf_DataPut@avaldat+1)^0,w,c
 12203   001CAA  5A15               	subwfb	(??i2_RingBuf_DataPut+1)^0,f,c
 12204   001CAC  5014               	movf	??i2_RingBuf_DataPut^0,w,c
 12205   001CAE  5C24               	subwf	i2RingBuf_DataPut@len_tmp^0,w,c
 12206   001CB0  5015               	movf	(??i2_RingBuf_DataPut+1)^0,w,c
 12207   001CB2  5825               	subwfb	(i2RingBuf_DataPut@len_tmp+1)^0,w,c
 12208   001CB4  A0D8               	btfss	status,0,c
 12209   001CB6  EF5F  F00E         	goto	i2u443_41
 12210   001CBA  EF61  F00E         	goto	i2u443_40
 12211   001CBE                     i2u443_41:
 12212   001CBE  EF77  F00E         	goto	i2l4868
 12213   001CC2                     i2u443_40:
 12214   001CC2  5013               	movf	i2RingBuf_DataPut@rb^0,w,c
 12215   001CC4  6ED9               	movwf	fsr2l,c
 12216   001CC6  6ADA               	clrf	fsr2h,c
 12217   001CC8  0E04               	movlw	4
 12218   001CCA  26D9               	addwf	fsr2l,f,c
 12219   001CCC  CFDE F014          	movff	postinc2,??i2_RingBuf_DataPut
 12220   001CD0  CFDD F015          	movff	postdec2,??i2_RingBuf_DataPut+1
 12221   001CD4  0E01               	movlw	1
 12222   001CD6  2614               	addwf	??i2_RingBuf_DataPut^0,f,c
 12223   001CD8  0E00               	movlw	0
 12224   001CDA  2215               	addwfc	(??i2_RingBuf_DataPut+1)^0,f,c
 12225   001CDC  5013               	movf	i2RingBuf_DataPut@rb^0,w,c
 12226   001CDE  6ED9               	movwf	fsr2l,c
 12227   001CE0  6ADA               	clrf	fsr2h,c
 12228   001CE2  0E02               	movlw	2
 12229   001CE4  26D9               	addwf	fsr2l,f,c
 12230   001CE6  C014  FFDE         	movff	??i2_RingBuf_DataPut,postinc2
 12231   001CEA  C015  FFDD         	movff	??i2_RingBuf_DataPut+1,postdec2
 12232   001CEE                     i2l4868:
 12233                           
 12234                           ;ringbuf.c: 92:     if (rb->tail >= rb->size)
 12235   001CEE  5013               	movf	i2RingBuf_DataPut@rb^0,w,c
 12236   001CF0  6ED9               	movwf	fsr2l,c
 12237   001CF2  6ADA               	clrf	fsr2h,c
 12238   001CF4  0E06               	movlw	6
 12239   001CF6  26D9               	addwf	fsr2l,f,c
 12240   001CF8  5013               	movf	i2RingBuf_DataPut@rb^0,w,c
 12241   001CFA  6EE1               	movwf	fsr1l,c
 12242   001CFC  6AE2               	clrf	fsr1h,c
 12243   001CFE  0E02               	movlw	2
 12244   001D00  26E1               	addwf	fsr1l,f,c
 12245   001D02  50DE               	movf	postinc2,w,c
 12246   001D04  5CE6               	subwf	postinc1,w,c
 12247   001D06  50DE               	movf	postinc2,w,c
 12248   001D08  58E6               	subwfb	postinc1,w,c
 12249   001D0A  A0D8               	btfss	status,0,c
 12250   001D0C  EF8A  F00E         	goto	i2u444_41
 12251   001D10  EF8C  F00E         	goto	i2u444_40
 12252   001D14                     i2u444_41:
 12253   001D14  EF93  F00E         	goto	i2l197
 12254   001D18                     i2u444_40:
 12255   001D18                     
 12256                           ;ringbuf.c: 93:         rb->tail = 0;
 12257   001D18  5013               	movf	i2RingBuf_DataPut@rb^0,w,c
 12258   001D1A  6ED9               	movwf	fsr2l,c
 12259   001D1C  6ADA               	clrf	fsr2h,c
 12260   001D1E  0E02               	movlw	2
 12261   001D20  26D9               	addwf	fsr2l,f,c
 12262   001D22  6ADE               	clrf	postinc2,c
 12263   001D24  6ADD               	clrf	postdec2,c
 12264   001D26                     i2l197:
 12265   001D26  0012               	return		;funcret
 12266   001D28                     __end_ofi2_RingBuf_DataPut:
 12267                           	callstack 0
 12268                           
 12269 ;; *************** function i2_memcpy *****************
 12270 ;; Defined at:
 12271 ;;		line 4 in file "C:\Program Files\Microchip\xc8\v4.00\pic\sources\c99\common\memcpy.c"
 12272 ;; Parameters:    Size  Location     Type
 12273 ;;  d1              2    0[COMRAM] PTR void 
 12274 ;;		 -> i2TXbyte_cbk@byte(1), dbio_putstring@byte(1), TXbuf(200), RXbuf(200), 
 12275 ;;		 -> TXbyte_cbk@byte(1), main@strrx(100), 
 12276 ;;  s1              2    2[COMRAM] PTR const void 
 12277 ;;		 -> i2RXbyte_cbk@byte(1), TXbuf(200), RXbuf(200), RXbyte_cbk@byte(1), 
 12278 ;;		 -> main@strtx(100), 
 12279 ;;  n               2    4[COMRAM] unsigned int 
 12280 ;; Auto vars:     Size  Location     Type
 12281 ;;  s               2    8[COMRAM] PTR const unsigned char 
 12282 ;;		 -> i2RXbyte_cbk@byte(1), TXbuf(200), RXbuf(200), RXbyte_cbk@byte(1), 
 12283 ;;		 -> main@strtx(100), 
 12284 ;;  d               2    6[COMRAM] PTR unsigned char 
 12285 ;;		 -> i2TXbyte_cbk@byte(1), dbio_putstring@byte(1), TXbuf(200), RXbuf(200), 
 12286 ;;		 -> TXbyte_cbk@byte(1), main@strrx(100), 
 12287 ;;  tmp             1   10[COMRAM] unsigned char 
 12288 ;; Return value:  Size  Location     Type
 12289 ;;                  2    0[COMRAM] PTR void 
 12290 ;; Registers used:
 12291 ;;		wreg, fsr2l, fsr2h, status,2, status,0
 12292 ;; Tracked objects:
 12293 ;;		On entry : 0/0
 12294 ;;		On exit  : 0/0
 12295 ;;		Unchanged: 0/0
 12296 ;; Data sizes:     COMRAM   BANK0   BANK1   BANK2   BANK3   BANK4   BANK5   BANK6   BANK7   BANK8   BANK9  BANK10  BANK1
      +1  BANK12  BANK13  BANK14
 12297 ;;      Params:         6       0       0       0       0       0       0       0       0       0       0       0       
      +0       0       0       0
 12298 ;;      Locals:         5       0       0       0       0       0       0       0       0       0       0       0       
      +0       0       0       0
 12299 ;;      Temps:          0       0       0       0       0       0       0       0       0       0       0       0       
      +0       0       0       0
 12300 ;;      Totals:        11       0       0       0       0       0       0       0       0       0       0       0       
      +0       0       0       0
 12301 ;;Total ram usage:       11 bytes
 12302 ;; Hardware stack levels used: 1
 12303 ;; This function calls:
 12304 ;;		Nothing
 12305 ;; This function is called by:
 12306 ;;		i2_RingBuf_DataPut
 12307 ;;		i2_RingBuf_DataWatch
 12308 ;; This function uses a non-reentrant model
 12309 ;;
 12310                           
 12311                           	psect	text57
 12312   0040C8                     __ptext57:
 12313                           	callstack 0
 12314   0040C8                     i2_memcpy:
 12315                           	callstack 13
 12316   0040C8  C004  F00A         	movff	i2memcpy@s1,i2memcpy@s
 12317   0040CC  C005  F00B         	movff	i2memcpy@s1+1,i2memcpy@s+1
 12318   0040D0  C002  F008         	movff	i2memcpy@d1,i2memcpy@d
 12319   0040D4  C003  F009         	movff	i2memcpy@d1+1,i2memcpy@d+1
 12320   0040D8  EF7E  F020         	goto	i2l2980
 12321   0040DC                     i2l2972:
 12322   0040DC  C00A  FFD9         	movff	i2memcpy@s,fsr2l
 12323   0040E0  C00B  FFDA         	movff	i2memcpy@s+1,fsr2h
 12324   0040E4  50DF               	movf	indf2,w,c
 12325   0040E6  6E0C               	movwf	i2memcpy@tmp^0,c
 12326   0040E8  4A0A               	infsnz	i2memcpy@s^0,f,c
 12327   0040EA  2A0B               	incf	(i2memcpy@s+1)^0,f,c
 12328   0040EC  C008  FFD9         	movff	i2memcpy@d,fsr2l
 12329   0040F0  C009  FFDA         	movff	i2memcpy@d+1,fsr2h
 12330   0040F4  C00C  FFDF         	movff	i2memcpy@tmp,indf2
 12331   0040F8  4A08               	infsnz	i2memcpy@d^0,f,c
 12332   0040FA  2A09               	incf	(i2memcpy@d+1)^0,f,c
 12333   0040FC                     i2l2980:
 12334   0040FC  0606               	decf	i2memcpy@n^0,f,c
 12335   0040FE  A0D8               	btfss	status,0,c
 12336   004100  0607               	decf	(i2memcpy@n+1)^0,f,c
 12337   004102  2806               	incf	i2memcpy@n^0,w,c
 12338   004104  E106               	bnz	i2u218_41
 12339   004106  2807               	incf	(i2memcpy@n+1)^0,w,c
 12340   004108  A4D8               	btfss	status,2,c
 12341   00410A  EF89  F020         	goto	i2u218_41
 12342   00410E  EF8B  F020         	goto	i2u218_40
 12343   004112                     i2u218_41:
 12344   004112  EF6E  F020         	goto	i2l2972
 12345   004116                     i2u218_40:
 12346   004116  0012               	return		;funcret
 12347   004118                     __end_ofi2_memcpy:
 12348                           	callstack 0
 12349                           
 12350 ;; *************** function i2_RingBuf_Available *****************
 12351 ;; Defined at:
 12352 ;;		line 40 in file "ringbuf.c"
 12353 ;; Parameters:    Size  Location     Type
 12354 ;;  len             2    0[COMRAM] PTR unsigned short 
 12355 ;;		 -> i2TXbyte_cbk@buf_len(2), i2RingBuf_DataWatch@aval_len(2), i2RingBuf_DataRead@aval_len(2), i2RingBuf_DataPut@aval
      +dat(2), 
 12356 ;;		 -> dbio_putstring@buf_len(2), dbio_getstring@buf_len(2), TXbyte_cbk@buf_len(2), RingBuf_DataWatch@aval_len(2), 
 12357 ;;		 -> RingBuf_DataRead@aval_len(2), RingBuf_DataPut@avaldat(2), 
 12358 ;;  rb              1    2[COMRAM] PTR volatile struct RING
 12359 ;;		 -> RXringbuf(10), TXringbuf(10), 
 12360 ;; Auto vars:     Size  Location     Type
 12361 ;;		None
 12362 ;; Return value:  Size  Location     Type
 12363 ;;                  1    wreg      enum E691
 12364 ;; Registers used:
 12365 ;;		wreg, fsr1l, fsr1h, fsr2l, fsr2h, status,2, status,0
 12366 ;; Tracked objects:
 12367 ;;		On entry : 0/0
 12368 ;;		On exit  : 0/0
 12369 ;;		Unchanged: 0/0
 12370 ;; Data sizes:     COMRAM   BANK0   BANK1   BANK2   BANK3   BANK4   BANK5   BANK6   BANK7   BANK8   BANK9  BANK10  BANK1
      +1  BANK12  BANK13  BANK14
 12371 ;;      Params:         3       0       0       0       0       0       0       0       0       0       0       0       
      +0       0       0       0
 12372 ;;      Locals:         0       0       0       0       0       0       0       0       0       0       0       0       
      +0       0       0       0
 12373 ;;      Temps:         10       0       0       0       0       0       0       0       0       0       0       0       
      +0       0       0       0
 12374 ;;      Totals:        13       0       0       0       0       0       0       0       0       0       0       0       
      +0       0       0       0
 12375 ;;Total ram usage:       13 bytes
 12376 ;; Hardware stack levels used: 1
 12377 ;; This function calls:
 12378 ;;		Nothing
 12379 ;; This function is called by:
 12380 ;;		i2_RingBuf_DataPut
 12381 ;;		i2_RingBuf_DataRead
 12382 ;;		i2_RingBuf_DataWatch
 12383 ;;		i2_TXbyte_cbk
 12384 ;; This function uses a non-reentrant model
 12385 ;;
 12386                           
 12387                           	psect	text58
 12388   002FF2                     __ptext58:
 12389                           	callstack 0
 12390   002FF2                     i2_RingBuf_Available:
 12391                           	callstack 13
 12392   002FF2                     
 12393                           ;ringbuf.c: 41:     if (rb->buf == ((void*)0)) return RINGBUF_PARAM_ERR;
 12394   002FF2  5004               	movf	i2RingBuf_Available@rb^0,w,c
 12395   002FF4  6ED9               	movwf	fsr2l,c
 12396   002FF6  6ADA               	clrf	fsr2h,c
 12397   002FF8  50DE               	movf	postinc2,w,c
 12398   002FFA  10DE               	iorwf	postinc2,w,c
 12399   002FFC  A4D8               	btfss	status,2,c
 12400   002FFE  EF03  F018         	goto	i2u380_41
 12401   003002  EF05  F018         	goto	i2u380_40
 12402   003006                     i2u380_41:
 12403   003006  EF07  F018         	goto	i2l4312
 12404   00300A                     i2u380_40:
 12405   00300A  EF6D  F018         	goto	i2l191
 12406   00300E                     i2l4312:
 12407                           
 12408                           ;ringbuf.c: 42:     if (rb->head < rb->tail)
 12409   00300E  5004               	movf	i2RingBuf_Available@rb^0,w,c
 12410   003010  6ED9               	movwf	fsr2l,c
 12411   003012  6ADA               	clrf	fsr2h,c
 12412   003014  0E02               	movlw	2
 12413   003016  26D9               	addwf	fsr2l,f,c
 12414   003018  5004               	movf	i2RingBuf_Available@rb^0,w,c
 12415   00301A  6EE1               	movwf	fsr1l,c
 12416   00301C  6AE2               	clrf	fsr1h,c
 12417   00301E  0E04               	movlw	4
 12418   003020  26E1               	addwf	fsr1l,f,c
 12419   003022  50DE               	movf	postinc2,w,c
 12420   003024  5CE6               	subwf	postinc1,w,c
 12421   003026  50DE               	movf	postinc2,w,c
 12422   003028  58E6               	subwfb	postinc1,w,c
 12423   00302A  B0D8               	btfsc	status,0,c
 12424   00302C  EF1A  F018         	goto	i2u381_41
 12425   003030  EF1C  F018         	goto	i2u381_40
 12426   003034                     i2u381_41:
 12427   003034  EF4D  F018         	goto	i2l4316
 12428   003038                     i2u381_40:
 12429   003038                     
 12430                           ;ringbuf.c: 43:         *len = rb->size - rb->tail + rb->head;
 12431   003038  5004               	movf	i2RingBuf_Available@rb^0,w,c
 12432   00303A  6ED9               	movwf	fsr2l,c
 12433   00303C  6ADA               	clrf	fsr2h,c
 12434   00303E  0E04               	movlw	4
 12435   003040  26D9               	addwf	fsr2l,f,c
 12436   003042  CFDE F005          	movff	postinc2,??i2_RingBuf_Available
 12437   003046  CFDD F006          	movff	postdec2,??i2_RingBuf_Available+1
 12438   00304A  5004               	movf	i2RingBuf_Available@rb^0,w,c
 12439   00304C  6ED9               	movwf	fsr2l,c
 12440   00304E  6ADA               	clrf	fsr2h,c
 12441   003050  0E02               	movlw	2
 12442   003052  26D9               	addwf	fsr2l,f,c
 12443   003054  CFDE F007          	movff	postinc2,??i2_RingBuf_Available+2
 12444   003058  CFDD F008          	movff	postdec2,??i2_RingBuf_Available+3
 12445   00305C  5004               	movf	i2RingBuf_Available@rb^0,w,c
 12446   00305E  6ED9               	movwf	fsr2l,c
 12447   003060  6ADA               	clrf	fsr2h,c
 12448   003062  0E06               	movlw	6
 12449   003064  26D9               	addwf	fsr2l,f,c
 12450   003066  CFDE F009          	movff	postinc2,??i2_RingBuf_Available+4
 12451   00306A  CFDD F00A          	movff	postdec2,??i2_RingBuf_Available+5
 12452   00306E  5007               	movf	(??i2_RingBuf_Available+2)^0,w,c
 12453   003070  5C09               	subwf	(??i2_RingBuf_Available+4)^0,w,c
 12454   003072  6E0B               	movwf	(??i2_RingBuf_Available+6)^0,c
 12455   003074  5008               	movf	(??i2_RingBuf_Available+3)^0,w,c
 12456   003076  580A               	subwfb	(??i2_RingBuf_Available+5)^0,w,c
 12457   003078  6E0C               	movwf	(??i2_RingBuf_Available+7)^0,c
 12458   00307A  5005               	movf	??i2_RingBuf_Available^0,w,c
 12459   00307C  240B               	addwf	(??i2_RingBuf_Available+6)^0,w,c
 12460   00307E  6E0D               	movwf	(??i2_RingBuf_Available+8)^0,c
 12461   003080  5006               	movf	(??i2_RingBuf_Available+1)^0,w,c
 12462   003082  200C               	addwfc	(??i2_RingBuf_Available+7)^0,w,c
 12463   003084  6E0E               	movwf	(??i2_RingBuf_Available+9)^0,c
 12464   003086  C002  FFD9         	movff	i2RingBuf_Available@len,fsr2l
 12465   00308A  C003  FFDA         	movff	i2RingBuf_Available@len+1,fsr2h
 12466   00308E  C00D  FFDE         	movff	??i2_RingBuf_Available+8,postinc2
 12467   003092  C00E  FFDD         	movff	??i2_RingBuf_Available+9,postdec2
 12468   003096  EF6D  F018         	goto	i2l191
 12469   00309A                     i2l4316:
 12470                           
 12471                           ;ringbuf.c: 45:         *len = rb->head - rb->tail;
 12472   00309A  5004               	movf	i2RingBuf_Available@rb^0,w,c
 12473   00309C  6ED9               	movwf	fsr2l,c
 12474   00309E  6ADA               	clrf	fsr2h,c
 12475   0030A0  0E02               	movlw	2
 12476   0030A2  26D9               	addwf	fsr2l,f,c
 12477   0030A4  CFDE F005          	movff	postinc2,??i2_RingBuf_Available
 12478   0030A8  CFDD F006          	movff	postdec2,??i2_RingBuf_Available+1
 12479   0030AC  5004               	movf	i2RingBuf_Available@rb^0,w,c
 12480   0030AE  6ED9               	movwf	fsr2l,c
 12481   0030B0  6ADA               	clrf	fsr2h,c
 12482   0030B2  0E04               	movlw	4
 12483   0030B4  26D9               	addwf	fsr2l,f,c
 12484   0030B6  CFDE F007          	movff	postinc2,??i2_RingBuf_Available+2
 12485   0030BA  CFDD F008          	movff	postdec2,??i2_RingBuf_Available+3
 12486   0030BE  5005               	movf	??i2_RingBuf_Available^0,w,c
 12487   0030C0  5C07               	subwf	(??i2_RingBuf_Available+2)^0,w,c
 12488   0030C2  6E09               	movwf	(??i2_RingBuf_Available+4)^0,c
 12489   0030C4  5006               	movf	(??i2_RingBuf_Available+1)^0,w,c
 12490   0030C6  5808               	subwfb	(??i2_RingBuf_Available+3)^0,w,c
 12491   0030C8  6E0A               	movwf	(??i2_RingBuf_Available+5)^0,c
 12492   0030CA  C002  FFD9         	movff	i2RingBuf_Available@len,fsr2l
 12493   0030CE  C003  FFDA         	movff	i2RingBuf_Available@len+1,fsr2h
 12494   0030D2  C009  FFDE         	movff	??i2_RingBuf_Available+4,postinc2
 12495   0030D6  C00A  FFDD         	movff	??i2_RingBuf_Available+5,postdec2
 12496   0030DA                     i2l191:
 12497   0030DA  0012               	return		;funcret
 12498   0030DC                     __end_ofi2_RingBuf_Available:
 12499                           	callstack 0
 12500                           
 12501 ;; *************** function _ADC_ms_cbk *****************
 12502 ;; Defined at:
 12503 ;;		line 25 in file "ADC.c"
 12504 ;; Parameters:    Size  Location     Type
 12505 ;;		None
 12506 ;; Auto vars:     Size  Location     Type
 12507 ;;		None
 12508 ;; Return value:  Size  Location     Type
 12509 ;;                  1    wreg      void 
 12510 ;; Registers used:
 12511 ;;		wreg, fsr2l, fsr2h, status,2, status,0
 12512 ;; Tracked objects:
 12513 ;;		On entry : 0/0
 12514 ;;		On exit  : 0/0
 12515 ;;		Unchanged: 0/0
 12516 ;; Data sizes:     COMRAM   BANK0   BANK1   BANK2   BANK3   BANK4   BANK5   BANK6   BANK7   BANK8   BANK9  BANK10  BANK1
      +1  BANK12  BANK13  BANK14
 12517 ;;      Params:         0       0       0       0       0       0       0       0       0       0       0       0       
      +0       0       0       0
 12518 ;;      Locals:         0       0       0       0       0       0       0       0       0       0       0       0       
      +0       0       0       0
 12519 ;;      Temps:          1       0       0       0       0       0       0       0       0       0       0       0       
      +0       0       0       0
 12520 ;;      Totals:         1       0       0       0       0       0       0       0       0       0       0       0       
      +0       0       0       0
 12521 ;;Total ram usage:        1 bytes
 12522 ;; Hardware stack levels used: 1
 12523 ;; This function calls:
 12524 ;;		Nothing
 12525 ;; This function is called by:
 12526 ;;		_ADC_init
 12527 ;;		_HighInterrupts_handler
 12528 ;; This function uses a non-reentrant model
 12529 ;;
 12530                           
 12531                           	psect	text59
 12532   004342                     __ptext59:
 12533                           	callstack 0
 12534   004342                     _ADC_ms_cbk:
 12535                           	callstack 16
 12536   004342                     
 12537                           ;ADC.c: 27:   if(ChanIndx == 0)
 12538   004342  5053               	movf	_ChanIndx^0,w,c
 12539   004344  1054               	iorwf	(_ChanIndx+1)^0,w,c
 12540   004346  A4D8               	btfss	status,2,c
 12541   004348  EFA8  F021         	goto	i2u312_41
 12542   00434C  EFAA  F021         	goto	i2u312_40
 12543   004350                     i2u312_41:
 12544   004350  EFBA  F021         	goto	i2l389
 12545   004354                     i2u312_40:
 12546   004354                     
 12547                           ;ADC.c: 28:   {;ADC.c: 29:     ADCON0bits.CHS = ChanNum[ChanIndx];
 12548   004354  5053               	movf	_ChanIndx^0,w,c
 12549   004356  0FCF               	addlw	low _ChanNum
 12550   004358  6ED9               	movwf	fsr2l,c
 12551   00435A  6ADA               	clrf	fsr2h,c
 12552   00435C  50DF               	movf	indf2,w,c
 12553   00435E  6E02               	movwf	??_ADC_ms_cbk^0,c
 12554   004360  4602               	rlncf	??_ADC_ms_cbk^0,f,c
 12555   004362  4602               	rlncf	??_ADC_ms_cbk^0,f,c
 12556   004364  50C2               	movf	194,w,c	;volatile
 12557   004366  1802               	xorwf	??_ADC_ms_cbk^0,w,c
 12558   004368  0BC3               	andlw	-61
 12559   00436A  1802               	xorwf	??_ADC_ms_cbk^0,w,c
 12560   00436C  6EC2               	movwf	194,c	;volatile
 12561   00436E                     
 12562                           ;ADC.c: 30:     ADIF = 0;
 12563   00436E  9C9E               	bcf	3998,6,c	;volatile
 12564   004370                     
 12565                           ;ADC.c: 31:     ADIE = 1;
 12566   004370  8C9D               	bsf	3997,6,c	;volatile
 12567   004372                     
 12568                           ;ADC.c: 32:     ADCON0bits.GODONE = 1;
 12569   004372  82C2               	bsf	194,1,c	;volatile
 12570   004374                     i2l389:
 12571   004374  0012               	return		;funcret
 12572   004376                     __end_of_ADC_ms_cbk:
 12573                           	callstack 0
 12574                           
 12575 ;; *************** function _blinky *****************
 12576 ;; Defined at:
 12577 ;;		line 9 in file "main.c"
 12578 ;; Parameters:    Size  Location     Type
 12579 ;;		None
 12580 ;; Auto vars:     Size  Location     Type
 12581 ;;		None
 12582 ;; Return value:  Size  Location     Type
 12583 ;;                  1    wreg      void 
 12584 ;; Registers used:
 12585 ;;		wreg, status,2, status,0, cstack
 12586 ;; Tracked objects:
 12587 ;;		On entry : 0/0
 12588 ;;		On exit  : 0/0
 12589 ;;		Unchanged: 0/0
 12590 ;; Data sizes:     COMRAM   BANK0   BANK1   BANK2   BANK3   BANK4   BANK5   BANK6   BANK7   BANK8   BANK9  BANK10  BANK1
      +1  BANK12  BANK13  BANK14
 12591 ;;      Params:         0       0       0       0       0       0       0       0       0       0       0       0       
      +0       0       0       0
 12592 ;;      Locals:         0       0       0       0       0       0       0       0       0       0       0       0       
      +0       0       0       0
 12593 ;;      Temps:          4       0       0       0       0       0       0       0       0       0       0       0       
      +0       0       0       0
 12594 ;;      Totals:         4       0       0       0       0       0       0       0       0       0       0       0       
      +0       0       0       0
 12595 ;;Total ram usage:        4 bytes
 12596 ;; Hardware stack levels used: 1
 12597 ;; Hardware stack levels required when called: 1
 12598 ;; This function calls:
 12599 ;;		i2_get_ms
 12600 ;; This function is called by:
 12601 ;;		_main
 12602 ;;		_HighInterrupts_handler
 12603 ;; This function uses a non-reentrant model
 12604 ;;
 12605                           
 12606                           	psect	text60
 12607   003B94                     __ptext60:
 12608                           	callstack 0
 12609   003B94                     _blinky:
 12610                           	callstack 15
 12611   003B94                     
 12612                           ;main.c: 11:   static uint32_t time;;main.c: 12:   if(get_ms() - time > 10)
 12613   003B94  EC8B  F01E         	call	i2_get_ms	;wreg free
 12614   003B98  504F               	movf	blinky@time^0,w,c
 12615   003B9A  5C02               	subwf	?i2_get_ms^0,w,c
 12616   003B9C  6E0E               	movwf	??_blinky^0,c
 12617   003B9E  5050               	movf	(blinky@time+1)^0,w,c
 12618   003BA0  5803               	subwfb	(?i2_get_ms+1)^0,w,c
 12619   003BA2  6E0F               	movwf	(??_blinky+1)^0,c
 12620   003BA4  5051               	movf	(blinky@time+2)^0,w,c
 12621   003BA6  5804               	subwfb	(?i2_get_ms+2)^0,w,c
 12622   003BA8  6E10               	movwf	(??_blinky+2)^0,c
 12623   003BAA  5052               	movf	(blinky@time+3)^0,w,c
 12624   003BAC  5805               	subwfb	(?i2_get_ms+3)^0,w,c
 12625   003BAE  6E11               	movwf	(??_blinky+3)^0,c
 12626   003BB0  5011               	movf	(??_blinky+3)^0,w,c
 12627   003BB2  1010               	iorwf	(??_blinky+2)^0,w,c
 12628   003BB4  100F               	iorwf	(??_blinky+1)^0,w,c
 12629   003BB6  E109               	bnz	i2u291_40
 12630   003BB8  0E0B               	movlw	11
 12631   003BBA  5C0E               	subwf	??_blinky^0,w,c
 12632   003BBC  A0D8               	btfss	status,0,c
 12633   003BBE  EFE3  F01D         	goto	i2u291_41
 12634   003BC2  EFE5  F01D         	goto	i2u291_40
 12635   003BC6                     i2u291_41:
 12636   003BC6  EF0D  F01E         	goto	i2l41
 12637   003BCA                     i2u291_40:
 12638   003BCA                     
 12639                           ;main.c: 13:   {;main.c: 14:     LATDbits.LATD4 = 0;
 12640   003BCA  988C               	bcf	140,4,c	;volatile
 12641   003BCC                     
 12642                           ;main.c: 15:     if(get_ms() - time > 1000)
 12643   003BCC  EC8B  F01E         	call	i2_get_ms	;wreg free
 12644   003BD0  504F               	movf	blinky@time^0,w,c
 12645   003BD2  5C02               	subwf	?i2_get_ms^0,w,c
 12646   003BD4  6E0E               	movwf	??_blinky^0,c
 12647   003BD6  5050               	movf	(blinky@time+1)^0,w,c
 12648   003BD8  5803               	subwfb	(?i2_get_ms+1)^0,w,c
 12649   003BDA  6E0F               	movwf	(??_blinky+1)^0,c
 12650   003BDC  5051               	movf	(blinky@time+2)^0,w,c
 12651   003BDE  5804               	subwfb	(?i2_get_ms+2)^0,w,c
 12652   003BE0  6E10               	movwf	(??_blinky+2)^0,c
 12653   003BE2  5052               	movf	(blinky@time+3)^0,w,c
 12654   003BE4  5805               	subwfb	(?i2_get_ms+3)^0,w,c
 12655   003BE6  6E11               	movwf	(??_blinky+3)^0,c
 12656   003BE8  5011               	movf	(??_blinky+3)^0,w,c
 12657   003BEA  1010               	iorwf	(??_blinky+2)^0,w,c
 12658   003BEC  E10B               	bnz	i2u292_40
 12659   003BEE  0EE9               	movlw	233
 12660   003BF0  5C0E               	subwf	??_blinky^0,w,c
 12661   003BF2  0E03               	movlw	3
 12662   003BF4  580F               	subwfb	(??_blinky+1)^0,w,c
 12663   003BF6  A0D8               	btfss	status,0,c
 12664   003BF8  EF00  F01E         	goto	i2u292_41
 12665   003BFC  EF02  F01E         	goto	i2u292_40
 12666   003C00                     i2u292_41:
 12667   003C00  EF0D  F01E         	goto	i2l41
 12668   003C04                     i2u292_40:
 12669   003C04                     
 12670                           ;main.c: 16:     {;main.c: 17:       LATDbits.LATD4 = 1;
 12671   003C04  888C               	bsf	140,4,c	;volatile
 12672   003C06                     
 12673                           ;main.c: 18:       time = get_ms();
 12674   003C06  EC8B  F01E         	call	i2_get_ms	;wreg free
 12675   003C0A  C002  F04F         	movff	?i2_get_ms,blinky@time
 12676   003C0E  C003  F050         	movff	?i2_get_ms+1,blinky@time+1
 12677   003C12  C004  F051         	movff	?i2_get_ms+2,blinky@time+2
 12678   003C16  C005  F052         	movff	?i2_get_ms+3,blinky@time+3
 12679   003C1A                     i2l41:
 12680   003C1A  0012               	return		;funcret
 12681   003C1C                     __end_of_blinky:
 12682                           	callstack 0
 12683                           
 12684 ;; *************** function i2_get_ms *****************
 12685 ;; Defined at:
 12686 ;;		line 122 in file "system.c"
 12687 ;; Parameters:    Size  Location     Type
 12688 ;;		None
 12689 ;; Auto vars:     Size  Location     Type
 12690 ;;  retval_2        4    8[COMRAM] unsigned long 
 12691 ;;  retval_1        4    4[COMRAM] unsigned long 
 12692 ;; Return value:  Size  Location     Type
 12693 ;;                  4    0[COMRAM] unsigned long 
 12694 ;; Registers used:
 12695 ;;		wreg, status,2, status,0
 12696 ;; Tracked objects:
 12697 ;;		On entry : 0/0
 12698 ;;		On exit  : 0/0
 12699 ;;		Unchanged: 0/0
 12700 ;; Data sizes:     COMRAM   BANK0   BANK1   BANK2   BANK3   BANK4   BANK5   BANK6   BANK7   BANK8   BANK9  BANK10  BANK1
      +1  BANK12  BANK13  BANK14
 12701 ;;      Params:         4       0       0       0       0       0       0       0       0       0       0       0       
      +0       0       0       0
 12702 ;;      Locals:         8       0       0       0       0       0       0       0       0       0       0       0       
      +0       0       0       0
 12703 ;;      Temps:          0       0       0       0       0       0       0       0       0       0       0       0       
      +0       0       0       0
 12704 ;;      Totals:        12       0       0       0       0       0       0       0       0       0       0       0       
      +0       0       0       0
 12705 ;;Total ram usage:       12 bytes
 12706 ;; Hardware stack levels used: 1
 12707 ;; This function calls:
 12708 ;;		Nothing
 12709 ;; This function is called by:
 12710 ;;		_blinky
 12711 ;; This function uses a non-reentrant model
 12712 ;;
 12713                           
 12714                           	psect	text61
 12715   003D16                     __ptext61:
 12716                           	callstack 0
 12717   003D16                     i2_get_ms:
 12718                           	callstack 15
 12719   003D16                     
 12720                           ;system.c: 124:   uint32_t retval_1 = timestamp;
 12721   003D16  C04B  F006         	movff	_timestamp,i2get_ms@retval_1	;volatile
 12722   003D1A  C04C  F007         	movff	_timestamp+1,i2get_ms@retval_1+1	;volatile
 12723   003D1E  C04D  F008         	movff	_timestamp+2,i2get_ms@retval_1+2	;volatile
 12724   003D22  C04E  F009         	movff	_timestamp+3,i2get_ms@retval_1+3	;volatile
 12725                           
 12726                           ;system.c: 125:   uint32_t retval_2 = timestamp;
 12727   003D26  C04B  F00A         	movff	_timestamp,i2get_ms@retval_2	;volatile
 12728   003D2A  C04C  F00B         	movff	_timestamp+1,i2get_ms@retval_2+1	;volatile
 12729   003D2E  C04D  F00C         	movff	_timestamp+2,i2get_ms@retval_2+2	;volatile
 12730   003D32  C04E  F00D         	movff	_timestamp+3,i2get_ms@retval_2+3	;volatile
 12731                           
 12732                           ;system.c: 126:   while(retval_1 != retval_2) {
 12733   003D36  EFAD  F01E         	goto	i2l3448
 12734   003D3A                     i2l161:
 12735                           
 12736                           ;system.c: 127:     retval_1 = retval_2;
 12737   003D3A  C00A  F006         	movff	i2get_ms@retval_2,i2get_ms@retval_1
 12738   003D3E  C00B  F007         	movff	i2get_ms@retval_2+1,i2get_ms@retval_1+1
 12739   003D42  C00C  F008         	movff	i2get_ms@retval_2+2,i2get_ms@retval_1+2
 12740   003D46  C00D  F009         	movff	i2get_ms@retval_2+3,i2get_ms@retval_1+3
 12741                           
 12742                           ;system.c: 128:     retval_2 = timestamp;
 12743   003D4A  C04B  F00A         	movff	_timestamp,i2get_ms@retval_2	;volatile
 12744   003D4E  C04C  F00B         	movff	_timestamp+1,i2get_ms@retval_2+1	;volatile
 12745   003D52  C04D  F00C         	movff	_timestamp+2,i2get_ms@retval_2+2	;volatile
 12746   003D56  C04E  F00D         	movff	_timestamp+3,i2get_ms@retval_2+3	;volatile
 12747   003D5A                     i2l3448:
 12748                           
 12749                           ;system.c: 126:   while(retval_1 != retval_2) {
 12750   003D5A  500A               	movf	i2get_ms@retval_2^0,w,c
 12751   003D5C  1806               	xorwf	i2get_ms@retval_1^0,w,c
 12752   003D5E  E10D               	bnz	i2u270_41
 12753   003D60  500B               	movf	(i2get_ms@retval_2+1)^0,w,c
 12754   003D62  1807               	xorwf	(i2get_ms@retval_1+1)^0,w,c
 12755   003D64  E10A               	bnz	i2u270_41
 12756   003D66  500C               	movf	(i2get_ms@retval_2+2)^0,w,c
 12757   003D68  1808               	xorwf	(i2get_ms@retval_1+2)^0,w,c
 12758   003D6A  E107               	bnz	i2u270_41
 12759   003D6C  500D               	movf	(i2get_ms@retval_2+3)^0,w,c
 12760   003D6E  1809               	xorwf	(i2get_ms@retval_1+3)^0,w,c
 12761   003D70  A4D8               	btfss	status,2,c
 12762   003D72  EFBD  F01E         	goto	i2u270_41
 12763   003D76  EFBF  F01E         	goto	i2u270_40
 12764   003D7A                     i2u270_41:
 12765   003D7A  EF9D  F01E         	goto	i2l161
 12766   003D7E                     i2u270_40:
 12767   003D7E                     
 12768                           ;system.c: 130:   return retval_2;
 12769   003D7E  C00A  F002         	movff	i2get_ms@retval_2,?i2_get_ms
 12770   003D82  C00B  F003         	movff	i2get_ms@retval_2+1,?i2_get_ms+1
 12771   003D86  C00C  F004         	movff	i2get_ms@retval_2+2,?i2_get_ms+2
 12772   003D8A  C00D  F005         	movff	i2get_ms@retval_2+3,?i2_get_ms+3
 12773   003D8E  0012               	return		;funcret
 12774   003D90                     __end_ofi2_get_ms:
 12775                           	callstack 0
 12776                           
 12777                           	psect	rparam
 12778   000001                     ___rparam_used  equ	1
 12779   000000                     ___param_bank   equ	0
 12780   000000                     __Lparam        equ	__Lrparam
 12781   000000                     __Hparam        equ	__Hrparam
 12782   000001                     btemp           set	1	;btemp
 12783   000001                     int$flags       set	1
 12784   000001                     btemp0          set	1
 12785   000002                     btemp1          set	2
 12786                           
 12787                           	psect	config
 12788                           
 12789                           ;Config register CONFIG1L @ 0xFFF8
 12790                           ;	Watchdog Timer
 12791                           ;	WDTEN = OFF, Disabled - Controlled by SWDTEN bit
 12792                           ;	PLL Prescaler Selection bits
 12793                           ;	PLLDIV = 1, No prescale (4 MHz oscillator input drives PLL directly)
 12794                           ;	Stack Overflow/Underflow Reset
 12795                           ;	STVREN = ON, Enabled
 12796                           ;	Extended Instruction Set
 12797                           ;	XINST = OFF, Disabled
 12798                           ;	Background Debug
 12799                           ;	DEBUG = 0x1, unprogrammed default
 12800   00FFF8                     	org	65528
 12801   00FFF8  AE                 	db	174
 12802                           
 12803                           ;Config register CONFIG1H @ 0xFFF9
 12804                           ;	CPU System Clock Postscaler
 12805                           ;	CPUDIV = OSC1, No CPU system clock divide
 12806                           ;	Code Protect
 12807                           ;	CP0 = OFF, Program memory is not code-protected
 12808   00FFF9                     	org	65529
 12809   00FFF9  F7                 	db	247
 12810                           
 12811                           ;Config register CONFIG2L @ 0xFFFA
 12812                           ;	Oscillator
 12813                           ;	OSC = HSPLL, HS+PLL, USB-HS+PLL
 12814                           ;	T1OSCEN Enforcement
 12815                           ;	T1DIG = ON, Secondary Oscillator clock source may be selected
 12816                           ;	Low-Power Timer1 Oscillator
 12817                           ;	LPT1OSC = ON, Low-power operation
 12818                           ;	Fail-Safe Clock Monitor
 12819                           ;	FCMEN = ON, Enabled
 12820                           ;	Internal External Oscillator Switch Over Mode
 12821                           ;	IESO = OFF, Disabled
 12822   00FFFA                     	org	65530
 12823   00FFFA  4D                 	db	77
 12824                           
 12825                           ;Config register CONFIG2H @ 0xFFFB
 12826                           ;	Watchdog Postscaler
 12827                           ;	WDTPS = 32768, 1:32768
 12828   00FFFB                     	org	65531
 12829   00FFFB  FF                 	db	255
 12830                           
 12831                           ;Config register CONFIG3L @ 0xFFFC
 12832                           ;	DSWDT Clock Select
 12833                           ;	DSWDTOSC = INTOSCREF, DSWDT uses INTRC
 12834                           ;	RTCC Clock Select
 12835                           ;	RTCOSC = T1OSCREF, RTCC uses T1OSC/T1CKI
 12836                           ;	Deep Sleep BOR
 12837                           ;	DSBOREN = OFF, Disabled
 12838                           ;	Deep Sleep Watchdog Timer
 12839                           ;	DSWDTEN = OFF, Disabled
 12840                           ;	Deep Sleep Watchdog Postscaler
 12841                           ;	DSWDTPS = G2, 1:2,147,483,648 (25.7 days)
 12842   00FFFC                     	org	65532
 12843   00FFFC  F3                 	db	243
 12844                           
 12845                           ;Config register CONFIG3H @ 0xFFFD
 12846                           ;	IOLOCK One-Way Set Enable bit
 12847                           ;	IOL1WAY = ON, The IOLOCK bit (PPSCON<0>) can be set once
 12848                           ;	MSSP address masking
 12849                           ;	MSSP7B_EN = MSK7, 7 Bit address masking mode
 12850   00FFFD                     	org	65533
 12851   00FFFD  F9                 	db	249
 12852                           
 12853                           ;Config register CONFIG4L @ 0xFFFE
 12854                           ;	Write/Erase Protect Page Start/End Location
 12855                           ;	WPFP = PAGE_63, Write Protect Program Flash Page 63
 12856                           ;	Write/Erase Protect Region Select (valid when WPDIS = 0)
 12857                           ;	WPEND = PAGE_WPFP, Page WPFP<5:0> through Configuration Words erase/write protected
 12858                           ;	Write/Erase Protect Configuration Region
 12859                           ;	WPCFG = OFF, Configuration Words page not erase/write-protected
 12860   00FFFE                     	org	65534
 12861   00FFFE  FF                 	db	255
 12862                           
 12863                           ;Config register CONFIG4H @ 0xFFFF
 12864                           ;	Write Protect Disable bit
 12865                           ;	WPDIS = OFF, WPFP<5:0>/WPEND region ignored
 12866   00FFFF                     	org	65535
 12867   00FFFF  F1                 	db	241
 12868                           tosu	equ	0xFFF
 12869                           tosh	equ	0xFFE
 12870                           tosl	equ	0xFFD
 12871                           stkptr	equ	0xFFC
 12872                           pclatu	equ	0xFFB
 12873                           pclath	equ	0xFFA
 12874                           pcl	equ	0xFF9
 12875                           tblptru	equ	0xFF8
 12876                           tblptrh	equ	0xFF7
 12877                           tblptrl	equ	0xFF6
 12878                           tablat	equ	0xFF5
 12879                           prodh	equ	0xFF4
 12880                           prodl	equ	0xFF3
 12881                           indf0	equ	0xFEF
 12882                           postinc0	equ	0xFEE
 12883                           postdec0	equ	0xFED
 12884                           preinc0	equ	0xFEC
 12885                           plusw0	equ	0xFEB
 12886                           fsr0h	equ	0xFEA
 12887                           fsr0l	equ	0xFE9
 12888                           wreg	equ	0xFE8
 12889                           indf1	equ	0xFE7
 12890                           postinc1	equ	0xFE6
 12891                           postdec1	equ	0xFE5
 12892                           preinc1	equ	0xFE4
 12893                           plusw1	equ	0xFE3
 12894                           fsr1h	equ	0xFE2
 12895                           fsr1l	equ	0xFE1
 12896                           bsr	equ	0xFE0
 12897                           indf2	equ	0xFDF
 12898                           postinc2	equ	0xFDE
 12899                           postdec2	equ	0xFDD
 12900                           preinc2	equ	0xFDC
 12901                           plusw2	equ	0xFDB
 12902                           fsr2h	equ	0xFDA
 12903                           fsr2l	equ	0xFD9
 12904                           status	equ	0xFD8

Data Sizes:
    Strings     106
    Constant    0
    Data        0
    BSS         586
    Persistent  0
    Stack       0

Auto Spaces:
    Space          Size  Autos    Used
    COMRAM           94     69      90
    BANK0           160     71     135
    BANK1           256     91     184
    BANK2           256    200     208
    BANK3           256      0     200
    BANK4           256      0     200
    BANK5           256      0       0
    BANK6           256      0       0
    BANK7           256      0       0
    BANK8           256      0       0
    BANK9           256      0       0
    BANK10          256      0       0
    BANK11          256      0       0
    BANK12          256      0       0
    BANK13          256      0       0
    BANK14          192      0       0

Pointer List with Targets:

    dbio_getstring@str	PTR unsigned char  size(2) Largest target is 100
		 -> main@strrx(BANK2[100]), 

    dbio_putstring@str	PTR unsigned char  size(2) Largest target is 100
		 -> main@strtx(BANK2[100]), 

    dbio_strnlen@str	PTR const unsigned char  size(2) Largest target is 100
		 -> main@strtx(BANK2[100]), 

    dtoa@fp	PTR struct _IO_FILE size(2) Largest target is 11
		 -> sprintf@f(BANK1[11]), 

    f$.$buffer	PTR unsigned char  size(2) Largest target is 100
		 -> main@strtx(BANK2[100]), 

    f$.$source	PTR const unsigned char  size(2) Largest target is 0

    fputc@fp	PTR struct _IO_FILE size(2) Largest target is 11
		 -> sprintf@f(BANK1[11]), 

    fputc@fp$.$buffer	PTR unsigned char  size(2) Largest target is 100
		 -> main@strtx(BANK2[100]), 

    fputc@fp$.$source	PTR const unsigned char  size(2) Largest target is 0

    fputs@fp	PTR struct _IO_FILE size(2) Largest target is 11
		 -> sprintf@f(BANK1[11]), 

    fputs@s	PTR const unsigned char  size(2) Largest target is 32
		 -> dbuf(BANK1[32]), 

    IRQ_clbk_hp	PTR FTN()void [10] size(2) Largest target is 1
		 -> ADC_cplt_cbk(), i2_ADC_cplt_cbk(), i2_RXbyte_cbk(), i2_TXbyte_cbk(), 
		 -> RXbyte_cbk(), TXbyte_cbk(), 

    IRQ_clbk_lp	PTR FTN()void [10] size(2) Largest target is 1
		 -> ADC_cplt_cbk(), i2_ADC_cplt_cbk(), i2_RXbyte_cbk(), i2_TXbyte_cbk(), 
		 -> RXbyte_cbk(), TXbyte_cbk(), 

    memcpy@d	PTR unsigned char  size(2) Largest target is 200
		 -> dbio_putstring@byte(BANK1[1]), main@strrx(BANK2[100]), RXbuf(BANK3[200]), TXbuf(BANK4[200]), 
		 -> TXbyte_cbk@byte(BANK0[1]), 

    memcpy@d1	PTR void  size(2) Largest target is 200
		 -> dbio_putstring@byte(BANK1[1]), main@strrx(BANK2[100]), RXbuf(BANK3[200]), TXbuf(BANK4[200]), 
		 -> TXbyte_cbk@byte(BANK0[1]), 

    memcpy@s	PTR const unsigned char  size(2) Largest target is 200
		 -> main@strtx(BANK2[100]), RXbuf(BANK3[200]), RXbyte_cbk@byte(BANK0[1]), TXbuf(BANK4[200]), 

    memcpy@s1	PTR const void  size(2) Largest target is 200
		 -> main@strtx(BANK2[100]), RXbuf(BANK3[200]), RXbyte_cbk@byte(BANK0[1]), TXbuf(BANK4[200]), 

    ms_clbk	PTR FTN()void [10] size(2) Largest target is 1
		 -> ADC_ms_cbk(), blinky(), 

    pad@buf	PTR unsigned char  size(2) Largest target is 32
		 -> dbuf(BANK1[32]), 

    pad@fp	PTR struct _IO_FILE size(2) Largest target is 11
		 -> sprintf@f(BANK1[11]), 

    read_prec_or_width@ap	PTR PTR void [1] size(2) Largest target is 2
		 -> sprintf@ap(BANK1[2]), 

    read_prec_or_width@fmt	PTR PTR const unsigned char  size(2) Largest target is 1
		 -> vfprintf@cfmt(BANK1[1]), 

    read_RTCC@me	const PTR struct . size(2) Largest target is 8
		 -> DateTime(BANK2[8]), 

    RingBuf_Available@len	PTR unsigned short  size(2) Largest target is 2
		 -> dbio_getstring@buf_len(COMRAM[2]), dbio_putstring@buf_len(BANK1[2]), RingBuf_DataPut@avaldat(BANK1[2]), RingBuf_DataRead@aval_len(BANK1[2]), 
		 -> RingBuf_DataWatch@aval_len(BANK1[2]), TXbyte_cbk@buf_len(BANK0[2]), 

    RingBuf_Available@rb	PTR volatile struct RINGBUF_t size(1) Largest target is 10
		 -> RXringbuf(BANK0[10]), TXringbuf(BANK0[10]), 

    RingBuf_Available@rb$buf	PTR unsigned char  size(2) Largest target is 200
		 -> RXbuf(BANK3[200]), TXbuf(BANK4[200]), 

    RingBuf_Clear@rb	PTR volatile struct RINGBUF_t size(1) Largest target is 10
		 -> RXringbuf(BANK0[10]), TXringbuf(BANK0[10]), 

    RingBuf_Clear@rb$buf	PTR unsigned char  size(2) Largest target is 200
		 -> RXbuf(BANK3[200]), TXbuf(BANK4[200]), 

    RingBuf_DataPut@data	PTR const void  size(2) Largest target is 100
		 -> main@strtx(BANK2[100]), RXbyte_cbk@byte(BANK0[1]), 

    RingBuf_DataPut@input	PTR const unsigned char  size(2) Largest target is 100
		 -> main@strtx(BANK2[100]), RXbyte_cbk@byte(BANK0[1]), 

    RingBuf_DataPut@rb	PTR volatile struct RINGBUF_t size(1) Largest target is 10
		 -> RXringbuf(BANK0[10]), TXringbuf(BANK0[10]), 

    RingBuf_DataPut@rb$buf	PTR unsigned char  size(2) Largest target is 200
		 -> RXbuf(BANK3[200]), TXbuf(BANK4[200]), 

    RingBuf_DataRead@data	PTR void  size(2) Largest target is 100
		 -> dbio_putstring@byte(BANK1[1]), main@strrx(BANK2[100]), TXbyte_cbk@byte(BANK0[1]), 

    RingBuf_DataRead@rb	PTR volatile struct RINGBUF_t size(1) Largest target is 10
		 -> RXringbuf(BANK0[10]), TXringbuf(BANK0[10]), 

    RingBuf_DataRead@rb$buf	PTR unsigned char  size(2) Largest target is 200
		 -> RXbuf(BANK3[200]), TXbuf(BANK4[200]), 

    RingBuf_DataWatch@data	PTR void  size(2) Largest target is 100
		 -> dbio_putstring@byte(BANK1[1]), main@strrx(BANK2[100]), TXbyte_cbk@byte(BANK0[1]), 

    RingBuf_DataWatch@rb	PTR volatile struct RINGBUF_t size(1) Largest target is 10
		 -> RXringbuf(BANK0[10]), TXringbuf(BANK0[10]), 

    RingBuf_DataWatch@rb$buf	PTR unsigned char  size(2) Largest target is 200
		 -> RXbuf(BANK3[200]), TXbuf(BANK4[200]), 

    RingBuf_Init@buf	PTR void  size(2) Largest target is 200
		 -> RXbuf(BANK3[200]), TXbuf(BANK4[200]), 

    RingBuf_Init@rb	PTR volatile struct RINGBUF_t size(1) Largest target is 10
		 -> RXringbuf(BANK0[10]), TXringbuf(BANK0[10]), 

    RingBuf_Init@rb$buf	PTR unsigned char  size(2) Largest target is 200
		 -> RXbuf(BANK3[200]), TXbuf(BANK4[200]), 

    RXringbuf$buf	PTR unsigned char  size(2) Largest target is 200
		 -> RXbuf(BANK3[200]), TXbuf(BANK4[200]), 

    S2227$buffer	PTR unsigned char  size(2) Largest target is 100
		 -> main@strtx(BANK2[100]), 

    S2227$source	PTR const unsigned char  size(2) Largest target is 0

    S841RINGBUF_t$buf	PTR unsigned char  size(2) Largest target is 200
		 -> RXbuf(BANK3[200]), TXbuf(BANK4[200]), 

    S937RINGBUF_t$buf	PTR unsigned char  size(2) Largest target is 0

    sp__memcpy	PTR void  size(2) Largest target is 200
		 -> dbio_putstring@byte(BANK1[1]), i2TXbyte_cbk@byte(COMRAM[1]), main@strrx(BANK2[100]), RXbuf(BANK3[200]), 
		 -> TXbuf(BANK4[200]), TXbyte_cbk@byte(BANK0[1]), 

    sprintf@ap	PTR void [1] size(2) Largest target is 2
		 -> ?_sprintf(BANK1[2]), 

    sprintf@fmt	PTR const unsigned char  size(1) Largest target is 45
		 -> STR_1(CODE[38]), STR_2(CODE[16]), STR_3(CODE[45]), 

    sprintf@s	PTR unsigned char  size(2) Largest target is 100
		 -> main@strtx(BANK2[100]), 

    stoa@cp	PTR unsigned char  size(2) Largest target is 100
		 -> main@strrx(BANK2[100]), ?_sprintf(BANK1[2]), STR_4(CODE[7]), 

    stoa@fp	PTR struct _IO_FILE size(2) Largest target is 11
		 -> sprintf@f(BANK1[11]), 

    stoa@s	PTR unsigned char  size(2) Largest target is 100
		 -> main@strrx(BANK2[100]), ?_sprintf(BANK1[2]), 

    sys_regiter_IRQ_clbk@cbk	PTR FTN()void  size(2) Largest target is 1
		 -> ADC_cplt_cbk(), RXbyte_cbk(), TXbyte_cbk(), 

    sys_regiter_ms_clbk@clbk	PTR FTN()void  size(2) Largest target is 1
		 -> ADC_ms_cbk(), blinky(), 

    TXringbuf$buf	PTR unsigned char  size(2) Largest target is 200
		 -> RXbuf(BANK3[200]), TXbuf(BANK4[200]), 

    vfpfcnvrt@ap	PTR PTR void  size(2) Largest target is 2
		 -> sprintf@ap(BANK1[2]), 

    vfpfcnvrt@cp	PTR unsigned char  size(1) Largest target is 45
		 -> STR_1(CODE[38]), STR_2(CODE[16]), STR_3(CODE[45]), 

    vfpfcnvrt@fmt	PTR PTR unsigned char  size(2) Largest target is 1
		 -> vfprintf@cfmt(BANK1[1]), 

    vfpfcnvrt@fp	PTR struct _IO_FILE size(2) Largest target is 11
		 -> sprintf@f(BANK1[11]), 

    vfprintf@ap	PTR PTR void  size(2) Largest target is 2
		 -> sprintf@ap(BANK1[2]), 

    vfprintf@cfmt	PTR unsigned char  size(1) Largest target is 45
		 -> STR_1(CODE[38]), STR_2(CODE[16]), STR_3(CODE[45]), 

    vfprintf@fmt	PTR const unsigned char  size(1) Largest target is 45
		 -> STR_1(CODE[38]), STR_2(CODE[16]), STR_3(CODE[45]), 

    vfprintf@fp	PTR struct _IO_FILE size(2) Largest target is 11
		 -> sprintf@f(BANK1[11]), 

    write_RTCC@me	const PTR struct . size(2) Largest target is 8
		 -> DateTime(BANK2[8]), 


Critical Paths under _main in COMRAM

    None.

Critical Paths under _Interrupts_handler in COMRAM

    None.

Critical Paths under _HighInterrupts_handler in COMRAM

    _HighInterrupts_handler->i2_TXbyte_cbk
    i2_TXbyte_cbk->i2_RingBuf_DataRead
    i2_RingBuf_DataRead->i2_RingBuf_DataWatch
    i2_RingBuf_DataWatch->i2_RingBuf_Available
    i2_RXbyte_cbk->i2_RingBuf_DataPut
    i2_RingBuf_DataPut->i2_RingBuf_Available
    _blinky->i2_get_ms

Critical Paths under _main in BANK0

    None.

Critical Paths under _Interrupts_handler in BANK0

    _Interrupts_handler->_TXbyte_cbk
    _TXbyte_cbk->i1_RingBuf_DataRead
    i1_RingBuf_DataRead->i1_RingBuf_DataWatch
    i1_RingBuf_DataWatch->i1_RingBuf_Available
    _RXbyte_cbk->i1_RingBuf_DataPut
    i1_RingBuf_DataPut->i1_RingBuf_Available

Critical Paths under _HighInterrupts_handler in BANK0

    None.

Critical Paths under _main in BANK1

    _main->_sprintf
    _sys_init->_sys_mstimer_init
    _sys_mstimer_init->___lldiv
    _sprintf->_vfprintf
    _vfprintf->_vfpfcnvrt
    _vfpfcnvrt->_dtoa
    _stoa->_fputc
    _dtoa->_pad
    _pad->_fputs
    _fputs->_fputc
    _abs->___almod
    _dbio_putstring->_RingBuf_DataRead
    _RingBuf_DataPut->_RingBuf_Available
    _dbio_init->_UART1_Init
    _UART1_Init->___aldiv
    _RingBuf_Init->_RingBuf_Clear
    _dbio_getstring->_RingBuf_DataRead
    _RingBuf_DataRead->_RingBuf_DataWatch
    _RingBuf_DataWatch->_RingBuf_Available
    _RTC_init->_delay_ms
    _delay_ms->_get_ms
    _ADC_init->_sys_regiter_IRQ_clbk

Critical Paths under _Interrupts_handler in BANK1

    None.

Critical Paths under _HighInterrupts_handler in BANK1

    None.

Critical Paths under _main in BANK2

    None.

Critical Paths under _Interrupts_handler in BANK2

    None.

Critical Paths under _HighInterrupts_handler in BANK2

    None.

Critical Paths under _main in BANK3

    None.

Critical Paths under _Interrupts_handler in BANK3

    None.

Critical Paths under _HighInterrupts_handler in BANK3

    None.

Critical Paths under _main in BANK4

    None.

Critical Paths under _Interrupts_handler in BANK4

    None.

Critical Paths under _HighInterrupts_handler in BANK4

    None.

Critical Paths under _main in BANK5

    None.

Critical Paths under _Interrupts_handler in BANK5

    None.

Critical Paths under _HighInterrupts_handler in BANK5

    None.

Critical Paths under _main in BANK6

    None.

Critical Paths under _Interrupts_handler in BANK6

    None.

Critical Paths under _HighInterrupts_handler in BANK6

    None.

Critical Paths under _main in BANK7

    None.

Critical Paths under _Interrupts_handler in BANK7

    None.

Critical Paths under _HighInterrupts_handler in BANK7

    None.

Critical Paths under _main in BANK8

    None.

Critical Paths under _Interrupts_handler in BANK8

    None.

Critical Paths under _HighInterrupts_handler in BANK8

    None.

Critical Paths under _main in BANK9

    None.

Critical Paths under _Interrupts_handler in BANK9

    None.

Critical Paths under _HighInterrupts_handler in BANK9

    None.

Critical Paths under _main in BANK10

    None.

Critical Paths under _Interrupts_handler in BANK10

    None.

Critical Paths under _HighInterrupts_handler in BANK10

    None.

Critical Paths under _main in BANK11

    None.

Critical Paths under _Interrupts_handler in BANK11

    None.

Critical Paths under _HighInterrupts_handler in BANK11

    None.

Critical Paths under _main in BANK12

    None.

Critical Paths under _Interrupts_handler in BANK12

    None.

Critical Paths under _HighInterrupts_handler in BANK12

    None.

Critical Paths under _main in BANK13

    None.

Critical Paths under _Interrupts_handler in BANK13

    None.

Critical Paths under _HighInterrupts_handler in BANK13

    None.

Critical Paths under _main in BANK14

    None.

Critical Paths under _Interrupts_handler in BANK14

    None.

Critical Paths under _HighInterrupts_handler in BANK14

    None.

Call Graph Tables:

 ---------------------------------------------------------------------------------
 (Depth) Function   	        Calls       Base Space   Used Autos Params    Refs
 ---------------------------------------------------------------------------------
 (0) _main                                               206   206      0   18466
                                             85 BANK1      6     6      0
                                              0 BANK2    200   200      0
                        _ADC_getChan
                           _ADC_init
                       _ADC_start_IT
                        _ADC_stop_IT
                           _RTC_init
                     _dbio_getstring
                          _dbio_init
                     _dbio_putstring
                           _delay_ms
                             _get_ms
                          _read_RTCC
                            _sprintf
                           _sys_init
                _sys_regiter_ms_clbk
                         _write_RTCC
 ---------------------------------------------------------------------------------
 (1) _write_RTCC                                           2     0      2     251
                                              0 BANK1      2     0      2
                        _unlock_RTCC
 ---------------------------------------------------------------------------------
 (1) _sys_init                                             4     4      0     420
                                             26 BANK1      4     4      0
                   _sys_mstimer_init
 ---------------------------------------------------------------------------------
 (2) _sys_mstimer_init                                    13    13      0     386
                                             13 BANK1     13    13      0
                            ___lldiv
 ---------------------------------------------------------------------------------
 (3) ___lldiv                                             13     5      8     247
                                              0 BANK1     13     5      8
 ---------------------------------------------------------------------------------
 (1) _sprintf                                             26    15     11    5831
                                             61 BANK1     24    13     11
                        _ADC_getChan (ARG)
                             _get_ms (ARG)
                           _vfprintf
 ---------------------------------------------------------------------------------
 (2) _vfprintf                                             6     1      5    5489
                                             55 BANK1      6     1      5
                          _vfpfcnvrt
 ---------------------------------------------------------------------------------
 (3) _vfpfcnvrt                                           15     9      6    5238
                                             40 BANK1     15     9      6
                               _dtoa
                              _fputc
                 _read_prec_or_width
                               _stoa
 ---------------------------------------------------------------------------------
 (4) _stoa                                                14    10      4     854
                                              9 BANK1     14    10      4
                              _fputc
 ---------------------------------------------------------------------------------
 (4) _read_prec_or_width                                   9     5      4     272
                                              0 BANK1      9     5      4
 ---------------------------------------------------------------------------------
 (4) _dtoa                                                15     9      6    2697
                                             25 BANK1     15     9      6
                            ___aldiv
                            ___almod
                                _abs
                                _pad
 ---------------------------------------------------------------------------------
 (5) _pad                                                  9     3      6    1124
                                             16 BANK1      9     3      6
                              _fputc
                              _fputs
 ---------------------------------------------------------------------------------
 (6) _fputs                                                7     3      4     505
                                              9 BANK1      7     3      4
                              _fputc
 ---------------------------------------------------------------------------------
 (7) _fputc                                                9     5      4     353
                                              0 BANK1      9     5      4
                              _putch
 ---------------------------------------------------------------------------------
 (8) _putch                                                1     1      0       0
 ---------------------------------------------------------------------------------
 (5) _abs                                                  4     2      2      96
                                             10 BANK1      4     2      2
                            ___almod (ARG)
 ---------------------------------------------------------------------------------
 (1) _read_RTCC                                            2     0      2     251
                                              0 BANK1      2     0      2
                        _unlock_RTCC
 ---------------------------------------------------------------------------------
 (2) _unlock_RTCC                                          0     0      0       0
 ---------------------------------------------------------------------------------
 (1) _dbio_putstring                                       9     5      4    5413
                                             52 BANK1      9     5      4
                  _RingBuf_Available
                    _RingBuf_DataPut
                   _RingBuf_DataRead
                       _dbio_strnlen
 ---------------------------------------------------------------------------------
 (2) _dbio_strnlen                                         6     2      4     198
                                              0 BANK1      6     2      4
 ---------------------------------------------------------------------------------
 (2) _RingBuf_DataPut                                     31    26      5    2014
                                             13 BANK1     31    26      5
                  _RingBuf_Available
                             _memcpy
 ---------------------------------------------------------------------------------
 (1) _dbio_init                                            0     0      0    1579
                       _RingBuf_Init
                         _UART1_Init
               _sys_regiter_IRQ_clbk
 ---------------------------------------------------------------------------------
 (2) _UART1_Init                                          10    10      0    1069
                                             14 BANK1      6     6      0
                            ___aldiv
                            ___almod
 ---------------------------------------------------------------------------------
 (5) ___almod                                             10     2      8     445
                                              0 BANK1     10     2      8
 ---------------------------------------------------------------------------------
 (5) ___aldiv                                             14     6      8     457
                                              0 BANK1     14     6      8
 ---------------------------------------------------------------------------------
 (2) _RingBuf_Init                                         7     0      7     368
                                              3 BANK1      7     0      7
                      _RingBuf_Clear
 ---------------------------------------------------------------------------------
 (3) _RingBuf_Clear                                        3     2      1      96
                                              0 BANK1      3     2      1
 ---------------------------------------------------------------------------------
 (1) _dbio_getstring                                      14     8      6    3455
                                             52 BANK1     14     8      6
                  _RingBuf_Available
                   _RingBuf_DataRead
                             _get_ms
 ---------------------------------------------------------------------------------
 (2) _RingBuf_DataRead                                    12     7      5    2598
                                             40 BANK1     12     7      5
                  _RingBuf_Available
                  _RingBuf_DataWatch
 ---------------------------------------------------------------------------------
 (3) _RingBuf_DataWatch                                   27    22      5    1676
                                             13 BANK1     27    22      5
                  _RingBuf_Available
                             _memcpy
 ---------------------------------------------------------------------------------
 (4) _memcpy                                              11     5      6     244
                                              0 BANK1     11     5      6
 ---------------------------------------------------------------------------------
 (4) _RingBuf_Available                                   13    10      3     340
                                              0 BANK1     13    10      3
 ---------------------------------------------------------------------------------
 (1) _RTC_init                                             0     0      0     210
                           _delay_ms
 ---------------------------------------------------------------------------------
 (2) _delay_ms                                            12     8      4     210
                                             12 BANK1     12     8      4
                             _get_ms
 ---------------------------------------------------------------------------------
 (3) _get_ms                                              12     8      4     136
                                              0 BANK1     12     8      4
 ---------------------------------------------------------------------------------
 (1) _ADC_stop_IT                                          0     0      0       0
 ---------------------------------------------------------------------------------
 (1) _ADC_start_IT                                         1     1      0       0
                                              0 BANK1      1     1      0
 ---------------------------------------------------------------------------------
 (1) _ADC_init                                             2     2      0     284
                                              3 BANK1      2     2      0
               _sys_regiter_IRQ_clbk
                _sys_regiter_ms_clbk
 ---------------------------------------------------------------------------------
 (2) _sys_regiter_ms_clbk                                  2     0      2      37
                                              0 BANK1      2     0      2
 ---------------------------------------------------------------------------------
 (2) _sys_regiter_IRQ_clbk                                 3     0      3     142
                                              0 BANK1      3     0      3
 ---------------------------------------------------------------------------------
 (1) _ADC_getChan                                          5     3      2      81
                                              0 BANK1      5     3      2
 ---------------------------------------------------------------------------------
 Estimated maximum stack depth 8
 ---------------------------------------------------------------------------------
 (Depth) Function   	        Calls       Base Space   Used Autos Params    Refs
 ---------------------------------------------------------------------------------
 (9) _Interrupts_handler                                  16    16      0    4952
                                             55 BANK0     16    16      0
                       _ADC_cplt_cbk *
                         _RXbyte_cbk *
                         _TXbyte_cbk *
 ---------------------------------------------------------------------------------
 (10) _TXbyte_cbk                                          3     3      0    2946
                                             52 BANK0      3     3      0
                i1_RingBuf_Available
                 i1_RingBuf_DataRead
 ---------------------------------------------------------------------------------
 (11) i1_RingBuf_DataRead                                 12     7      5    2431
                                             40 BANK0     12     7      5
                i1_RingBuf_Available
                i1_RingBuf_DataWatch
 ---------------------------------------------------------------------------------
 (12) i1_RingBuf_DataWatch                                27    22      5    1557
                                             13 BANK0     27    22      5
                i1_RingBuf_Available
                           i1_memcpy
 ---------------------------------------------------------------------------------
 (10) _RXbyte_cbk                                          1     1      0    1938
                                             44 BANK0      1     1      0
                  i1_RingBuf_DataPut
 ---------------------------------------------------------------------------------
 (11) i1_RingBuf_DataPut                                  31    26      5    1895
                                             13 BANK0     31    26      5
                i1_RingBuf_Available
                           i1_memcpy
 ---------------------------------------------------------------------------------
 (13) i1_memcpy                                           11     5      6     155
                                              0 BANK0     11     5      6
 ---------------------------------------------------------------------------------
 (13) i1_RingBuf_Available                                13    10      3     334
                                              0 BANK0     13    10      3
 ---------------------------------------------------------------------------------
 (10) _ADC_cplt_cbk                                        3     3      0       0
                                              0 BANK0      3     3      0
 ---------------------------------------------------------------------------------
 Estimated maximum stack depth 13
 ---------------------------------------------------------------------------------
 (Depth) Function   	        Calls       Base Space   Used Autos Params    Refs
 ---------------------------------------------------------------------------------
 (14) _HighInterrupts_handler                             14    14      0    5070
                                             55 COMRAM    14    14      0
                         _ADC_ms_cbk *
                             _blinky *
                     i2_ADC_cplt_cbk *
                       i2_RXbyte_cbk *
                       i2_TXbyte_cbk *
 ---------------------------------------------------------------------------------
 (15) i2_TXbyte_cbk                                        3     3      0    2910
                                             52 COMRAM     3     3      0
                i2_RingBuf_Available
                 i2_RingBuf_DataRead
 ---------------------------------------------------------------------------------
 (16) i2_RingBuf_DataRead                                 12     7      5    2431
                                             40 COMRAM    12     7      5
                i2_RingBuf_Available
                i2_RingBuf_DataWatch
 ---------------------------------------------------------------------------------
 (17) i2_RingBuf_DataWatch                                27    22      5    1557
                                             13 COMRAM    27    22      5
                i2_RingBuf_Available
                           i2_memcpy
 ---------------------------------------------------------------------------------
 (15) i2_RXbyte_cbk                                        1     1      0    1932
                                             44 COMRAM     1     1      0
                  i2_RingBuf_DataPut
 ---------------------------------------------------------------------------------
 (16) i2_RingBuf_DataPut                                  31    26      5    1895
                                             13 COMRAM    31    26      5
                i2_RingBuf_Available
                           i2_memcpy
 ---------------------------------------------------------------------------------
 (18) i2_memcpy                                           11     5      6     155
                                              0 COMRAM    11     5      6
 ---------------------------------------------------------------------------------
 (18) i2_RingBuf_Available                                13    10      3     334
                                              0 COMRAM    13    10      3
 ---------------------------------------------------------------------------------
 (15) i2_ADC_cplt_cbk                                      3     3      0       0
                                              0 COMRAM     3     3      0
 ---------------------------------------------------------------------------------
 (15) _blinky                                              4     4      0      92
                                             12 COMRAM     4     4      0
                           i2_get_ms
 ---------------------------------------------------------------------------------
 (16) i2_get_ms                                           12     8      4      92
                                              0 COMRAM    12     8      4
 ---------------------------------------------------------------------------------
 (15) _ADC_ms_cbk                                          1     1      0       0
                                              0 COMRAM     1     1      0
 ---------------------------------------------------------------------------------
 Estimated maximum stack depth 18
 ---------------------------------------------------------------------------------

 Call Graph Graphs:

 _main (ROOT)
   _ADC_getChan
   _ADC_init
     _sys_regiter_IRQ_clbk
     _sys_regiter_ms_clbk
   _ADC_start_IT
   _ADC_stop_IT
   _RTC_init
     _delay_ms
       _get_ms
   _dbio_getstring
     _RingBuf_Available
     _RingBuf_DataRead
       _RingBuf_Available
       _RingBuf_DataWatch
         _RingBuf_Available
         _memcpy
     _get_ms
   _dbio_init
     _RingBuf_Init
       _RingBuf_Clear
     _UART1_Init
       ___aldiv
       ___almod
     _sys_regiter_IRQ_clbk
   _dbio_putstring
     _RingBuf_Available
     _RingBuf_DataPut
       _RingBuf_Available
       _memcpy
     _RingBuf_DataRead
     _dbio_strnlen
   _delay_ms
   _get_ms
   _read_RTCC
     _unlock_RTCC
   _sprintf
     _ADC_getChan (ARG)
     _get_ms (ARG)
     _vfprintf (ARG)
       _vfpfcnvrt
         _dtoa
           ___aldiv
           ___almod
           _abs
             ___almod (ARG)
           _pad
             _fputc
               _putch
             _fputs
               _fputc
         _fputc
         _read_prec_or_width
         _stoa
           _fputc
   _sys_init
     _sys_mstimer_init
       ___lldiv
   _sys_regiter_ms_clbk
   _write_RTCC
     _unlock_RTCC

 _Interrupts_handler (ROOT)
   _ADC_cplt_cbk *
   _RXbyte_cbk *
     i1_RingBuf_DataPut
       i1_RingBuf_Available
       i1_memcpy
   _TXbyte_cbk *
     i1_RingBuf_Available
     i1_RingBuf_DataRead
       i1_RingBuf_Available
       i1_RingBuf_DataWatch
         i1_RingBuf_Available
         i1_memcpy

 _HighInterrupts_handler (ROOT)
   _ADC_ms_cbk *
   _blinky *
     i2_get_ms
   i2_ADC_cplt_cbk *
   i2_RXbyte_cbk *
     i2_RingBuf_DataPut
       i2_RingBuf_Available
       i2_memcpy
   i2_TXbyte_cbk *
     i2_RingBuf_Available
     i2_RingBuf_DataRead
       i2_RingBuf_Available
       i2_RingBuf_DataWatch
         i2_RingBuf_Available
         i2_memcpy

Address spaces:
Name               Size   Autos  Total    Usage
BIGRAM            3775      0       0      0.0%
BITBANK13          256      0       0      0.0%
BANK13             256      0       0      0.0%
BITBANK12          256      0       0      0.0%
BANK12             256      0       0      0.0%
BITBANK11          256      0       0      0.0%
BANK11             256      0       0      0.0%
BITBANK10          256      0       0      0.0%
BANK10             256      0       0      0.0%
BITBANK9           256      0       0      0.0%
BANK9              256      0       0      0.0%
BITBANK8           256      0       0      0.0%
BANK8              256      0       0      0.0%
BITBANK7           256      0       0      0.0%
BANK7              256      0       0      0.0%
BITBANK6           256      0       0      0.0%
BANK6              256      0       0      0.0%
BITBANK5           256      0       0      0.0%
BANK5              256      0       0      0.0%
BITBANK4           256      0       0      0.0%
BANK4              256      0     200     78.1%
BITBANK3           256      0       0      0.0%
BANK3              256      0     200     78.1%
BITBANK2           256      0       0      0.0%
BANK2              256    200     208     81.2%
BITBANK1           256      0       0      0.0%
BANK1              256     91     184     71.9%
BITBANK14          192      0       0      0.0%
BANK14             192      0       0      0.0%
BITBANK0           160      0       0      0.0%
BANK0              160     71     135     84.4%
BITBIGSFRlllll     127      0       0      0.0%
BITCOMRAM           94      0       0      0.0%
COMRAM              94     69      90     95.7%
BITBIGSFRh          81      0       0      0.0%
BITBIGSFRllllh      62      0       0      0.0%
BITBIGSFRllh        16      0       0      0.0%
BITBIGSFRlh         15      0       0      0.0%
BITBIGSFRlllh       13      0       0      0.0%
STACK                0      0       0      0.0%
DATA                 0      0    1003      0.0%


Microchip Technology PIC18 Macro Assembler V4.00 build 20260614213421 
Symbol Table                                                                                   Thu Aug 13 17:04:53 2026

                _overrun_errors 0057               ?_sys_mstimer_init 0002           i2RingBuf_Available@rb 0004  
                            bsr 0FE0             ??_RingBuf_Available 0160              ??_sys_mstimer_init 016A  
               ADC_getChan@chan 015F          i2RingBuf_Available@len 0002                             l200 1642  
                           l113 3C98                             l300 3F24                             l213 1F84  
                           l301 3F1C                             l206 31C0                             l150 41A0  
                           l119 43A4                             l151 41AC                             l401 3B92  
                           l161 3CBE                             l145 368E                             l162 3D04  
                           l170 3518                             l163 3D14                             l307 3740  
                           l157 4074                             l333 4426                             l342 3894  
                           l191 2F04                             l183 42CA                             l431 3882  
                           l336 4418                             l344 38A4                             l345 3934  
                           l291 277A                             l187 430A                             l275 3E66  
                           l339 3B0A                             l284 263E                             l293 2782  
                           l285 27CA                             l197 16D6                             l438 3892  
                           l392 43D0                             l288 26E8                             l298 3EF6  
                           l395 43FA                             l483 2D2C                             l398 4434  
                           l496 2E18          i1RingBuf_DataWatch@len 006F                             _abs 430C  
                _UART1_Init$828 016B                             _pad 39D6          i1RingBuf_DataPut@input 0084  
                   _unlock_RTCC 441A          i1RingBuf_DataPut@space 008A       __end_of_RingBuf_DataWatch 1F86  
                           prod 0FF3             RingBuf_DataRead@len 0187                             tosl 0FFD  
                           wreg 0FE8                      _TXSTA1bits 0FAD                  TXbyte_cbk@byte 0094  
              i2get_ms@retval_1 0006                i2get_ms@retval_2 000A                  _dbio_getstring 261E  
                          ?_abs 0167                            l1221 3A50                            l1302 4328  
                          l1230 29EA                            l1223 3A72                            l1305 4340  
                          l1241 2B12                            l1218 3A10                            l1227 29A0  
                          l1317 344E                            l1325 4284                            l1229 29A8  
                          l1261 2970                            l1191 4022                            l1328 4436  
                          l1256 2928                            l1280 1158            __end_of_dbio_strnlen 3F26  
                          l1265 35CC                            l1249 2876                            l1281 1264  
                          l4100 2CB2                            l1269 35D4                            l4110 2CF6  
                          l4102 2CBC                            l1198 423E                            l5000 3B3E  
                          l4104 2CDA                            l4112 2CFC                            l4120 2D2E  
                          l4200 2972                            l1288 13A8                            l5010 3B58  
                          l5002 3B40                            l4114 2D0C                            l4106 2CEA  
                          l4130 2D62                            l4122 2D32                            l4210 29D6  
                          l4202 2996                            l1298 4162                            l5020 3B6E  
                          l5012 3B5C                            l5004 3B44                            l4116 2D1C  
                          l4108 2CEC                            l4140 2DAA                            l4132 2D72  
                          l4124 2D40                            l5100 38FE                            l4060 33B4  
                          l4220 29FC                            l4212 29E0                            l4204 29B0  
                          l5110 43AA                            l5022 3B70                            l5014 3B60  
                          l5006 3B52                            l5030 43D8                            l4150 2DF8  
                          l4142 2DC8                            l4134 2D88                            l4126 2D50  
                          l5102 390E                            l4062 33D2                            l4054 3384  
                          l4070 424C                            l4230 2A9C                            l4222 2A40  
                          l4214 29E6                            l4206 29C0                            l5112 43AC  
                          l5024 3B82                            l5016 3B62                            l5008 3B56  
                          l5032 43F4                            l4320 3C9A                            l5120 261E  
                          l4080 2C34                            l4152 2E08                            l4144 2DD8  
                          l4136 2D90                            l4128 2D54                            l5104 391E  
                          l4064 3408                            l4056 3398                            l4072 425E  
                          l4160 39FA                            l4240 2AF2                            l4232 2AB2  
                          l4224 2A46                            l4216 29F0                            l4208 29C6  
                          l5040 420A                            l4400 387C                            l5114 43C6  
                          l5026 3B90                            l5018 3B6A                            l5034 43F6  
                          l4322 3CDE                            l5130 2662                            l5122 2636  
                          l4090 2C6A                            l4082 2C44                            l4146 2DE2  
                          l4138 2D9C                            l5050 3690                            l3434 441A  
                          l5106 392E                            l4058 33AA                            l4074 4264  
                          l4170 3A5E                            l4162 3A0A                            l4234 2ACC  
                          l4226 2A4C                            l4218 29F6                            l4250 27FE  
                          l4410 10AA                            l4402 106C                            l5042 4210  
                          l5116 43C8                            l5036 43F8                            l5028 43D2  
                          l4180 2E38                            l4340 1D62                            l4332 1D28  
                          l5140 26BA                            l5132 267A                            l5124 2640  
                          l4324 42CC                            l4092 2C7A                            l4084 2C48  
                          l4076 2C22                            l4148 2DE8                            l5060 36D6  
                          l5052 3692                            l5108 3932                            l4172 430C  
                          l4068 4240                            l4164 3A1A                            l4156 39D6  
                          l4236 2ADC                            l4228 2A80                            l4252 2804  
                          l4244 27CC                            l4420 110E                            l4412 10C6  
                          l4404 1090                            l5044 4216                            l4182 2E62  
                          l4190 3FE6                            l4350 1D9A                            l4334 1D3C  
                          l5150 2704                            l5142 26C0                            l5134 269E  
                          l5126 264E                            l4094 2C90                            l4086 2C56  
                          l4078 2C26                            l5070 371E                            l5062 36F2  
                          l5054 36A4                            l4174 431C                            l4166 3A2C  
                          l4158 39E6                            l4238 2AE2                            l4270 2908  
                          l4262 2898                            l4254 2840                            l4246 27E8  
                          l4422 112A                            l4414 10D6                            l4406 109A  
                          l5046 422E                            l5038 41F8                            l4600 3C44  
                          l4184 2EC4                            l4176 2E1A                            l4192 3FF2  
                          l4360 1DD6                            l4352 1DA0                            l4344 1D68  
                          l5160 2784                            l5144 26DC                            l5136 26A0  
                          l5128 2650                            l4328 42EA                            l4096 2C98  
                          l4088 2C66                            l5072 3720                            l5064 36F4  
                          l5056 36A6                            l4168 3A32                            l4280 2952  
                          l4264 28AA                            l4272 290E                            l4256 2850  
                          l4248 27F4                            l4440 11EE                            l4432 115E  
                          l4424 1138                            l4416 10E0                            l4408 10A6  
                          l5240 2450                            l5232 2438                            l4602 3C58  
                          l4194 3FF6                            l4370 1EBC                            l4362 1E06  
                          l4354 1DB0                            l4346 1D94                            l4338 1D42  
                          l5162 279C                            l5138 26B8                            l5154 2710  
                          l4098 2CA4                            l5074 3738                            l5066 370E  
                          l5090 38B0                            l5082 3894                            l4290 357C  
                          l4282 351A                            l4266 28B0                            l4258 286E  
                          l4434 117C                            l4426 114A                            l4418 1104  
                          l5250 2462                            l5242 2454                            l5234 243C  
                          l4612 3C82                            l4196 4002                            l4188 3FD2  
                          l4372 1EC4                            l4364 1E18                            l4356 1DC8  
                          l5164 279E                            l5156 2758                            l5148 26F0  
                          l5172 27C0                            l4700 13F4                            l5076 373A  
                          l5068 3710                            l5092 38BC                            l5084 38A6  
                          l4292 359A                            l4284 3522                            l4276 293A  
                          l4268 28D2                            l4460 12C0                            l4452 1266  
                          l4436 1198                            l4444 1222                            l4428 1150  
                          l4380 37EE                            l4620 35DA                            l5260 247A  
                          l5252 2464                            l5244 245A                            l5236 2440  
                          l4614 3C96                            l4606 3C5E                            l4198 4006  
                          l4366 1E2E                            l4374 1ECC                            l4358 1DD0  
                          l5166 27AE                            l5158 276E                            l4710 1448  
                          l4702 13FA                            l5078 373E                            l5094 38CE  
                          l5086 38AA                            l4286 3546                            l4294 35A4  
                          l4278 294C                            l4470 1338                            l4462 12EC  
                          l4454 128A                            l4446 1238                            l4438 11B8  
                          l4390 3838                            l4382 3800                            l4630 3636  
                          l4622 35E2                            l5270 24DC                            l5262 247E  
                          l5254 2466                            l5246 245C                            l5238 2442  
                          ?_pad 016D                            l4608 3C6E                            l4376 1F82  
                          l4368 1EB4                            l5168 27B4                            l4712 1460  
                          l4720 1518                            l4704 142A                            l5096 38DE  
                          l5088 38AE                            l4288 3550                            l4464 1318  
                          l4456 1294                            l4448 1244                            l4392 3842  
                          l4384 3816                            l4640 3684                            l4632 3674  
                          l4624 35E4                            l5280 2600                            l5272 2518  
                          l5264 24A4                            l5256 2468                            l5248 2460  
                          l4650 3450                            l4730 169E                            l4722 15E0  
                          l4714 14F8                            l4706 1430                            l5098 38EE  
                          l4474 1370                            l4458 129C                            l4394 3860  
                          l4386 381E                            l4642 3686                            l4634 3678  
                          l4626 3602                            l4618 35D6                            l5274 252C  
                          l5266 24B8                            l5258 2476                            l4580 4376  
                          l3860 4432                            l4740 30FA                            l4660 34D0  
                          l4652 346C                            l4732 16C8                            l4724 15F4  
                          l4716 1508                            l4708 1440                            l4468 1328  
                          l4396 3870                            l4388 382A                            l4644 3688  
                          l4636 367C                            l4628 3610                            l5276 2562  
                          l5268 24CE                            l3854 4428                            l4590 4024  
                          l4750 314C                            l4742 3100                            l4670 350E  
                          l4662 3502                            l4654 346C                            l4726 161E  
                          l4718 1510                            l4478 137E                            l4398 3872  
                          l4646 368A                            l4638 3680                            l5278 25EC  
                          l4584 438A                            l3856 442E                            l4592 4038  
                          l4744 3110                            l4736 30DC                            l4680 4286  
                          l4672 3510                            l4664 3506                            l4656 34B4  
                          l4728 1672                            l4648 368C                            l4594 3C1C  
                          l4586 43A2                            l3858 4430                            l4754 3160  
                          l4746 3128                            l4682 42AC                            l4674 3512  
                          l4666 350A                            l4658 34C0                            l4690 13AA  
                          l4770 3F06                            l4762 3ECA                            l4930 417A  
                          l4596 3C2E                            l4756 3172                            l4748 3130  
                          l4684 42BA                            l4676 3514                            l4668 350C  
                          l4940 3E4E                            l4764 3ED6                            l4772 4118  
                          l4932 41A4                            l4758 319C                            l4686 42C2  
                          l4678 3516                            l4942 3E60                            l4694 13C8  
                          l4774 4120                            l4934 41A8                            l4926 4164  
                          l4950 3A74                            _ADIE 7CEE                            l4944 3E64  
                          l4936 3E00                            l4768 3F02                            l4776 413E  
                          l4928 4168                            l4960 3A82                            l4952 3A76  
                          _ADIF 7CF6                            l4946 43FC                            l4938 3E3C  
                          l4698 13EC                            l4778 415A                            l4970 3AC2  
                          l4962 3A84                            l4954 3A7A                            l4948 4402  
                          l4980 3B06                            l4972 3AD2                            l4964 3A90  
                          l4956 3A7E                            l4990 3B20                            l4982 3B08  
                          l4974 3AE2                            l4966 3AA2                            l4958 3A80  
                          l4992 3B26                            l4984 3B0C                            l4976 3AF2  
                          l4968 3AB2                            l4994 3B28                            l4986 3B14  
                          l4978 3B02                            l4996 3B2C                            l4988 3B1C  
                          l4998 3B3A                            STR_1 102E                            STR_2 1054  
                          STR_3 1001                            STR_4 1064                            u4000 1318  
                          u4001 1314                            u4010 1338                            u4011 1334  
                          u3310 3398                            u3311 3394                            u4120 4386  
                          u3400 2CDA                            u4200 13C4                            u3320 33AA  
                          u4121 4382                            u3401 2CD6                            u4201 13C0  
                          u3321 33A6                            u4130 4074                            u3410 2D0C  
                          u4210 13E8                            u3330 33D2                            u4131 4070  
                          u3411 2D08                            u4211 13E4                            u3331 33CE  
                          u4140 3C2E                            u3420 2D40                            u4220 1460  
                          u4300 3EF2                            u3340 3408                            u3500 3A50  
                          u4141 3C2A                            u3421 2D3C                            u4221 145C  
                          u4301 3EEE                            u3341 3404                            u3501 3A4C  
                          u4150 3C40                            u3430 2D62                            u4230 161E  
                          u4310 3F1C                            u3350 4284                            u3510 3A5E  
                          u4151 3C3C                            u3431 2D5E                            u4231 161A  
                          u4311 3F18                            u3351 4280                            u3511 3A5A  
                          u4160 3C6E                            u3360 2C34                            u3440 2D88  
                          u4240 1672                            u3520 431C                            u3600 29D6  
                          u4320 415A                            u4161 3C6A                            u3361 2C30  
                          u3441 2D84                            u4241 166E                            u3521 4318  
                          u3601 29D2                            u4321 4156                            u4170 3C7E  
                          u3530 2E34                            u3370 2C56                            u3450 2DAA  
                          u4250 16C8                            u3610 2A9C                            u4171 3C7A  
                          u3531 2E30                            u3371 2C52                            u3451 2DA6  
                          u4251 16C4                            u3611 2A98                            u3540 2E62  
                          u4260 30F6                            u3380 2C90                            u3460 2DC8  
                          u3620 2AB2                            u3700 2894                            u4180 3636  
                          u3541 2E5E                            u4261 30F2                            u3381 2C8C  
                          u3461 2DC4                            u3621 2AAE                            u3701 2890  
                          u4181 3632                            u3550 4022                            u4270 3128  
                          u3390 2CB2                            u3470 2DF8                            u4190 34B4  
                          u3630 2ACC                            u3710 28CE                            u3551 401E  
                          u4271 3124                            u3391 2CAE                            u3471 2DF4  
                          u4191 34B0                            u3631 2AC8                            u3711 28CA  
                          u4280 315C                            u4600 269E                            u3480 39E6  
                          u3640 2ADC                            u3560 2984                            u3720 28F2  
                          u4281 3158                            u4601 269A                            u3481 39E2  
                          u3641 2AD8                            u3561 297E                            u4290 319C  
                          u4610 2758                            u3490 3A0A                            u3570 2986  
                          u3730 2928                            u3650 27E8                            u4530 41A0  
                          u4291 3198                            u4611 2754                            u3491 3A06  
                          u3731 2924                            u3651 27E4                            u4531 419C  
                          u3820 3D04                            u4620 276E                            u4540 36D2  
                          u3580 2996                            u3740 2936                            u3660 2830  
                          u3900 3838                            u3821 3D00                            u4621 276A  
                          u4541 36CE                            u3581 2992                            u3741 2932  
                          u3901 3834                            u3830 42E6                            u4550 371E  
                          u3590 29C0                            u3750 2970                            u3670 2840  
                          u3910 3860                            u3831 42E2                            u4551 371A  
                          u3591 29BC                            u3751 296C                            u3727 28E8  
                          u3671 283C                            u3911 385C                            u3840 1D3C  
                          u4560 38A4                            u3760 3546                            u3680 2850  
                          u3920 1090                            u3841 1D38                            u4561 38A0  
                          u3761 3542                            u3681 284C                            u3921 108C  
                          u3850 1D62                            u4570 2636                            u3770 35CC  
                          u3690 286E                            u3930 10D6                            u3851 1D5E  
                          u4571 2632                            u3771 35C8                            u3691 286A  
                          u3667 2826                            u3931 10D2                            u3860 1D94  
                          u4580 2662                            u3940 1104                            u3861 1D90  
                          u4581 265E                            u3941 1100                            u3870 1DC8  
                          u4590 267A                            u3950 1198                            u4750 2562  
                          u3871 1DC4                            u4591 2676                            u3951 1194  
                          u4751 255E                            u3880 1E2E                            u3960 11B4  
                          i2l41 3C1A                            u3881 1E2A                            u3961 11B0  
                          u3970 128A                            u3890 3816                            u3971 1286  
                          u3891 3812                            u3980 12C0                            u3981 12BC  
                          u3990 12EC                            u3991 12E8         ?_HighInterrupts_handler 0002  
           RingBuf_DataPut@data 016A             RingBuf_DataWatch@rb 016E       __end_of_RingBuf_Available 2F06  
       i1RingBuf_DataWatch@data 006D                            abs@a 0167         i1RingBuf_DataPut@s_addr 0086  
                          _dbuf 013B                            _main 2438                            _dtoa 2972  
                          _prec 0136                            pad@i 0174                            pad@p 0171  
                          fsr1h 0FE2                            fsr2h 0FDA                            indf1 0FE7  
                          indf2 0FDF                            fsr1l 0FE1                            fsr2l 0FD9  
                          _stoa 27CC                            btemp 0001            RingBuf_DataRead@data 0185  
                          prodh 0FF4                            prodl 0FF3                            start 00D0  
              __end_of_ADC_init 3B94                    ___param_bank 0000                     ?_UART1_Init 0002  
                         EECON2 0FA7                           ??_abs 0169                           ??_pad 0173  
                  _BAUDCON1bits 0F7E               dbio_putstring@str 0191                           RTCCFG 0F3F  
   __end_ofi2_RingBuf_DataWatch 2438               ADC_getChan@retval 0160                 __end_of___aldiv 2D2E  
               __end_of___almod 2E1A                           ?_main 0002                           ?_dtoa 0176  
                         ?_stoa 0166                 __end_of___lldiv 3894                           _RC1IE 7CED  
                         _RC1IF 7CF5                           i1l200 196E                           i1l213 21E0  
                         i1l206 32A4                           i1l139 00A0                           i1l191 2FF0  
                         i2l200 1C92                           i1l272 3FD0                           i1l265 3DFC  
                    i1memcpy@d1 0060                           i2l131 2BFE                           i1l267 3DFE  
                         i2l213 2436                           i1l197 1A02                           i2l206 3382  
                         i2l161 3D3A                           i1l385 37EC                           i2l162 3D7E  
                         i2l163 3D8E                           i2l191 30DA                           i2l272 41F6  
                         i2l265 3EC6                           i2l267 3EC8                           i2l197 1D26  
                         i2l385 39D4                           i2l389 4374                      i1memcpy@s1 0062  
                         _RCREG 0FAF                    vfpfcnvrt@fmt 0187                           _TMR0H 0FD7  
                         _TX1IE 7CEC                           _TX1IF 7CF4                           _TMR0L 0FD6  
                         _RTCEN 79FF                           _RTCOE 79FA                           _TXREG 0FAE  
          RingBuf_DataWatch@len 016C          __end_of_dbio_getstring 27CC                           _RXbuf 0300  
      i1RingBuf_DataPut@avaldat 0088            RingBuf_DataPut@input 0181                           _TXbuf 0400  
          RingBuf_DataPut@space 0185                      i2memcpy@d1 0002                      i2memcpy@s1 0004  
      i1RingBuf_DataPut@len_tmp 0082        i1RingBuf_DataWatch@space 0084                           _flags 0138  
   __end_ofi2_RingBuf_Available 30DC  __end_of_HighInterrupts_handler 2C22             read_prec_or_width@c 0163  
           read_prec_or_width@n 0164                           _fputc 3384                           _fputs 4240  
                         btemp0 0001                           pad@fp 016D                           btemp1 0002  
                         _width 0134                           _putch 4436                           dtoa@d 0178  
                         dtoa@i 0183                  _dbio_putstring 3690                           dtoa@p 0180  
                         dtoa@s 0182                           dtoa@w 017E              _Interrupts_handler 0018  
                sys_init@cycles 0177                           pclath 0FFA                __end_of_RTC_init 441A  
                         pclatu 0FFB                           tablat 0FF5                           stoa@l 0172  
                         stoa@p 016C                           stoa@s 0168                           stoa@w 016E  
                         status 0FD8                 __end_of_sprintf 4240                __end_ofi2_get_ms 3D90  
              __end_ofi1_memcpy 40C8                __end_ofi2_memcpy 4118                      _RXbyte_cbk 3F7C  
   i2RingBuf_DataWatch@aval_len 0028             ?_Interrupts_handler 0002                 __initialization 3F26  
     i2RingBuf_DataWatch@s_addr 0022                    __end_of_main 261E                    __end_of_dtoa 2B14  
                  __end_of_stoa 2972                      _TXbyte_cbk 3D90     i2RingBuf_DataWatch@loc_tail 0024  
                        ??_main 01B2                          ??_dtoa 017C     __end_of_sys_regiter_ms_clbk 43A6  
  sys_mstimer_init@T0_prescaler 016D                          ??_stoa 016A                   __activetblptr 0002  
            dbio_putstring@Nmax 0193            ??_Interrupts_handler 0097              dbio_putstring@byte 0199  
    __end_of_read_prec_or_width 35D6                 ?_dbio_getstring 0191          __end_of_dbio_putstring 3742  
                        ?_fputc 015D                          ?_fputs 0166                          _ADRESH 0FC4  
                        _ADRESL 0FC3                RingBuf_Init@size 0162                          _ANCON0 0F48  
                        _ANCON1 0F49                          ?_putch 0002                          i1l1191 40C6  
                        i1l4300 2F24                          i1l4302 2F4E                          i1l4304 2FB0  
                        i1l5200 3FB6                          i1l5202 3FBA                          i1l4510 202C  
                        i1l4502 1FF8                          i1l5310 0046                          i1l4520 2110  
                        i1l4512 2032                          i1l4504 1FFE                          i1l5312 0052  
                        i1l4522 2118                          i1l4514 2062                          i1l4506 200C  
                        i1l5314 0076                          i1l4524 2120                          i1l4516 2074  
                        i1l4508 2024                          i1l5180 3DB6                          i1l3900 37A8  
                        i1l5316 007C                          i1l4518 208A                          i1l4526 2128  
                        i1l5182 3DBE                          i1l5190 3F86                          i1l3902 37C4  
                        i2l1191 4116                          i1l4296 2F06                          i1l2960 408A  
                        i1l4800 176C                          i1l4528 21DE                          i1l5184 3DCC  
                        i1l5176 3D9A                          i1l5192 3F94                          i1l3904 37C6  
                        i1l2962 4096                          i1l4810 183C                          i1l4802 1774  
                        i1l4490 1FA0                          i1l5186 3DE0                          i1l5178 3DA8  
                        i1l5194 3FA2                          i1l3906 37D0                          i1l2964 409A  
                        i1l4820 199E                          i1l4804 178C                          i1l4812 1844  
                        i1l4492 1FC0                          i1l4484 1F86                          i1l5188 3DF4  
                        i1l5196 3FB0                          i1l3908 37EA                          i1l2966 40A6  
                        i1l2958 4076                          i1l4822 19CA                          i1l4814 190C  
                        i1l4806 1824                          i1l4486 1F9A                          i1l5198 3FB4  
                        i1l2968 40AA                          i1l4824 19F4                          i1l4816 1920  
                        i1l4808 1834                          i1l4496 1FC6                          i1l4818 194A  
                        i1l4498 1FF2                          i1l3890 374C                          i1l3892 375A  
                        i1l4790 171A                          i1l4782 16D8                          i1l3894 3768  
                        i2l3600 3C04                          i2l4312 300E                          i1l4792 1722  
                        i1l4880 31E6                          i1l3896 376A                          i2l3602 3C06  
                        i2l4314 3038                          i2l5210 3E8A                          i1l4794 1728  
                        i1l4786 16F6                          i1l4882 31F4                          i1l4874 31C2  
                        i1l3898 37A4                          i2l4316 309A                          i2l4308 2FF2  
                        i2l5212 3E98                          i2l5204 3E68                          i2l5220 41BC  
                        i2l5300 2B96                          i1l4796 1758                          i1l4892 3244  
                        i1l4884 320C                          i2l3446 3D16                          i2l5214 3EAA  
                        i2l5206 3E76                          i2l5230 41E2                          i2l5222 41CA  
                        i2l5302 2BA8                          i1l4798 175E                          i1l4894 3256  
                        i1l4886 3214                          i1l4878 31E0                          i2l3448 3D5A  
                        i2l5216 3EBE                          i2l5208 3E84                          i2l5224 41D8  
                        i2l5304 2BB2                          i1l4896 3280                          i1l4888 3230  
                        i2l5226 41DC                          i2l5218 41AE                          i2l5306 2BD6  
                        i2l4540 221A                          i2l4532 21E2                          i2l5228 41DE  
                        i2l5308 2BDA                          i2l3910 4342                          i2l4550 2252  
                        i2l4534 21F4                          i2l3912 4354                          i2l4560 228A  
                        i2l4552 2258                          i2l4544 2220                          i2l3594 3B94  
                        i2l3914 436E                          i2l2970 40C8                          i2l4570 236E  
                        i2l4562 22BA                          i2l4554 2266                          i2l4546 224C  
                        i2l4538 21FA                          i2l5290 2B50                          i2l3596 3BCA  
                        i2l3916 4370                          i2l2972 40DC                          i2l2980 40FC  
                        i2l4572 2376                          i2l4564 22CC                          i2l4556 227C  
                        i2l4900 32A6                          i2l5292 2B5A                          i2l3598 3BCC  
                        i2l3918 4372                          i2l2974 40E8                          i2l4566 22E2  
                        i2l4574 237E                          i2l4558 2284                          i2l4910 32EC  
                        i2l3950 3944                          i2l5294 2B66                          i2l5286 2B34  
                        i2l2976 40EC                          i2l4840 1A52                          i2l4832 1A20  
                        i2l4576 2434                          i2l4568 2368                          i2l4920 3334  
                        i2l4912 32F4                          i2l4904 32C2                          i2l3960 39AC  
                        i2l3952 3952                          i2l5296 2B6C                          i2l5288 2B42  
                        i2l2978 40F8                          i2l4850 1AB4                          i2l4842 1A82  
                        i2l4922 335E                          i2l4914 330E                          i2l4906 32C8  
                        i2l3962 39AE                          i2l3954 3954                          i2l5298 2B94  
                        i2l4860 1C32                          i2l4852 1B4C                          i2l4844 1A88  
                        i2l4836 1A44                          i2l4828 1A04                          i2l4908 32D6  
                        i2l3964 39B8                          i2l3956 398C                          i2l3948 3936  
                        i2l4870 1D18                          i2l4862 1C44                          i2l4854 1B5A  
                        i2l4846 1A96                          i2l4838 1A4C                          i2l4918 3322  
                        i2l3966 39D2                          i2l3958 3990                          i2l4864 1C6E  
                        i2l4856 1B62                          i2l4848 1A9E                          i2l4866 1CC2  
                        i2l4858 1B6A                          i2l4868 1CEE                     read_RTCC@me 015D  
                 vfpfcnvrt@done 0191                     i1memcpy@tmp 006A                          _TMR0IE 7F95  
                        _SPBRG1 0FB0                          _TMR0IF 7F92    __end_of_sys_regiter_IRQ_clbk 3C9A  
         RingBuf_DataWatch@data 016A                __end_of_delay_ms 4076           RingBuf_DataPut@s_addr 0183  
                  _ADC_cplt_cbk 3742         sys_regiter_ms_clbk@clbk 015D                  get_ms@retval_1 0161  
                get_ms@retval_2 0165                    ??_ADC_ms_cbk 0002                     i2memcpy@tmp 000C  
                  vfprintf@cfmt 0199                       ??___aldiv 0165                       ??___almod 0165  
                     ??___lldiv 0165                          _blinky 3B94                          _get_ms 3C9A  
           RingBuf_Available@rb 015F                          _memcpy 3FD2            read_prec_or_width@ap 015F  
                        clear_0 3F2C                          clear_1 3F38                          clear_2 3F44  
                        clear_3 3F50                          clear_4 3F5C                          clear_5 3F68  
                        isa$std 0001                          pad@buf 016F                          dtoa@fp 0176  
                        fputc@c 015D                          fputs@c 016A                          fputs@i 016B  
                        fputs@s 0166                    _ADC_start_IT 43D2                    __mediumconst 1000  
                        tblptrh 0FF7                          tblptrl 0FF6                          tblptru 0FF8  
                     ?_ADC_init 0002                 ?_dbio_putstring 0191                          stoa@cp 0170  
                        stoa@fp 0166                          putch@c 0002                __end_of_vfprintf 4164  
                     ??_sprintf 01A5              __end_of_ADC_ms_cbk 4376            i1RingBuf_DataRead@rb 008C  
          i1RingBuf_DataRead@st 0091                __end_of_sys_init 41AE                      __accesstop 0060  
                 ?_RingBuf_Init 0160         __end_of__initialization 3F6E            i1RingBuf_DataPut@len 006F  
                   ?_RXbyte_cbk 0002                   ___rparam_used 0001               RingBuf_DataPut@rb 016E  
                __pcstackCOMRAM 0002                     ?_TXbyte_cbk 0002               TXbyte_cbk@buf_len 0095  
                 __end_of_fputc 3450                   __end_of_fputs 4286            _RXbyte_cbk$intlevel1 3F86  
       sys_regiter_IRQ_clbk@cbk 015D                    _dbio_strnlen 3ECA                 ADC_init@chanmax 0160  
                 __end_of_putch 4438           dbio_putstring@buf_len 015B                       ?_RTC_init 0002  
                  ?_unlock_RTCC 0002                  RingBuf_Init@rb 0166                       ?i2_get_ms 0002  
                     ?i1_memcpy 0060                       ?i2_memcpy 0002                      ??_ADC_init 0160  
         dbio_putstring@str_len 0197                         ??_fputc 0161                         ??_fputs 016A  
                       ??_putch 015D                      __pbssBANK0 00A7                      __pbssBANK1 0100  
                    __pbssBANK2 02C8                      __pbssBANK3 0300                      __pbssBANK4 0400  
                ??_RingBuf_Init 0167                i2RXbyte_cbk@byte 002E               i1_RingBuf_DataPut 16D8  
           i1_RingBuf_DataWatch 1F86                    ??_UART1_Init 016B               sys_mstimer_init@i 0171  
            ?i1_RingBuf_DataPut 006D                         ?_blinky 0002                         ?_get_ms 015D  
                       ?_memcpy 015D                      ??_RTC_init 0175          i1RingBuf_Available@len 0060  
           i1_RingBuf_Available 2F06            _sys_regiter_IRQ_clbk 3C1C             ??i1_RingBuf_DataPut 0072  
                    ??i2_get_ms 0006                      ??i1_memcpy 0066                      ??i2_memcpy 0008  
                     ?_delay_ms 0169            ?i1_RingBuf_DataWatch 006D                         _SPBRGH1 0F7F  
                       _RTCVALH 0F99                         _RTCVALL 0F98                         _RTCWREN 79FD  
                       _RTCSYNC 79FC      __end_ofi1_RingBuf_DataRead 32A6               __end_of_dbio_init 3E68  
                       _ChanNum 00CF             UART1_Init@SPBRG_VAL 016F          RingBuf_DataPut@avaldat 0187  
                 dbio_strnlen@N 015F                   dbio_strnlen@i 0161              __end_of_UART1_Init 351A  
       i2RingBuf_DataWatch@data 000F          RingBuf_DataPut@len_tmp 017F         i2RingBuf_DataPut@s_addr 0028  
        RingBuf_DataWatch@space 0181            ?i1_RingBuf_Available 0060                   ??_ADC_getChan 015F  
     __end_ofi1_RingBuf_DataPut 1A04                         __Hparam 0000                         __Lparam 0000  
                i2_ADC_cplt_cbk 3936                         ___aldiv 2C22                         ___almod 2D2E  
                       ___lldiv 37EE                       ?_vfprintf 0194                    __psmallconst 1000  
                 ??_ADC_stop_IT 015D                         __pcinit 3F26                ??_dbio_getstring 0197  
                       __ramtop 1000               i2_RingBuf_DataPut 1A04                         __ptext0 2438  
                       __ptext1 3A74                         __ptext2 4164                         __ptext3 35D6  
                       __ptext4 37EE                         __ptext5 41F8                         __ptext6 4118  
                       __ptext7 106C                         __ptext8 27CC                         __ptext9 351A  
                     ?_sys_init 0002           ?_sys_regiter_IRQ_clbk 015D                       _T0CONbits 0FD5  
             __end_of_read_RTCC 3936                       _T1CONbits 0FCD            RingBuf_Available@len 015D  
            ?i2_RingBuf_DataPut 000F           read_prec_or_width@fmt 015D                         _ms_clbk 0120  
              ___aldiv@dividend 015D                      ??_delay_ms 016D           ??i1_RingBuf_DataWatch 0072  
                 _RingBuf_Clear 42CC      dbio_getstring@buf_len_prev 0055                         _sprintf 41F8  
           ??i2_RingBuf_DataPut 0014                  __pintcode_body 2B14            end_of_initialization 3F6E  
                       memcpy@d 0164                         memcpy@n 0161                         memcpy@s 0166  
                       fputc@fp 015F                   __Lmediumconst 0000           ??i1_RingBuf_Available 0063  
                       int_func 2B14                         fputs@fp 0168              _read_prec_or_width 351A  
                 ?i2_RXbyte_cbk 0002                 ___lldiv@divisor 0161          __end_ofi2_ADC_cplt_cbk 39D6  
               ___lldiv@counter 0169               __end_of_vfpfcnvrt 13AA                       _RCSTAbits 0FAC  
              ___aldiv@quotient 0167                         postdec1 0FE5                         postdec2 0FDD  
           ?_read_prec_or_width 015D                         postinc0 0FEE                         postinc1 0FE6  
                       postinc2 0FDE                      blinky@time 004F                vfpfcnvrt@convarg 018D  
                  write_RTCC@me 015D             __end_of_ADC_getChan 43D2                   ?i2_TXbyte_cbk 0002  
     __end_ofi2_RingBuf_DataPut 1D28                      ??_vfprintf 0199                       _IRQ_hpmax 0059  
                     _IRQ_lpmax 00D2                       _TMR0H_tmp 0139                       _TMR0L_tmp 013A  
          __end_of_RingBuf_Init 42CC                _RingBuf_DataRead 30DC                      ??_sys_init 0177  
              ??_dbio_putstring 0195                  RXbyte_cbk@byte 008C           i1RingBuf_DataRead@len 008A  
           __end_of_ADC_stop_IT 4436                       _TRISAbits 0F92               ??_RingBuf_DataPut 016F  
                     _TRISCbits 0F94                  ?_RingBuf_Clear 015D                       _TRISDbits 0F95  
          ??_read_prec_or_width 0161                _sys_mstimer_init 35D6           i1RingBuf_DataPut@data 006D  
         i1RingBuf_DataWatch@rb 0071              RingBuf_DataRead@rb 0189              RingBuf_DataRead@st 018E  
                     _ChanValue 0100                  ??i2_RXbyte_cbk 002E                    ??_RXbyte_cbk 008C  
            RingBuf_DataPut@len 016C                 dbio_strnlen@str 015D                 ?i2_ADC_cplt_cbk 0002  
                ??i2_TXbyte_cbk 0036                    ??_TXbyte_cbk 0094     HighInterrupts_handler@i_746 0044  
    __end_ofi2_RingBuf_DataRead 3384                      _write_RTCC 3A74                       i1memcpy@d 0066  
                     i1memcpy@n 0064                     vfpfcnvrt@ap 0189                       i1memcpy@s 0068  
                   vfpfcnvrt@cp 0193                     vfpfcnvrt@fp 0185          ??_sys_regiter_IRQ_clbk 0160  
                __end_of_blinky 3C1C                       i2memcpy@d 0008                       i2memcpy@n 0006  
                     i2memcpy@s 000A                  __end_of_get_ms 3D16                  __end_of_memcpy 4024  
      ??_HighInterrupts_handler 0039             start_initialization 3F26              __end_of_RXbyte_cbk 3FD2  
                   __end_of_abs 4342                 RingBuf_Clear@rb 015D                     __end_of_pad 3A74  
                     _RXringbuf 00DD                       _TXringbuf 00D3              __end_of_TXbyte_cbk 3E00  
               RingBuf_Init@buf 0160                     _ADC_getChan 43A6                     vfprintf@fmt 0196  
                      ??_blinky 000E                        ??_get_ms 0161            _TXbyte_cbk$intlevel1 3D9A  
                      ??_memcpy 0163                     _ADC_stop_IT 4428                 ??_RingBuf_Clear 015E  
           i1RingBuf_DataPut@rb 0071                     __pbssCOMRAM 0047                   __pcstackBANK0 0060  
                 __pcstackBANK1 015D                   __pcstackBANK2 0200          i2RingBuf_DataRead@data 002A  
                     _dbio_init 3E00       RingBuf_DataWatch@aval_len 0183      i2RingBuf_DataRead@aval_len 0034  
                     _dtoa$2306 017C              i1_RingBuf_DataRead 31C2                       __pintcode 0008  
           i2_RingBuf_DataWatch 21E2                        ?___aldiv 015D                        ?___almod 015D  
                      ?___lldiv 015D                     ?_write_RTCC 015D           i1RingBuf_Available@rb 0062  
     RingBuf_DataWatch@loc_tail 017F                     __pintcodelo 0018             ?i1_RingBuf_DataRead 0088  
              ___almod@dividend 015D             i2_RingBuf_Available 2FF2            __end_ofi2_RXbyte_cbk 41F8  
                   __smallconst 1000          i2RingBuf_DataWatch@len 0011       sys_regiter_IRQ_clbk@IPrio 015F  
     sys_mstimer_init@ms_cycles 0173          i2RingBuf_DataPut@input 0026          i2RingBuf_DataPut@space 002C  
                      _ADC_init 3B0C            ?i2_RingBuf_DataWatch 000F                       _read_RTCC 3894  
                      ?_sprintf 019A            __end_ofi2_TXbyte_cbk 3ECA            ??i1_RingBuf_DataRead 008D  
               ___aldiv@divisor 0161        __end_of_RingBuf_DataRead 31C2                 ___aldiv@counter 0165  
                  _RingBuf_Init 4286                        _LATDbits 0F8C            ?i2_RingBuf_Available 0002  
                    ?_dbio_init 0002         HighInterrupts_handler@i 0046                        _IPR1bits 0F9F  
                      _PIE1bits 0F9D                   ?_ADC_cplt_cbk 0002                        i1u310_20 3768  
                      i1u310_21 3764                        i1u311_20 37C4                        i1u311_21 37C0  
                      i1u217_20 40C6                        i1u217_21 40C2                        i1u402_20 1F9A  
                      i1u402_21 1F96                        i1u403_20 1FC0                        i1u403_21 1FBC  
                      i1u404_20 1FF2                        i1u404_21 1FEE             Interrupts_handler@i 00A5  
                      i1u405_20 2024                        i1u309_20 375A                        i1u405_21 2020  
                      i1u309_21 3756                        i1u406_20 208A                        i1u406_21 2086  
                      i1u433_20 16F2                        i1u433_21 16EE                        i1u434_20 1716  
                      i1u434_21 1712                        i1u435_20 178C                        i1u435_21 1788  
                      i1u436_20 194A                        i1u436_21 1946                        i1u437_20 199E  
                      i1u445_20 31DC                        i1u437_21 199A                        i1u445_21 31D8  
                      i1u438_20 19F4                        i1u446_20 320C                        i1u438_21 19F0  
                      i1u446_21 3208                        i1u447_20 3240                        i1u463_20 3DA8  
                      i1u447_21 323C                        i1u463_21 3DA4                        i1u448_20 3280  
                      i1u464_20 3DB6                        i1u448_21 327C                        i1u464_21 3DB2  
                      i2u312_40 4354                        i2u320_40 3952                        i2u312_41 4350  
                      i2u320_41 394E                        i1u465_20 3DE0                        i1u465_21 3DDC  
                      i2u321_40 39AC                        i2u321_41 39A8                        i1u378_20 2F20  
                      i1u466_20 3F94                        i1u378_21 2F1C                        i1u466_21 3F90  
                      i2u218_40 4116                        i2u410_40 227C                        i2u218_41 4112  
                      i2u410_41 2278                        i1u379_20 2F4E                        i1u467_20 3FA2  
                      i1u483_20 00A0                        i1u482_28 0064                        i1u379_21 2F4A  
                      i1u467_21 3F9E                        i1u483_21 009C                        i1u482_29 0076  
                      i2u411_40 22E2                        i2u411_41 22DE                        i1u468_20 3FB0  
                      i1u468_21 3FAC                        i2u270_40 3D7E                        i2u270_41 3D7A  
                      i2u407_40 21F4                        i2u319_40 3944                        i2u407_41 21F0  
                      i2u319_41 3940                        i2u440_40 1A40                        i2u408_40 221A  
                      i2u440_41 1A3C                        i2u408_41 2216                        i2u441_40 1AB4  
                      i2u409_40 224C                        i2u441_41 1AB0                        i2u409_41 2248  
                      i2u442_40 1C6E                        i2u450_40 32EC                        i2u442_41 1C6A  
                      i2u450_41 32E8                        i2u291_40 3BCA                        i2u443_40 1CC2  
                      i2u451_40 331E                        i2u291_41 3BC6                        i2u443_41 1CBE  
                      i2u451_41 331A                        i2u292_40 3C04                        i2u380_40 300A  
                      i2u444_40 1D18                        i2u452_40 335E                        i2u292_41 3C00  
                      i2u380_41 3006                        i2u444_41 1D14                        i2u452_41 335A  
                      i2u381_40 3038                        i2u381_41 3034                        i2u470_40 3E84  
                      i2u470_41 3E80                        i2u439_40 1A1C                        i2u471_40 3EAA  
                      i2u439_41 1A18                        i2u471_41 3EA6                        i2u472_40 41BC  
                      i2u472_41 41B8                        i2u449_40 32BE                        i2u473_40 41CA  
                      i2u481_40 2BFE                        i2u480_48 2BC4                        i2u449_41 32BA  
                      i2u473_41 41C6                        i2u481_41 2BFA                        i2u480_49 2BD6  
                      i2u474_40 41D8                        i2u474_41 41D4                        i2u476_40 2B42  
                      i2u476_41 2B3E                        i2u469_40 3E76                        i2u477_40 2B50  
                      i2u469_41 3E72                        i2u477_41 2B4C                        i2u479_40 2BA8  
                      i2u478_48 2B82                        i2u479_41 2BA4                        i2u478_49 2B94  
                      _RCONbits 0FD0             _sys_regiter_ms_clbk 4376        __end_of_sys_mstimer_init 3690  
               _RingBuf_DataPut 13AA                       _timestamp 004B                       _vfpfcnvrt 106C  
   __end_ofi1_RingBuf_DataWatch 21E2                      _ADCON0bits 0FC2                      _ADCON1bits 0FC1  
                      _RTC_init 43FC            RingBuf_Init@cellsize 0164                        _ChanIndx 0053  
                 ?_ADC_start_IT 0002     i1RingBuf_DataWatch@aval_len 0086                        i2_get_ms 3D16  
                      i1_memcpy 4076                        _DateTime 02C8                        i2_memcpy 40C8  
         ??i2_RingBuf_DataWatch 0014                       main@strrx 0200                       main@strtx 0264  
      i2RingBuf_DataPut@avaldat 002A                      ?_read_RTCC 015D            ?_sys_regiter_ms_clbk 015D  
       RingBuf_DataWatch@s_addr 017D     __end_ofi1_RingBuf_Available 2FF2                      vfpfcnvrt@c 0192  
      i2RingBuf_DataPut@len_tmp 0024     i1RingBuf_DataWatch@loc_tail 0082        i2RingBuf_DataWatch@space 0026  
              ??i2_ADC_cplt_cbk 0002           ??i2_RingBuf_Available 0005                  ??_ADC_cplt_cbk 0060  
        _HighInterrupts_handler 0008                      _ANCON0bits 0F48       i1RingBuf_DataWatch@s_addr 0080  
                      __Hrparam 0000               delay_ms@temp_time 0171                       memcpy@tmp 0163  
                    vfprintf@ap 0197                        __Lrparam 0000                      vfprintf@fp 0194  
                    _ADC_ms_cbk 4342                   ?_dbio_strnlen 015D                      ?_vfpfcnvrt 0185  
    __end_of_Interrupts_handler 00D0                  ??_ADC_start_IT 015D                   ??_unlock_RTCC 015D  
                    sprintf@fmt 019C           i2RingBuf_DataRead@len 002C                        _delay_ms 4024  
            i2_RingBuf_DataRead 32A6           ??_sys_regiter_ms_clbk 015F                        __ptext10 2972  
                      __ptext11 39D6                        __ptext20 13AA                        __ptext12 4240  
                      __ptext21 3E00                        __ptext13 3384                        __ptext30 3FD2  
                      __ptext22 3450                        __ptext14 4436                        __ptext31 2E1A  
                      __ptext23 2D2E                        __ptext15 430C                        __ptext40 43A6  
                      __ptext32 43FC                        __ptext24 2C22                        __ptext16 3894  
                      __ptext33 4024                        __ptext25 4286                        __ptext17 441A  
                      __ptext42 3742                        __ptext34 3C9A                        __ptext26 42CC  
                      __ptext18 3690                        __ptext51 3936                        __ptext43 3F7C  
                      __ptext35 4428                        __ptext27 261E                        __ptext19 3ECA  
                      __ptext60 3B94                        __ptext52 41AE                        __ptext44 3D90  
                      __ptext36 43D2                        __ptext28 30DC                        __ptext61 3D16  
                      __ptext53 3E68                        __ptext45 31C2                        __ptext37 3B0C  
                      __ptext29 1D28                        __ptext54 32A6                        __ptext46 1F86  
                      __ptext38 4376                        __ptext55 21E2                        __ptext47 16D8  
                      __ptext39 3C1C                        __ptext56 1A04                        __ptext48 4076  
                      __ptext57 40C8                        __ptext49 2F06                        __ptext58 2FF2  
                      __ptext59 4342                 ___almod@divisor 0161           i2RingBuf_DataPut@data 000F  
               ___almod@counter 0165           i2RingBuf_DataWatch@rb 0013             ?i2_RingBuf_DataRead 002A  
            dbio_getstring@Nmax 0193                     ??_dbio_init 0171                    ?_ADC_getChan 015D  
       __end_of_RingBuf_DataPut 16D8           dbio_getstring@buf_len 005A                     _ms_clbk_max 0058  
                      isa$xinst 0000                i2TXbyte_cbk@byte 0036                  ??_dbio_strnlen 0161  
                      int$flags 0001                        _vfprintf 4118           dbio_getstring@timeout 0195  
         dbio_getstring@timetmp 0047                    ?_ADC_stop_IT 0002            ??i2_RingBuf_DataRead 002F  
                   delay_ms@del 0169                        _sys_init 4164                     _OSCTUNEbits 0F9B  
                    _INTCONbits 0FF2                        memcpy@d1 015D                        memcpy@s1 015F  
                   ??_read_RTCC 015F                     _IRQ_clbk_hp 00A7                     _IRQ_clbk_lp 00BB  
           __end_of_unlock_RTCC 4428                        intlevel1 0000                        intlevel2 0000  
                     sprintf@ap 01A5            i2RingBuf_DataRead@rb 002E            i2RingBuf_DataRead@st 0033  
              ___lldiv@dividend 015D            i2RingBuf_DataPut@len 0011                      _RCSTA1bits 0FAC  
                  i2_RXbyte_cbk 41AE               dbio_getstring@str 0191        RingBuf_DataRead@aval_len 018F  
                   ?_ADC_ms_cbk 0002                      _UART1_Init 3450                    ??_write_RTCC 015F  
                  i2_TXbyte_cbk 3E68                     ??_vfpfcnvrt 018B                      _RTCCFGbits 0F3F  
                      sprintf@f 01A7                        sprintf@s 019A            __end_of_ADC_cplt_cbk 37EE  
              ___lldiv@quotient 0165             i2RingBuf_DataPut@rb 0013           __end_of_RingBuf_Clear 430C  
                  ___aldiv@sign 0166               _RingBuf_DataWatch 1D28             i2TXbyte_cbk@buf_len 0037  
            ?_RingBuf_DataWatch 016A                    ___almod@sign 0166      i1RingBuf_DataRead@aval_len 0092  
            __end_of_write_RTCC 3B0C          i1RingBuf_DataRead@data 0088               ?_RingBuf_DataRead 0185  
             _RingBuf_Available 2E1A            __end_of_ADC_start_IT 43FC             ??_RingBuf_DataWatch 016F  
              ?_RingBuf_DataPut 016A              ??_RingBuf_DataRead 018A          _ADC_cplt_cbk$intlevel1 374C  
            ?_RingBuf_Available 015D  
